#VRML V2.0 utf8
# Drawing-based WH148; KiCad 0.1-inch units.
Shape { appearance Appearance { material Material { diffuseColor 0.64 0.67 0.7 specularColor .4 .4 .4 shininess .5 } } geometry IndexedFaceSet { solid FALSE coord Coordinate { point [ -3.070866 -7.244094 0.000000, -3.070866 -7.244094 5.192913, -3.070866 0.000000 0.000000, -3.070866 0.000000 5.192913, -3.070866 -7.244094 0.000000, 3.070866 -7.244094 0.000000, -3.070866 -7.244094 5.192913, 3.070866 -7.244094 5.192913, -3.070866 -7.244094 5.192913, -3.070866 0.000000 5.192913, 3.070866 -7.244094 5.192913, 3.070866 0.000000 5.192913, -3.070866 0.000000 0.000000, 3.070866 0.000000 0.000000, -3.070866 0.000000 5.192913, 3.070866 0.000000 5.192913, -2.480315 0.000000 4.724409, 2.480315 0.000000 4.724409, -2.480315 0.000000 1.259843, -1.240157 0.000000 1.259843, -1.240157 0.000000 0.551181, -0.767717 0.000000 0.551181, -0.767717 0.000000 0.236220, 0.767717 0.000000 0.236220, 0.767717 0.000000 0.551181, 1.240157 0.000000 0.551181, 1.240157 0.000000 1.259843, 2.480315 0.000000 1.259843, -3.070866 -7.244094 0.000000, -3.070866 0.000000 0.000000, 3.070866 -7.244094 0.000000, 3.070866 0.000000 0.000000, 3.070866 -7.244094 0.000000, 3.070866 -7.244094 5.192913, 3.070866 0.000000 0.000000, 3.070866 0.000000 5.192913, -2.480315 -0.108268 4.724409, -2.480315 0.000000 4.724409, 2.480315 -0.108268 4.724409, 2.480315 0.000000 4.724409, 2.480315 -0.108268 4.724409, 2.480315 0.000000 4.724409, 2.480315 -0.108268 1.259843, 2.480315 0.000000 1.259843, 1.240157 0.000000 1.259843, 2.480315 0.000000 1.259843, 1.240157 -0.108268 1.259843, 2.480315 -0.108268 1.259843, 1.240157 -0.108268 1.259843, 1.240157 -0.108268 0.551181, 1.240157 0.000000 0.551181, 1.240157 0.000000 1.259843, 0.767717 0.000000 0.551181, 1.240157 0.000000 0.551181, 0.767717 -0.108268 0.551181, 1.240157 -0.108268 0.551181, 0.767717 -0.108268 0.551181, 0.767717 -0.108268 0.236220, 0.767717 0.000000 0.236220, 0.767717 0.000000 0.551181, -0.767717 -0.108268 0.236220, -0.767717 0.000000 0.236220, 0.767717 -0.108268 0.236220, 0.767717 0.000000 0.236220, -0.767717 -0.108268 0.551181, -0.767717 -0.108268 0.236220, -0.767717 0.000000 0.236220, -0.767717 0.000000 0.551181, -1.240157 0.000000 0.551181, -0.767717 0.000000 0.551181, -1.240157 -0.108268 0.551181, -0.767717 -0.108268 0.551181, -1.240157 -0.108268 1.259843, -1.240157 -0.108268 0.551181, -1.240157 0.000000 0.551181, -1.240157 0.000000 1.259843, -2.480315 0.000000 1.259843, -1.240157 0.000000 1.259843, -2.480315 -0.108268 1.259843, -1.240157 -0.108268 1.259843, -2.480315 -0.108268 4.724409, -2.480315 0.000000 4.724409, -2.480315 -0.108268 1.259843, -2.480315 0.000000 1.259843, -2.962598 -0.108268 0.108268, 2.962598 -0.108268 0.108268, -2.962598 -0.108268 5.084646, 2.962598 -0.108268 5.084646, -2.480315 -0.108268 4.724409, 2.480315 -0.108268 4.724409, -2.480315 -0.108268 1.259843, -1.240157 -0.108268 1.259843, -1.240157 -0.108268 0.551181, -0.767717 -0.108268 0.551181, -0.767717 -0.108268 0.236220, 0.767717 -0.108268 0.236220, 0.767717 -0.108268 0.551181, 1.240157 -0.108268 0.551181, 1.240157 -0.108268 1.259843, 2.480315 -0.108268 1.259843, -2.962598 -7.135827 0.108268, -2.962598 -0.108268 0.108268, 2.962598 -7.135827 0.108268, 2.962598 -0.108268 0.108268, 2.962598 -7.135827 0.108268, 2.962598 -7.135827 5.084646, 2.962598 -0.108268 0.108268, 2.962598 -0.108268 5.084646, -2.962598 -7.135827 0.108268, -2.962598 -7.135827 5.084646, -2.962598 -0.108268 0.108268, -2.962598 -0.108268 5.084646, -2.962598 -7.135827 5.084646, -2.962598 -0.108268 5.084646, 2.962598 -7.135827 5.084646, 2.962598 -0.108268 5.084646, -2.962598 -7.135827 0.108268, 2.962598 -7.135827 0.108268, -2.962598 -7.135827 5.084646, 2.962598 -7.135827 5.084646 ] } coordIndex [ 0 3 2 -1, 1 3 0 -1, 7 4 5 -1, 7 6 4 -1, 9 8 10 -1, 11 9 10 -1, 20 12 18 -1, 22 12 20 -1, 21 22 20 -1, 19 20 18 -1, 25 23 24 -1, 14 18 12 -1, 16 18 14 -1, 13 23 25 -1, 27 25 26 -1, 27 13 25 -1, 15 17 16 -1, 15 27 17 -1, 15 16 14 -1, 13 12 22 -1, 13 22 23 -1, 15 13 27 -1, 29 30 28 -1, 31 30 29 -1, 32 34 35 -1, 33 32 35 -1, 39 36 37 -1, 39 38 36 -1, 41 43 42 -1, 40 41 42 -1, 45 44 46 -1, 45 46 47 -1, 48 50 49 -1, 48 51 50 -1, 53 52 54 -1, 53 54 55 -1, 56 58 57 -1, 56 59 58 -1, 63 61 60 -1, 63 60 62 -1, 64 65 66 -1, 64 66 67 -1, 69 68 70 -1, 69 70 71 -1, 72 73 74 -1, 72 74 75 -1, 77 76 78 -1, 77 78 79 -1, 81 82 83 -1, 80 82 81 -1, 92 90 84 -1, 94 92 84 -1, 93 92 94 -1, 91 90 92 -1, 97 96 95 -1, 86 84 90 -1, 88 86 90 -1, 85 97 95 -1, 99 98 97 -1, 99 97 85 -1, 87 88 89 -1, 87 89 99 -1, 87 86 88 -1, 85 94 84 -1, 85 95 94 -1, 87 99 85 -1, 103 101 100 -1, 103 100 102 -1, 104 107 106 -1, 105 107 104 -1, 108 110 111 -1, 109 108 111 -1, 115 112 113 -1, 115 114 112 -1, 117 116 118 -1, 119 117 118 -1 ] } }
Shape { appearance Appearance { material Material { diffuseColor 0.035 0.038 0.045 specularColor .4 .4 .4 shininess .5 } } geometry IndexedFaceSet { solid FALSE coord Coordinate { point [ -2.952756 -7.135827 0.078740, -2.952756 -7.135827 5.039370, -2.952756 -0.108268 0.078740, -2.952756 -0.108268 5.039370, -2.952756 -7.135827 0.078740, 2.952756 -7.135827 0.078740, -2.952756 -7.135827 5.039370, 2.952756 -7.135827 5.039370, -2.952756 -7.135827 5.039370, -2.952756 -0.108268 5.039370, 2.952756 -7.135827 5.039370, 2.952756 -0.108268 5.039370, -2.952756 -0.108268 0.078740, 2.952756 -0.108268 0.078740, -2.952756 -0.108268 5.039370, 2.952756 -0.108268 5.039370, -2.480315 -0.108268 4.724409, 2.480315 -0.108268 4.724409, -2.480315 -0.108268 1.259843, -1.240157 -0.108268 1.259843, -1.240157 -0.108268 0.551181, -0.767717 -0.108268 0.551181, -0.767717 -0.108268 0.236220, 0.767717 -0.108268 0.236220, 0.767717 -0.108268 0.551181, 1.240157 -0.108268 0.551181, 1.240157 -0.108268 1.259843, 2.480315 -0.108268 1.259843, -2.952756 -7.135827 0.078740, -2.952756 -0.108268 0.078740, 2.952756 -7.135827 0.078740, 2.952756 -0.108268 0.078740, 2.952756 -7.135827 0.078740, 2.952756 -7.135827 5.039370, 2.952756 -0.108268 0.078740, 2.952756 -0.108268 5.039370, -2.480315 -5.472441 4.724409, -2.480315 -0.108268 4.724409, 2.480315 -5.472441 4.724409, 2.480315 -0.108268 4.724409, 2.480315 -5.472441 4.724409, 2.480315 -0.108268 4.724409, 2.480315 -5.472441 1.259843, 2.480315 -0.108268 1.259843, 1.240157 -0.108268 1.259843, 2.480315 -0.108268 1.259843, 1.240157 -5.472441 1.259843, 2.480315 -5.472441 1.259843, 1.240157 -5.472441 0.551181, 1.240157 -5.472441 1.259843, 1.240157 -0.108268 0.551181, 1.240157 -0.108268 1.259843, 0.767717 -0.108268 0.551181, 1.240157 -0.108268 0.551181, 0.767717 -5.472441 0.551181, 1.240157 -5.472441 0.551181, 0.767717 -5.472441 0.236220, 0.767717 -5.472441 0.551181, 0.767717 -0.108268 0.236220, 0.767717 -0.108268 0.551181, -0.767717 -5.472441 0.236220, -0.767717 -0.108268 0.236220, 0.767717 -5.472441 0.236220, 0.767717 -0.108268 0.236220, -0.767717 -5.472441 0.236220, -0.767717 -5.472441 0.551181, -0.767717 -0.108268 0.236220, -0.767717 -0.108268 0.551181, -1.240157 -0.108268 0.551181, -0.767717 -0.108268 0.551181, -1.240157 -5.472441 0.551181, -0.767717 -5.472441 0.551181, -1.240157 -5.472441 0.551181, -1.240157 -5.472441 1.259843, -1.240157 -0.108268 0.551181, -1.240157 -0.108268 1.259843, -2.480315 -0.108268 1.259843, -1.240157 -0.108268 1.259843, -2.480315 -5.472441 1.259843, -1.240157 -5.472441 1.259843, -2.480315 -5.472441 4.724409, -2.480315 -0.108268 4.724409, -2.480315 -5.472441 1.259843, -2.480315 -0.108268 1.259843, -2.480315 -5.472441 1.259843, -1.240157 -5.472441 1.259843, -2.480315 -5.472441 4.724409, 2.480315 -5.472441 4.724409, 2.480315 -5.472441 1.259843, 1.240157 -5.472441 1.259843, 1.240157 -5.472441 0.551181, 0.767717 -5.472441 0.551181, 0.767717 -5.472441 0.236220, -0.767717 -5.472441 0.236220, -0.767717 -5.472441 0.551181, -1.240157 -5.472441 0.551181 ] } coordIndex [ 1 2 0 -1, 1 3 2 -1, 7 4 5 -1, 7 6 4 -1, 11 9 8 -1, 11 8 10 -1, 20 12 18 -1, 22 12 20 -1, 21 22 20 -1, 19 20 18 -1, 25 23 24 -1, 14 18 12 -1, 16 18 14 -1, 13 23 25 -1, 27 25 26 -1, 27 13 25 -1, 17 16 14 -1, 15 27 17 -1, 15 17 14 -1, 13 12 22 -1, 13 22 23 -1, 15 13 27 -1, 31 28 29 -1, 31 30 28 -1, 33 32 34 -1, 33 34 35 -1, 39 36 37 -1, 39 38 36 -1, 40 43 42 -1, 40 41 43 -1, 45 44 46 -1, 45 46 47 -1, 49 50 48 -1, 49 51 50 -1, 53 52 54 -1, 53 54 55 -1, 57 58 56 -1, 57 59 58 -1, 63 61 60 -1, 63 60 62 -1, 65 64 66 -1, 65 66 67 -1, 69 68 70 -1, 69 70 71 -1, 73 72 74 -1, 73 74 75 -1, 77 76 78 -1, 77 78 79 -1, 80 82 83 -1, 80 83 81 -1, 85 94 95 -1, 91 92 93 -1, 91 93 94 -1, 86 85 84 -1, 89 90 91 -1, 89 94 85 -1, 89 91 94 -1, 87 88 89 -1, 87 85 86 -1, 87 89 85 -1 ] } }
Shape { appearance Appearance { material Material { diffuseColor 0.64 0.67 0.7 specularColor .4 .4 .4 shininess .5 } } geometry IndexedFaceSet { solid FALSE coord Coordinate { point [ -1.659449 -6.610236 -1.259843, -1.659449 -6.610236 0.196850, -1.659702 -6.603469 0.196850, -1.660460 -6.596740 0.196850, -1.661719 -6.590087 0.196850, -1.663472 -6.583546 0.196850, -1.665708 -6.577154 0.196850, -1.668416 -6.570948 0.196850, -1.671580 -6.564961 0.196850, -1.675183 -6.559227 0.196850, -1.679204 -6.553778 0.196850, -1.683621 -6.548646 0.196850, -1.688410 -6.543858 0.196850, -1.693542 -6.539440 0.196850, -1.698991 -6.535419 0.196850, -1.704724 -6.531817 0.196850, -1.710711 -6.528652 0.196850, -1.716918 -6.525945 0.196850, -1.723310 -6.523708 0.196850, -1.729850 -6.521955 0.196850, -1.736504 -6.520696 0.196850, -1.743233 -6.519938 0.196850, -1.750000 -6.519685 0.196850, -1.756767 -6.519938 0.196850, -1.763496 -6.520696 0.196850, -1.770150 -6.521955 0.196850, -1.776690 -6.523708 0.196850, -1.783082 -6.525945 0.196850, -1.789289 -6.528652 0.196850, -1.795276 -6.531817 0.196850, -1.801009 -6.535419 0.196850, -1.806458 -6.539440 0.196850, -1.811590 -6.543858 0.196850, -1.816379 -6.548646 0.196850, -1.820796 -6.553778 0.196850, -1.824817 -6.559227 0.196850, -1.828420 -6.564961 0.196850, -1.831584 -6.570948 0.196850, -1.834292 -6.577154 0.196850, -1.836528 -6.583546 0.196850, -1.838281 -6.590087 0.196850, -1.839540 -6.596740 0.196850, -1.840298 -6.603469 0.196850, -1.840551 -6.610236 0.196850, -1.840298 -6.617003 0.196850, -1.839540 -6.623732 0.196850, -1.838281 -6.630386 0.196850, -1.836528 -6.636927 0.196850, -1.834292 -6.643318 0.196850, -1.831584 -6.649525 0.196850, -1.828420 -6.655512 0.196850, -1.824817 -6.661246 0.196850, -1.820796 -6.666694 0.196850, -1.816379 -6.671827 0.196850, -1.811590 -6.676615 0.196850, -1.806458 -6.681032 0.196850, -1.801009 -6.685053 0.196850, -1.795276 -6.688656 0.196850, -1.789289 -6.691820 0.196850, -1.783082 -6.694528 0.196850, -1.776690 -6.696764 0.196850, -1.770150 -6.698517 0.196850, -1.763496 -6.699776 0.196850, -1.756767 -6.700534 0.196850, -1.750000 -6.700787 0.196850, -1.743233 -6.700534 0.196850, -1.736504 -6.699776 0.196850, -1.729850 -6.698517 0.196850, -1.723310 -6.696764 0.196850, -1.716918 -6.694528 0.196850, -1.710711 -6.691820 0.196850, -1.704724 -6.688656 0.196850, -1.698991 -6.685053 0.196850, -1.693542 -6.681032 0.196850, -1.688410 -6.676615 0.196850, -1.683621 -6.671827 0.196850, -1.679204 -6.666694 0.196850, -1.675183 -6.661246 0.196850, -1.671580 -6.655512 0.196850, -1.668416 -6.649525 0.196850, -1.665708 -6.643318 0.196850, -1.663472 -6.636927 0.196850, -1.661719 -6.630386 0.196850, -1.660460 -6.623732 0.196850, -1.659702 -6.617003 0.196850, -1.659449 -6.610236 0.196850, -1.659449 -6.610236 -1.259843, -1.659702 -6.603469 -1.259843, -1.660460 -6.596740 -1.259843, -1.661719 -6.590087 -1.259843, -1.663472 -6.583546 -1.259843, -1.665708 -6.577154 -1.259843, -1.668416 -6.570948 -1.259843, -1.671580 -6.564961 -1.259843, -1.675183 -6.559227 -1.259843, -1.679204 -6.553778 -1.259843, -1.683621 -6.548646 -1.259843, -1.688410 -6.543858 -1.259843, -1.693542 -6.539440 -1.259843, -1.698991 -6.535419 -1.259843, -1.704724 -6.531817 -1.259843, -1.710711 -6.528652 -1.259843, -1.716918 -6.525945 -1.259843, -1.723310 -6.523708 -1.259843, -1.729850 -6.521955 -1.259843, -1.736504 -6.520696 -1.259843, -1.743233 -6.519938 -1.259843, -1.750000 -6.519685 -1.259843, -1.756767 -6.519938 -1.259843, -1.763496 -6.520696 -1.259843, -1.770150 -6.521955 -1.259843, -1.776690 -6.523708 -1.259843, -1.783082 -6.525945 -1.259843, -1.789289 -6.528652 -1.259843, -1.795276 -6.531817 -1.259843, -1.801009 -6.535419 -1.259843, -1.806458 -6.539440 -1.259843, -1.811590 -6.543858 -1.259843, -1.816379 -6.548646 -1.259843, -1.820796 -6.553778 -1.259843, -1.824817 -6.559227 -1.259843, -1.828420 -6.564961 -1.259843, -1.831584 -6.570948 -1.259843, -1.834292 -6.577154 -1.259843, -1.836528 -6.583546 -1.259843, -1.838281 -6.590087 -1.259843, -1.839540 -6.596740 -1.259843, -1.840298 -6.603469 -1.259843, -1.840551 -6.610236 -1.259843, -1.840298 -6.617003 -1.259843, -1.839540 -6.623732 -1.259843, -1.838281 -6.630386 -1.259843, -1.836528 -6.636927 -1.259843, -1.834292 -6.643318 -1.259843, -1.831584 -6.649525 -1.259843, -1.828420 -6.655512 -1.259843, -1.824817 -6.661246 -1.259843, -1.820796 -6.666694 -1.259843, -1.816379 -6.671827 -1.259843, -1.811590 -6.676615 -1.259843, -1.806458 -6.681032 -1.259843, -1.801009 -6.685053 -1.259843, -1.795276 -6.688656 -1.259843, -1.789289 -6.691820 -1.259843, -1.783082 -6.694528 -1.259843, -1.776690 -6.696764 -1.259843, -1.770150 -6.698517 -1.259843, -1.763496 -6.699776 -1.259843, -1.756767 -6.700534 -1.259843, -1.750000 -6.700787 -1.259843, -1.743233 -6.700534 -1.259843, -1.736504 -6.699776 -1.259843, -1.729850 -6.698517 -1.259843, -1.723310 -6.696764 -1.259843, -1.716918 -6.694528 -1.259843, -1.710711 -6.691820 -1.259843, -1.704724 -6.688656 -1.259843, -1.698991 -6.685053 -1.259843, -1.693542 -6.681032 -1.259843, -1.688410 -6.676615 -1.259843, -1.683621 -6.671827 -1.259843, -1.679204 -6.666694 -1.259843, -1.675183 -6.661246 -1.259843, -1.671580 -6.655512 -1.259843, -1.668416 -6.649525 -1.259843, -1.665708 -6.643318 -1.259843, -1.663472 -6.636927 -1.259843, -1.661719 -6.630386 -1.259843, -1.660460 -6.623732 -1.259843, -1.659702 -6.617003 -1.259843, -1.659449 -6.610236 -1.259843, -1.659702 -6.603469 -1.259843, -1.660460 -6.596740 -1.259843, -1.661719 -6.590087 -1.259843, -1.663472 -6.583546 -1.259843, -1.665708 -6.577154 -1.259843, -1.668416 -6.570948 -1.259843, -1.671580 -6.564961 -1.259843, -1.675183 -6.559227 -1.259843, -1.679204 -6.553778 -1.259843, -1.683621 -6.548646 -1.259843, -1.688410 -6.543858 -1.259843, -1.693542 -6.539440 -1.259843, -1.698991 -6.535419 -1.259843, -1.704724 -6.531817 -1.259843, -1.710711 -6.528652 -1.259843, -1.716918 -6.525945 -1.259843, -1.723310 -6.523708 -1.259843, -1.729850 -6.521955 -1.259843, -1.736504 -6.520696 -1.259843, -1.743233 -6.519938 -1.259843, -1.750000 -6.519685 -1.259843, -1.756767 -6.519938 -1.259843, -1.763496 -6.520696 -1.259843, -1.770150 -6.521955 -1.259843, -1.776690 -6.523708 -1.259843, -1.783082 -6.525945 -1.259843, -1.789289 -6.528652 -1.259843, -1.795276 -6.531817 -1.259843, -1.801009 -6.535419 -1.259843, -1.806458 -6.539440 -1.259843, -1.811590 -6.543858 -1.259843, -1.816379 -6.548646 -1.259843, -1.820796 -6.553778 -1.259843, -1.824817 -6.559227 -1.259843, -1.828420 -6.564961 -1.259843, -1.831584 -6.570948 -1.259843, -1.834292 -6.577154 -1.259843, -1.836528 -6.583546 -1.259843, -1.838281 -6.590087 -1.259843, -1.839540 -6.596740 -1.259843, -1.840298 -6.603469 -1.259843, -1.840551 -6.610236 -1.259843, -1.840298 -6.617003 -1.259843, -1.839540 -6.623732 -1.259843, -1.838281 -6.630386 -1.259843, -1.836528 -6.636927 -1.259843, -1.834292 -6.643318 -1.259843, -1.831584 -6.649525 -1.259843, -1.828420 -6.655512 -1.259843, -1.824817 -6.661246 -1.259843, -1.820796 -6.666694 -1.259843, -1.816379 -6.671827 -1.259843, -1.811590 -6.676615 -1.259843, -1.806458 -6.681032 -1.259843, -1.801009 -6.685053 -1.259843, -1.795276 -6.688656 -1.259843, -1.789289 -6.691820 -1.259843, -1.783082 -6.694528 -1.259843, -1.776690 -6.696764 -1.259843, -1.770150 -6.698517 -1.259843, -1.763496 -6.699776 -1.259843, -1.756767 -6.700534 -1.259843, -1.750000 -6.700787 -1.259843, -1.743233 -6.700534 -1.259843, -1.736504 -6.699776 -1.259843, -1.729850 -6.698517 -1.259843, -1.723310 -6.696764 -1.259843, -1.716918 -6.694528 -1.259843, -1.710711 -6.691820 -1.259843, -1.704724 -6.688656 -1.259843, -1.698991 -6.685053 -1.259843, -1.693542 -6.681032 -1.259843, -1.688410 -6.676615 -1.259843, -1.683621 -6.671827 -1.259843, -1.679204 -6.666694 -1.259843, -1.675183 -6.661246 -1.259843, -1.671580 -6.655512 -1.259843, -1.668416 -6.649525 -1.259843, -1.665708 -6.643318 -1.259843, -1.663472 -6.636927 -1.259843, -1.661719 -6.630386 -1.259843, -1.660460 -6.623732 -1.259843, -1.659702 -6.617003 -1.259843, -1.659449 -6.610236 0.196850, -1.659702 -6.603469 0.196850, -1.660460 -6.596740 0.196850, -1.661719 -6.590087 0.196850, -1.663472 -6.583546 0.196850, -1.665708 -6.577154 0.196850, -1.668416 -6.570948 0.196850, -1.671580 -6.564961 0.196850, -1.675183 -6.559227 0.196850, -1.679204 -6.553778 0.196850, -1.683621 -6.548646 0.196850, -1.688410 -6.543858 0.196850, -1.693542 -6.539440 0.196850, -1.698991 -6.535419 0.196850, -1.704724 -6.531817 0.196850, -1.710711 -6.528652 0.196850, -1.716918 -6.525945 0.196850, -1.723310 -6.523708 0.196850, -1.729850 -6.521955 0.196850, -1.736504 -6.520696 0.196850, -1.743233 -6.519938 0.196850, -1.750000 -6.519685 0.196850, -1.756767 -6.519938 0.196850, -1.763496 -6.520696 0.196850, -1.770150 -6.521955 0.196850, -1.776690 -6.523708 0.196850, -1.783082 -6.525945 0.196850, -1.789289 -6.528652 0.196850, -1.795276 -6.531817 0.196850, -1.801009 -6.535419 0.196850, -1.806458 -6.539440 0.196850, -1.811590 -6.543858 0.196850, -1.816379 -6.548646 0.196850, -1.820796 -6.553778 0.196850, -1.824817 -6.559227 0.196850, -1.828420 -6.564961 0.196850, -1.831584 -6.570948 0.196850, -1.834292 -6.577154 0.196850, -1.836528 -6.583546 0.196850, -1.838281 -6.590087 0.196850, -1.839540 -6.596740 0.196850, -1.840298 -6.603469 0.196850, -1.840551 -6.610236 0.196850, -1.840298 -6.617003 0.196850, -1.839540 -6.623732 0.196850, -1.838281 -6.630386 0.196850, -1.836528 -6.636927 0.196850, -1.834292 -6.643318 0.196850, -1.831584 -6.649525 0.196850, -1.828420 -6.655512 0.196850, -1.824817 -6.661246 0.196850, -1.820796 -6.666694 0.196850, -1.816379 -6.671827 0.196850, -1.811590 -6.676615 0.196850, -1.806458 -6.681032 0.196850, -1.801009 -6.685053 0.196850, -1.795276 -6.688656 0.196850, -1.789289 -6.691820 0.196850, -1.783082 -6.694528 0.196850, -1.776690 -6.696764 0.196850, -1.770150 -6.698517 0.196850, -1.763496 -6.699776 0.196850, -1.756767 -6.700534 0.196850, -1.750000 -6.700787 0.196850, -1.743233 -6.700534 0.196850, -1.736504 -6.699776 0.196850, -1.729850 -6.698517 0.196850, -1.723310 -6.696764 0.196850, -1.716918 -6.694528 0.196850, -1.710711 -6.691820 0.196850, -1.704724 -6.688656 0.196850, -1.698991 -6.685053 0.196850, -1.693542 -6.681032 0.196850, -1.688410 -6.676615 0.196850, -1.683621 -6.671827 0.196850, -1.679204 -6.666694 0.196850, -1.675183 -6.661246 0.196850, -1.671580 -6.655512 0.196850, -1.668416 -6.649525 0.196850, -1.665708 -6.643318 0.196850, -1.663472 -6.636927 0.196850, -1.661719 -6.630386 0.196850, -1.660460 -6.623732 0.196850, -1.659702 -6.617003 0.196850 ] } coordIndex [ 87 1 0 -1, 87 2 1 -1, 88 3 2 -1, 88 2 87 -1, 89 4 3 -1, 89 3 88 -1, 90 5 4 -1, 90 6 5 -1, 90 4 89 -1, 91 7 6 -1, 91 6 90 -1, 92 7 91 -1, 93 8 7 -1, 93 9 8 -1, 93 7 92 -1, 94 9 93 -1, 95 10 9 -1, 95 9 94 -1, 96 11 10 -1, 96 10 95 -1, 96 12 11 -1, 97 13 12 -1, 97 12 96 -1, 98 13 97 -1, 99 14 13 -1, 99 13 98 -1, 100 15 14 -1, 100 14 99 -1, 101 16 15 -1, 101 15 100 -1, 102 17 16 -1, 102 16 101 -1, 103 18 17 -1, 103 17 102 -1, 104 19 18 -1, 104 18 103 -1, 105 20 19 -1, 105 19 104 -1, 106 21 20 -1, 106 20 105 -1, 107 22 21 -1, 107 21 106 -1, 108 23 22 -1, 108 22 107 -1, 109 24 23 -1, 109 23 108 -1, 110 25 24 -1, 110 24 109 -1, 111 26 25 -1, 111 25 110 -1, 112 27 26 -1, 112 28 27 -1, 112 26 111 -1, 113 28 112 -1, 114 29 28 -1, 114 28 113 -1, 115 30 29 -1, 115 29 114 -1, 116 31 30 -1, 116 30 115 -1, 117 32 31 -1, 117 31 116 -1, 118 32 117 -1, 118 33 32 -1, 119 33 118 -1, 119 34 33 -1, 120 34 119 -1, 120 35 34 -1, 121 35 120 -1, 121 36 35 -1, 121 37 36 -1, 122 37 121 -1, 123 37 122 -1, 123 38 37 -1, 124 38 123 -1, 124 39 38 -1, 125 39 124 -1, 125 40 39 -1, 125 41 40 -1, 126 41 125 -1, 126 42 41 -1, 127 42 126 -1, 128 42 127 -1, 128 43 42 -1, 128 44 43 -1, 129 44 128 -1, 130 45 44 -1, 130 44 129 -1, 131 46 45 -1, 131 45 130 -1, 132 47 46 -1, 132 46 131 -1, 133 48 47 -1, 133 49 48 -1, 133 47 132 -1, 134 49 133 -1, 135 50 49 -1, 135 51 50 -1, 135 49 134 -1, 136 51 135 -1, 137 52 51 -1, 137 51 136 -1, 138 53 52 -1, 138 52 137 -1, 139 54 53 -1, 139 53 138 -1, 140 55 54 -1, 140 54 139 -1, 141 56 55 -1, 141 55 140 -1, 142 57 56 -1, 142 56 141 -1, 143 58 57 -1, 143 57 142 -1, 144 58 143 -1, 144 59 58 -1, 145 59 144 -1, 145 60 59 -1, 146 60 145 -1, 146 61 60 -1, 147 61 146 -1, 147 62 61 -1, 148 62 147 -1, 148 63 62 -1, 149 63 148 -1, 149 64 63 -1, 150 64 149 -1, 150 65 64 -1, 151 65 150 -1, 151 66 65 -1, 152 66 151 -1, 152 67 66 -1, 153 67 152 -1, 153 68 67 -1, 154 68 153 -1, 154 69 68 -1, 155 69 154 -1, 155 70 69 -1, 156 70 155 -1, 156 71 70 -1, 156 72 71 -1, 157 72 156 -1, 157 73 72 -1, 158 73 157 -1, 159 73 158 -1, 159 74 73 -1, 159 75 74 -1, 160 75 159 -1, 161 75 160 -1, 161 76 75 -1, 161 77 76 -1, 162 77 161 -1, 163 77 162 -1, 163 78 77 -1, 163 79 78 -1, 164 79 163 -1, 165 80 79 -1, 165 81 80 -1, 165 79 164 -1, 166 81 165 -1, 167 82 81 -1, 167 83 82 -1, 167 81 166 -1, 168 83 167 -1, 169 84 83 -1, 169 85 84 -1, 169 83 168 -1, 86 85 169 -1, 237 236 235 -1, 239 238 237 -1, 199 201 200 -1, 249 247 246 -1, 249 248 247 -1, 250 249 246 -1, 252 251 250 -1, 171 253 252 -1, 171 170 253 -1, 173 172 171 -1, 187 189 188 -1, 175 174 173 -1, 177 176 175 -1, 179 178 177 -1, 179 177 175 -1, 181 252 250 -1, 181 180 179 -1, 181 171 252 -1, 181 183 182 -1, 181 173 171 -1, 181 184 183 -1, 181 185 184 -1, 181 186 185 -1, 181 187 186 -1, 181 190 189 -1, 181 191 190 -1, 181 192 191 -1, 181 193 192 -1, 181 189 187 -1, 181 194 193 -1, 181 195 194 -1, 181 196 195 -1, 181 197 196 -1, 181 198 197 -1, 181 199 198 -1, 181 175 173 -1, 181 179 175 -1, 181 202 201 -1, 181 203 202 -1, 181 204 203 -1, 181 205 204 -1, 181 206 205 -1, 181 207 206 -1, 181 208 207 -1, 181 209 208 -1, 181 210 209 -1, 181 211 210 -1, 181 212 211 -1, 181 213 212 -1, 181 214 213 -1, 181 237 235 -1, 181 215 214 -1, 181 216 215 -1, 181 217 216 -1, 181 218 217 -1, 181 219 218 -1, 181 220 219 -1, 181 221 220 -1, 181 239 237 -1, 181 222 221 -1, 181 223 222 -1, 181 224 223 -1, 181 225 224 -1, 181 226 225 -1, 181 227 226 -1, 181 228 227 -1, 181 229 228 -1, 181 230 229 -1, 181 231 230 -1, 181 201 199 -1, 181 232 231 -1, 181 233 232 -1, 181 234 233 -1, 181 235 234 -1, 181 240 239 -1, 181 241 240 -1, 181 242 241 -1, 181 243 242 -1, 181 244 243 -1, 181 245 244 -1, 181 246 245 -1, 181 250 246 -1, 321 319 320 -1, 323 321 322 -1, 283 284 285 -1, 333 330 331 -1, 333 331 332 -1, 334 330 333 -1, 336 334 335 -1, 255 336 337 -1, 255 337 254 -1, 257 255 256 -1, 271 272 273 -1, 259 257 258 -1, 261 259 260 -1, 263 261 262 -1, 263 259 261 -1, 265 334 336 -1, 265 263 264 -1, 265 336 255 -1, 265 266 267 -1, 265 255 257 -1, 265 267 268 -1, 265 268 269 -1, 265 269 270 -1, 265 270 271 -1, 265 273 274 -1, 265 274 275 -1, 265 275 276 -1, 265 276 277 -1, 265 271 273 -1, 265 277 278 -1, 265 278 279 -1, 265 279 280 -1, 265 280 281 -1, 265 281 282 -1, 265 282 283 -1, 265 257 259 -1, 265 259 263 -1, 265 285 286 -1, 265 286 287 -1, 265 287 288 -1, 265 288 289 -1, 265 289 290 -1, 265 290 291 -1, 265 291 292 -1, 265 292 293 -1, 265 293 294 -1, 265 294 295 -1, 265 295 296 -1, 265 296 297 -1, 265 297 298 -1, 265 319 321 -1, 265 298 299 -1, 265 299 300 -1, 265 300 301 -1, 265 301 302 -1, 265 302 303 -1, 265 303 304 -1, 265 304 305 -1, 265 321 323 -1, 265 305 306 -1, 265 306 307 -1, 265 307 308 -1, 265 308 309 -1, 265 309 310 -1, 265 310 311 -1, 265 311 312 -1, 265 312 313 -1, 265 313 314 -1, 265 314 315 -1, 265 283 285 -1, 265 315 316 -1, 265 316 317 -1, 265 317 318 -1, 265 318 319 -1, 265 323 324 -1, 265 324 325 -1, 265 325 326 -1, 265 326 327 -1, 265 327 328 -1, 265 328 329 -1, 265 329 330 -1, 265 330 334 -1 ] } }
Shape { appearance Appearance { material Material { diffuseColor 0.76 0.58 0.23 specularColor .4 .4 .4 shininess .5 } } geometry IndexedFaceSet { solid FALSE coord Coordinate { point [ -1.828740 -2.766757 4.568454, -1.828740 -2.745054 4.644144, -1.828740 -0.496060 3.917342, -1.828740 -0.474357 3.993032, -1.671260 -2.766757 4.568454, -1.671260 -2.745054 4.644144, -1.671260 -0.496060 3.917342, -1.671260 -0.474357 3.993032, -1.828740 -2.766757 4.568454, -1.671260 -2.766757 4.568454, -1.828740 -2.745054 4.644144, -1.671260 -2.745054 4.644144, -1.828740 -0.496060 3.917342, -1.671260 -0.496060 3.917342, -1.828740 -0.474357 3.993032, -1.671260 -0.474357 3.993032, -1.828740 -2.766757 4.568454, -1.828740 -0.496060 3.917342, -1.671260 -2.766757 4.568454, -1.671260 -0.496060 3.917342, -1.828740 -2.745054 4.644144, -1.828740 -0.474357 3.993032, -1.671260 -2.745054 4.644144, -1.671260 -0.474357 3.993032 ] } coordIndex [ 0 3 2 -1, 1 3 0 -1, 4 6 7 -1, 5 4 7 -1, 9 10 8 -1, 11 10 9 -1, 13 12 14 -1, 15 13 14 -1, 19 16 17 -1, 19 18 16 -1, 23 21 20 -1, 23 20 22 -1 ] } }
Shape { appearance Appearance { material Material { diffuseColor 0.64 0.67 0.7 specularColor .4 .4 .4 shininess .5 } } geometry IndexedFaceSet { solid FALSE coord Coordinate { point [ -1.159449 -5.610236 -1.259843, -1.159449 -5.610236 0.196850, -1.159702 -5.603469 0.196850, -1.160460 -5.596740 0.196850, -1.161719 -5.590087 0.196850, -1.163472 -5.583546 0.196850, -1.165708 -5.577154 0.196850, -1.168416 -5.570948 0.196850, -1.171580 -5.564961 0.196850, -1.175183 -5.559227 0.196850, -1.179204 -5.553778 0.196850, -1.183621 -5.548646 0.196850, -1.188410 -5.543858 0.196850, -1.193542 -5.539440 0.196850, -1.198991 -5.535419 0.196850, -1.204724 -5.531817 0.196850, -1.210711 -5.528652 0.196850, -1.216918 -5.525945 0.196850, -1.223310 -5.523708 0.196850, -1.229850 -5.521955 0.196850, -1.236504 -5.520696 0.196850, -1.243233 -5.519938 0.196850, -1.250000 -5.519685 0.196850, -1.256767 -5.519938 0.196850, -1.263496 -5.520696 0.196850, -1.270150 -5.521955 0.196850, -1.276690 -5.523708 0.196850, -1.283082 -5.525945 0.196850, -1.289289 -5.528652 0.196850, -1.295276 -5.531817 0.196850, -1.301009 -5.535419 0.196850, -1.306458 -5.539440 0.196850, -1.311590 -5.543858 0.196850, -1.316379 -5.548646 0.196850, -1.320796 -5.553778 0.196850, -1.324817 -5.559227 0.196850, -1.328420 -5.564961 0.196850, -1.331584 -5.570948 0.196850, -1.334292 -5.577154 0.196850, -1.336528 -5.583546 0.196850, -1.338281 -5.590087 0.196850, -1.339540 -5.596740 0.196850, -1.340298 -5.603469 0.196850, -1.340551 -5.610236 0.196850, -1.340298 -5.617003 0.196850, -1.339540 -5.623732 0.196850, -1.338281 -5.630386 0.196850, -1.336528 -5.636927 0.196850, -1.334292 -5.643318 0.196850, -1.331584 -5.649525 0.196850, -1.328420 -5.655512 0.196850, -1.324817 -5.661246 0.196850, -1.320796 -5.666694 0.196850, -1.316379 -5.671827 0.196850, -1.311590 -5.676615 0.196850, -1.306458 -5.681032 0.196850, -1.301009 -5.685053 0.196850, -1.295276 -5.688656 0.196850, -1.289289 -5.691820 0.196850, -1.283082 -5.694528 0.196850, -1.276690 -5.696764 0.196850, -1.270150 -5.698517 0.196850, -1.263496 -5.699776 0.196850, -1.256767 -5.700534 0.196850, -1.250000 -5.700787 0.196850, -1.243233 -5.700534 0.196850, -1.236504 -5.699776 0.196850, -1.229850 -5.698517 0.196850, -1.223310 -5.696764 0.196850, -1.216918 -5.694528 0.196850, -1.210711 -5.691820 0.196850, -1.204724 -5.688656 0.196850, -1.198991 -5.685053 0.196850, -1.193542 -5.681032 0.196850, -1.188410 -5.676615 0.196850, -1.183621 -5.671827 0.196850, -1.179204 -5.666694 0.196850, -1.175183 -5.661246 0.196850, -1.171580 -5.655512 0.196850, -1.168416 -5.649525 0.196850, -1.165708 -5.643318 0.196850, -1.163472 -5.636927 0.196850, -1.161719 -5.630386 0.196850, -1.160460 -5.623732 0.196850, -1.159702 -5.617003 0.196850, -1.159449 -5.610236 0.196850, -1.159449 -5.610236 -1.259843, -1.159702 -5.603469 -1.259843, -1.160460 -5.596740 -1.259843, -1.161719 -5.590087 -1.259843, -1.163472 -5.583546 -1.259843, -1.165708 -5.577154 -1.259843, -1.168416 -5.570948 -1.259843, -1.171580 -5.564961 -1.259843, -1.175183 -5.559227 -1.259843, -1.179204 -5.553778 -1.259843, -1.183621 -5.548646 -1.259843, -1.188410 -5.543858 -1.259843, -1.193542 -5.539440 -1.259843, -1.198991 -5.535419 -1.259843, -1.204724 -5.531817 -1.259843, -1.210711 -5.528652 -1.259843, -1.216918 -5.525945 -1.259843, -1.223310 -5.523708 -1.259843, -1.229850 -5.521955 -1.259843, -1.236504 -5.520696 -1.259843, -1.243233 -5.519938 -1.259843, -1.250000 -5.519685 -1.259843, -1.256767 -5.519938 -1.259843, -1.263496 -5.520696 -1.259843, -1.270150 -5.521955 -1.259843, -1.276690 -5.523708 -1.259843, -1.283082 -5.525945 -1.259843, -1.289289 -5.528652 -1.259843, -1.295276 -5.531817 -1.259843, -1.301009 -5.535419 -1.259843, -1.306458 -5.539440 -1.259843, -1.311590 -5.543858 -1.259843, -1.316379 -5.548646 -1.259843, -1.320796 -5.553778 -1.259843, -1.324817 -5.559227 -1.259843, -1.328420 -5.564961 -1.259843, -1.331584 -5.570948 -1.259843, -1.334292 -5.577154 -1.259843, -1.336528 -5.583546 -1.259843, -1.338281 -5.590087 -1.259843, -1.339540 -5.596740 -1.259843, -1.340298 -5.603469 -1.259843, -1.340551 -5.610236 -1.259843, -1.340298 -5.617003 -1.259843, -1.339540 -5.623732 -1.259843, -1.338281 -5.630386 -1.259843, -1.336528 -5.636927 -1.259843, -1.334292 -5.643318 -1.259843, -1.331584 -5.649525 -1.259843, -1.328420 -5.655512 -1.259843, -1.324817 -5.661246 -1.259843, -1.320796 -5.666694 -1.259843, -1.316379 -5.671827 -1.259843, -1.311590 -5.676615 -1.259843, -1.306458 -5.681032 -1.259843, -1.301009 -5.685053 -1.259843, -1.295276 -5.688656 -1.259843, -1.289289 -5.691820 -1.259843, -1.283082 -5.694528 -1.259843, -1.276690 -5.696764 -1.259843, -1.270150 -5.698517 -1.259843, -1.263496 -5.699776 -1.259843, -1.256767 -5.700534 -1.259843, -1.250000 -5.700787 -1.259843, -1.243233 -5.700534 -1.259843, -1.236504 -5.699776 -1.259843, -1.229850 -5.698517 -1.259843, -1.223310 -5.696764 -1.259843, -1.216918 -5.694528 -1.259843, -1.210711 -5.691820 -1.259843, -1.204724 -5.688656 -1.259843, -1.198991 -5.685053 -1.259843, -1.193542 -5.681032 -1.259843, -1.188410 -5.676615 -1.259843, -1.183621 -5.671827 -1.259843, -1.179204 -5.666694 -1.259843, -1.175183 -5.661246 -1.259843, -1.171580 -5.655512 -1.259843, -1.168416 -5.649525 -1.259843, -1.165708 -5.643318 -1.259843, -1.163472 -5.636927 -1.259843, -1.161719 -5.630386 -1.259843, -1.160460 -5.623732 -1.259843, -1.159702 -5.617003 -1.259843, -1.159449 -5.610236 -1.259843, -1.159702 -5.603469 -1.259843, -1.160460 -5.596740 -1.259843, -1.161719 -5.590087 -1.259843, -1.163472 -5.583546 -1.259843, -1.165708 -5.577154 -1.259843, -1.168416 -5.570948 -1.259843, -1.171580 -5.564961 -1.259843, -1.175183 -5.559227 -1.259843, -1.179204 -5.553778 -1.259843, -1.183621 -5.548646 -1.259843, -1.188410 -5.543858 -1.259843, -1.193542 -5.539440 -1.259843, -1.198991 -5.535419 -1.259843, -1.204724 -5.531817 -1.259843, -1.210711 -5.528652 -1.259843, -1.216918 -5.525945 -1.259843, -1.223310 -5.523708 -1.259843, -1.229850 -5.521955 -1.259843, -1.236504 -5.520696 -1.259843, -1.243233 -5.519938 -1.259843, -1.250000 -5.519685 -1.259843, -1.256767 -5.519938 -1.259843, -1.263496 -5.520696 -1.259843, -1.270150 -5.521955 -1.259843, -1.276690 -5.523708 -1.259843, -1.283082 -5.525945 -1.259843, -1.289289 -5.528652 -1.259843, -1.295276 -5.531817 -1.259843, -1.301009 -5.535419 -1.259843, -1.306458 -5.539440 -1.259843, -1.311590 -5.543858 -1.259843, -1.316379 -5.548646 -1.259843, -1.320796 -5.553778 -1.259843, -1.324817 -5.559227 -1.259843, -1.328420 -5.564961 -1.259843, -1.331584 -5.570948 -1.259843, -1.334292 -5.577154 -1.259843, -1.336528 -5.583546 -1.259843, -1.338281 -5.590087 -1.259843, -1.339540 -5.596740 -1.259843, -1.340298 -5.603469 -1.259843, -1.340551 -5.610236 -1.259843, -1.340298 -5.617003 -1.259843, -1.339540 -5.623732 -1.259843, -1.338281 -5.630386 -1.259843, -1.336528 -5.636927 -1.259843, -1.334292 -5.643318 -1.259843, -1.331584 -5.649525 -1.259843, -1.328420 -5.655512 -1.259843, -1.324817 -5.661246 -1.259843, -1.320796 -5.666694 -1.259843, -1.316379 -5.671827 -1.259843, -1.311590 -5.676615 -1.259843, -1.306458 -5.681032 -1.259843, -1.301009 -5.685053 -1.259843, -1.295276 -5.688656 -1.259843, -1.289289 -5.691820 -1.259843, -1.283082 -5.694528 -1.259843, -1.276690 -5.696764 -1.259843, -1.270150 -5.698517 -1.259843, -1.263496 -5.699776 -1.259843, -1.256767 -5.700534 -1.259843, -1.250000 -5.700787 -1.259843, -1.243233 -5.700534 -1.259843, -1.236504 -5.699776 -1.259843, -1.229850 -5.698517 -1.259843, -1.223310 -5.696764 -1.259843, -1.216918 -5.694528 -1.259843, -1.210711 -5.691820 -1.259843, -1.204724 -5.688656 -1.259843, -1.198991 -5.685053 -1.259843, -1.193542 -5.681032 -1.259843, -1.188410 -5.676615 -1.259843, -1.183621 -5.671827 -1.259843, -1.179204 -5.666694 -1.259843, -1.175183 -5.661246 -1.259843, -1.171580 -5.655512 -1.259843, -1.168416 -5.649525 -1.259843, -1.165708 -5.643318 -1.259843, -1.163472 -5.636927 -1.259843, -1.161719 -5.630386 -1.259843, -1.160460 -5.623732 -1.259843, -1.159702 -5.617003 -1.259843, -1.159449 -5.610236 0.196850, -1.159702 -5.603469 0.196850, -1.160460 -5.596740 0.196850, -1.161719 -5.590087 0.196850, -1.163472 -5.583546 0.196850, -1.165708 -5.577154 0.196850, -1.168416 -5.570948 0.196850, -1.171580 -5.564961 0.196850, -1.175183 -5.559227 0.196850, -1.179204 -5.553778 0.196850, -1.183621 -5.548646 0.196850, -1.188410 -5.543858 0.196850, -1.193542 -5.539440 0.196850, -1.198991 -5.535419 0.196850, -1.204724 -5.531817 0.196850, -1.210711 -5.528652 0.196850, -1.216918 -5.525945 0.196850, -1.223310 -5.523708 0.196850, -1.229850 -5.521955 0.196850, -1.236504 -5.520696 0.196850, -1.243233 -5.519938 0.196850, -1.250000 -5.519685 0.196850, -1.256767 -5.519938 0.196850, -1.263496 -5.520696 0.196850, -1.270150 -5.521955 0.196850, -1.276690 -5.523708 0.196850, -1.283082 -5.525945 0.196850, -1.289289 -5.528652 0.196850, -1.295276 -5.531817 0.196850, -1.301009 -5.535419 0.196850, -1.306458 -5.539440 0.196850, -1.311590 -5.543858 0.196850, -1.316379 -5.548646 0.196850, -1.320796 -5.553778 0.196850, -1.324817 -5.559227 0.196850, -1.328420 -5.564961 0.196850, -1.331584 -5.570948 0.196850, -1.334292 -5.577154 0.196850, -1.336528 -5.583546 0.196850, -1.338281 -5.590087 0.196850, -1.339540 -5.596740 0.196850, -1.340298 -5.603469 0.196850, -1.340551 -5.610236 0.196850, -1.340298 -5.617003 0.196850, -1.339540 -5.623732 0.196850, -1.338281 -5.630386 0.196850, -1.336528 -5.636927 0.196850, -1.334292 -5.643318 0.196850, -1.331584 -5.649525 0.196850, -1.328420 -5.655512 0.196850, -1.324817 -5.661246 0.196850, -1.320796 -5.666694 0.196850, -1.316379 -5.671827 0.196850, -1.311590 -5.676615 0.196850, -1.306458 -5.681032 0.196850, -1.301009 -5.685053 0.196850, -1.295276 -5.688656 0.196850, -1.289289 -5.691820 0.196850, -1.283082 -5.694528 0.196850, -1.276690 -5.696764 0.196850, -1.270150 -5.698517 0.196850, -1.263496 -5.699776 0.196850, -1.256767 -5.700534 0.196850, -1.250000 -5.700787 0.196850, -1.243233 -5.700534 0.196850, -1.236504 -5.699776 0.196850, -1.229850 -5.698517 0.196850, -1.223310 -5.696764 0.196850, -1.216918 -5.694528 0.196850, -1.210711 -5.691820 0.196850, -1.204724 -5.688656 0.196850, -1.198991 -5.685053 0.196850, -1.193542 -5.681032 0.196850, -1.188410 -5.676615 0.196850, -1.183621 -5.671827 0.196850, -1.179204 -5.666694 0.196850, -1.175183 -5.661246 0.196850, -1.171580 -5.655512 0.196850, -1.168416 -5.649525 0.196850, -1.165708 -5.643318 0.196850, -1.163472 -5.636927 0.196850, -1.161719 -5.630386 0.196850, -1.160460 -5.623732 0.196850, -1.159702 -5.617003 0.196850 ] } coordIndex [ 87 1 0 -1, 87 2 1 -1, 88 3 2 -1, 88 2 87 -1, 89 4 3 -1, 89 3 88 -1, 90 5 4 -1, 90 6 5 -1, 90 4 89 -1, 91 7 6 -1, 91 6 90 -1, 92 7 91 -1, 93 8 7 -1, 93 9 8 -1, 93 7 92 -1, 94 9 93 -1, 95 10 9 -1, 95 9 94 -1, 96 11 10 -1, 96 10 95 -1, 96 12 11 -1, 97 13 12 -1, 97 12 96 -1, 98 13 97 -1, 99 14 13 -1, 99 13 98 -1, 100 15 14 -1, 100 14 99 -1, 101 16 15 -1, 101 15 100 -1, 102 17 16 -1, 102 16 101 -1, 103 18 17 -1, 103 17 102 -1, 104 19 18 -1, 104 18 103 -1, 105 20 19 -1, 105 19 104 -1, 106 21 20 -1, 106 20 105 -1, 107 22 21 -1, 107 21 106 -1, 108 23 22 -1, 108 22 107 -1, 109 24 23 -1, 109 23 108 -1, 110 25 24 -1, 110 24 109 -1, 111 26 25 -1, 111 25 110 -1, 112 27 26 -1, 112 28 27 -1, 112 26 111 -1, 113 28 112 -1, 114 29 28 -1, 114 28 113 -1, 115 30 29 -1, 115 29 114 -1, 116 31 30 -1, 116 30 115 -1, 117 32 31 -1, 117 31 116 -1, 118 32 117 -1, 118 33 32 -1, 119 33 118 -1, 119 34 33 -1, 120 34 119 -1, 120 35 34 -1, 121 35 120 -1, 121 36 35 -1, 121 37 36 -1, 122 37 121 -1, 123 37 122 -1, 123 38 37 -1, 124 38 123 -1, 124 39 38 -1, 125 39 124 -1, 125 40 39 -1, 125 41 40 -1, 126 41 125 -1, 126 42 41 -1, 127 42 126 -1, 128 42 127 -1, 128 43 42 -1, 128 44 43 -1, 129 44 128 -1, 130 45 44 -1, 130 44 129 -1, 131 46 45 -1, 131 45 130 -1, 132 47 46 -1, 132 46 131 -1, 133 48 47 -1, 133 49 48 -1, 133 47 132 -1, 134 49 133 -1, 135 50 49 -1, 135 51 50 -1, 135 49 134 -1, 136 51 135 -1, 137 52 51 -1, 137 51 136 -1, 138 53 52 -1, 138 52 137 -1, 139 54 53 -1, 139 53 138 -1, 140 55 54 -1, 140 54 139 -1, 141 56 55 -1, 141 55 140 -1, 142 57 56 -1, 142 56 141 -1, 143 58 57 -1, 143 57 142 -1, 144 58 143 -1, 144 59 58 -1, 145 59 144 -1, 145 60 59 -1, 146 60 145 -1, 146 61 60 -1, 147 61 146 -1, 147 62 61 -1, 148 62 147 -1, 148 63 62 -1, 149 63 148 -1, 149 64 63 -1, 150 64 149 -1, 150 65 64 -1, 151 65 150 -1, 151 66 65 -1, 152 66 151 -1, 152 67 66 -1, 153 67 152 -1, 153 68 67 -1, 154 68 153 -1, 154 69 68 -1, 155 69 154 -1, 155 70 69 -1, 156 70 155 -1, 156 71 70 -1, 156 72 71 -1, 157 72 156 -1, 157 73 72 -1, 158 73 157 -1, 159 73 158 -1, 159 74 73 -1, 159 75 74 -1, 160 75 159 -1, 161 75 160 -1, 161 76 75 -1, 161 77 76 -1, 162 77 161 -1, 163 77 162 -1, 163 78 77 -1, 163 79 78 -1, 164 79 163 -1, 165 80 79 -1, 165 81 80 -1, 165 79 164 -1, 166 81 165 -1, 167 82 81 -1, 167 83 82 -1, 167 81 166 -1, 168 83 167 -1, 169 84 83 -1, 169 85 84 -1, 169 83 168 -1, 86 85 169 -1, 240 239 238 -1, 204 206 205 -1, 242 241 240 -1, 244 243 242 -1, 198 200 199 -1, 249 247 246 -1, 249 248 247 -1, 252 250 249 -1, 252 251 250 -1, 170 253 252 -1, 173 171 170 -1, 173 172 171 -1, 175 174 173 -1, 177 176 175 -1, 180 178 177 -1, 180 179 178 -1, 181 206 204 -1, 181 252 249 -1, 181 170 252 -1, 181 183 182 -1, 181 184 183 -1, 181 185 184 -1, 181 186 185 -1, 181 187 186 -1, 181 188 187 -1, 181 189 188 -1, 181 177 175 -1, 181 190 189 -1, 181 191 190 -1, 181 192 191 -1, 181 193 192 -1, 181 194 193 -1, 181 195 194 -1, 181 196 195 -1, 181 197 196 -1, 181 198 197 -1, 181 201 200 -1, 181 202 201 -1, 181 242 240 -1, 181 203 202 -1, 181 180 177 -1, 181 204 203 -1, 181 207 206 -1, 181 208 207 -1, 181 209 208 -1, 181 210 209 -1, 181 173 170 -1, 181 211 210 -1, 181 212 211 -1, 181 213 212 -1, 181 214 213 -1, 181 215 214 -1, 181 216 215 -1, 181 217 216 -1, 181 218 217 -1, 181 219 218 -1, 181 220 219 -1, 181 221 220 -1, 181 222 221 -1, 181 223 222 -1, 181 224 223 -1, 181 225 224 -1, 181 240 238 -1, 181 226 225 -1, 181 227 226 -1, 181 228 227 -1, 181 229 228 -1, 181 230 229 -1, 181 231 230 -1, 181 232 231 -1, 181 233 232 -1, 181 234 233 -1, 181 235 234 -1, 181 236 235 -1, 181 237 236 -1, 181 238 237 -1, 181 200 198 -1, 181 175 173 -1, 181 244 242 -1, 181 245 244 -1, 181 246 245 -1, 181 249 246 -1, 324 322 323 -1, 288 289 290 -1, 326 324 325 -1, 328 326 327 -1, 282 283 284 -1, 333 330 331 -1, 333 331 332 -1, 336 333 334 -1, 336 334 335 -1, 254 336 337 -1, 257 254 255 -1, 257 255 256 -1, 259 257 258 -1, 261 259 260 -1, 264 261 262 -1, 264 262 263 -1, 265 288 290 -1, 265 333 336 -1, 265 336 254 -1, 265 266 267 -1, 265 267 268 -1, 265 268 269 -1, 265 269 270 -1, 265 270 271 -1, 265 271 272 -1, 265 272 273 -1, 265 259 261 -1, 265 273 274 -1, 265 274 275 -1, 265 275 276 -1, 265 276 277 -1, 265 277 278 -1, 265 278 279 -1, 265 279 280 -1, 265 280 281 -1, 265 281 282 -1, 265 284 285 -1, 265 285 286 -1, 265 324 326 -1, 265 286 287 -1, 265 261 264 -1, 265 287 288 -1, 265 290 291 -1, 265 291 292 -1, 265 292 293 -1, 265 293 294 -1, 265 254 257 -1, 265 294 295 -1, 265 295 296 -1, 265 296 297 -1, 265 297 298 -1, 265 298 299 -1, 265 299 300 -1, 265 300 301 -1, 265 301 302 -1, 265 302 303 -1, 265 303 304 -1, 265 304 305 -1, 265 305 306 -1, 265 306 307 -1, 265 307 308 -1, 265 308 309 -1, 265 322 324 -1, 265 309 310 -1, 265 310 311 -1, 265 311 312 -1, 265 312 313 -1, 265 313 314 -1, 265 314 315 -1, 265 315 316 -1, 265 316 317 -1, 265 317 318 -1, 265 318 319 -1, 265 319 320 -1, 265 320 321 -1, 265 321 322 -1, 265 282 284 -1, 265 257 259 -1, 265 326 328 -1, 265 328 329 -1, 265 329 330 -1, 265 330 333 -1 ] } }
Shape { appearance Appearance { material Material { diffuseColor 0.76 0.58 0.23 specularColor .4 .4 .4 shininess .5 } } geometry IndexedFaceSet { solid FALSE coord Coordinate { point [ -1.328740 -2.766757 4.568454, -1.328740 -2.745054 4.644144, -1.328740 -0.496060 3.917342, -1.328740 -0.474357 3.993032, -1.171260 -2.766757 4.568454, -1.171260 -2.745054 4.644144, -1.171260 -0.496060 3.917342, -1.171260 -0.474357 3.993032, -1.328740 -2.766757 4.568454, -1.171260 -2.766757 4.568454, -1.328740 -2.745054 4.644144, -1.171260 -2.745054 4.644144, -1.328740 -0.496060 3.917342, -1.171260 -0.496060 3.917342, -1.328740 -0.474357 3.993032, -1.171260 -0.474357 3.993032, -1.328740 -2.766757 4.568454, -1.328740 -0.496060 3.917342, -1.171260 -2.766757 4.568454, -1.171260 -0.496060 3.917342, -1.328740 -2.745054 4.644144, -1.328740 -0.474357 3.993032, -1.171260 -2.745054 4.644144, -1.171260 -0.474357 3.993032 ] } coordIndex [ 0 3 2 -1, 1 3 0 -1, 4 6 7 -1, 5 4 7 -1, 9 10 8 -1, 11 10 9 -1, 13 12 14 -1, 15 13 14 -1, 19 16 17 -1, 19 18 16 -1, 23 21 20 -1, 23 20 22 -1 ] } }
Shape { appearance Appearance { material Material { diffuseColor 0.64 0.67 0.7 specularColor .4 .4 .4 shininess .5 } } geometry IndexedFaceSet { solid FALSE coord Coordinate { point [ -0.659449 -6.610236 -1.259843, -0.659449 -6.610236 0.196850, -0.659702 -6.603469 0.196850, -0.660460 -6.596740 0.196850, -0.661719 -6.590087 0.196850, -0.663472 -6.583546 0.196850, -0.665708 -6.577154 0.196850, -0.668416 -6.570948 0.196850, -0.671580 -6.564961 0.196850, -0.675183 -6.559227 0.196850, -0.679204 -6.553778 0.196850, -0.683621 -6.548646 0.196850, -0.688410 -6.543858 0.196850, -0.693542 -6.539440 0.196850, -0.698991 -6.535419 0.196850, -0.704724 -6.531817 0.196850, -0.710711 -6.528652 0.196850, -0.716918 -6.525945 0.196850, -0.723310 -6.523708 0.196850, -0.729850 -6.521955 0.196850, -0.736504 -6.520696 0.196850, -0.743233 -6.519938 0.196850, -0.750000 -6.519685 0.196850, -0.756767 -6.519938 0.196850, -0.763496 -6.520696 0.196850, -0.770150 -6.521955 0.196850, -0.776690 -6.523708 0.196850, -0.783082 -6.525945 0.196850, -0.789289 -6.528652 0.196850, -0.795276 -6.531817 0.196850, -0.801009 -6.535419 0.196850, -0.806458 -6.539440 0.196850, -0.811590 -6.543858 0.196850, -0.816379 -6.548646 0.196850, -0.820796 -6.553778 0.196850, -0.824817 -6.559227 0.196850, -0.828420 -6.564961 0.196850, -0.831584 -6.570948 0.196850, -0.834292 -6.577154 0.196850, -0.836528 -6.583546 0.196850, -0.838281 -6.590087 0.196850, -0.839540 -6.596740 0.196850, -0.840298 -6.603469 0.196850, -0.840551 -6.610236 0.196850, -0.840298 -6.617003 0.196850, -0.839540 -6.623732 0.196850, -0.838281 -6.630386 0.196850, -0.836528 -6.636927 0.196850, -0.834292 -6.643318 0.196850, -0.831584 -6.649525 0.196850, -0.828420 -6.655512 0.196850, -0.824817 -6.661246 0.196850, -0.820796 -6.666694 0.196850, -0.816379 -6.671827 0.196850, -0.811590 -6.676615 0.196850, -0.806458 -6.681032 0.196850, -0.801009 -6.685053 0.196850, -0.795276 -6.688656 0.196850, -0.789289 -6.691820 0.196850, -0.783082 -6.694528 0.196850, -0.776690 -6.696764 0.196850, -0.770150 -6.698517 0.196850, -0.763496 -6.699776 0.196850, -0.756767 -6.700534 0.196850, -0.750000 -6.700787 0.196850, -0.743233 -6.700534 0.196850, -0.736504 -6.699776 0.196850, -0.729850 -6.698517 0.196850, -0.723310 -6.696764 0.196850, -0.716918 -6.694528 0.196850, -0.710711 -6.691820 0.196850, -0.704724 -6.688656 0.196850, -0.698991 -6.685053 0.196850, -0.693542 -6.681032 0.196850, -0.688410 -6.676615 0.196850, -0.683621 -6.671827 0.196850, -0.679204 -6.666694 0.196850, -0.675183 -6.661246 0.196850, -0.671580 -6.655512 0.196850, -0.668416 -6.649525 0.196850, -0.665708 -6.643318 0.196850, -0.663472 -6.636927 0.196850, -0.661719 -6.630386 0.196850, -0.660460 -6.623732 0.196850, -0.659702 -6.617003 0.196850, -0.659449 -6.610236 0.196850, -0.659449 -6.610236 -1.259843, -0.659702 -6.603469 -1.259843, -0.660460 -6.596740 -1.259843, -0.661719 -6.590087 -1.259843, -0.663472 -6.583546 -1.259843, -0.665708 -6.577154 -1.259843, -0.668416 -6.570948 -1.259843, -0.671580 -6.564961 -1.259843, -0.675183 -6.559227 -1.259843, -0.679204 -6.553778 -1.259843, -0.683621 -6.548646 -1.259843, -0.688410 -6.543858 -1.259843, -0.693542 -6.539440 -1.259843, -0.698991 -6.535419 -1.259843, -0.704724 -6.531817 -1.259843, -0.710711 -6.528652 -1.259843, -0.716918 -6.525945 -1.259843, -0.723310 -6.523708 -1.259843, -0.729850 -6.521955 -1.259843, -0.736504 -6.520696 -1.259843, -0.743233 -6.519938 -1.259843, -0.750000 -6.519685 -1.259843, -0.756767 -6.519938 -1.259843, -0.763496 -6.520696 -1.259843, -0.770150 -6.521955 -1.259843, -0.776690 -6.523708 -1.259843, -0.783082 -6.525945 -1.259843, -0.789289 -6.528652 -1.259843, -0.795276 -6.531817 -1.259843, -0.801009 -6.535419 -1.259843, -0.806458 -6.539440 -1.259843, -0.811590 -6.543858 -1.259843, -0.816379 -6.548646 -1.259843, -0.820796 -6.553778 -1.259843, -0.824817 -6.559227 -1.259843, -0.828420 -6.564961 -1.259843, -0.831584 -6.570948 -1.259843, -0.834292 -6.577154 -1.259843, -0.836528 -6.583546 -1.259843, -0.838281 -6.590087 -1.259843, -0.839540 -6.596740 -1.259843, -0.840298 -6.603469 -1.259843, -0.840551 -6.610236 -1.259843, -0.840298 -6.617003 -1.259843, -0.839540 -6.623732 -1.259843, -0.838281 -6.630386 -1.259843, -0.836528 -6.636927 -1.259843, -0.834292 -6.643318 -1.259843, -0.831584 -6.649525 -1.259843, -0.828420 -6.655512 -1.259843, -0.824817 -6.661246 -1.259843, -0.820796 -6.666694 -1.259843, -0.816379 -6.671827 -1.259843, -0.811590 -6.676615 -1.259843, -0.806458 -6.681032 -1.259843, -0.801009 -6.685053 -1.259843, -0.795276 -6.688656 -1.259843, -0.789289 -6.691820 -1.259843, -0.783082 -6.694528 -1.259843, -0.776690 -6.696764 -1.259843, -0.770150 -6.698517 -1.259843, -0.763496 -6.699776 -1.259843, -0.756767 -6.700534 -1.259843, -0.750000 -6.700787 -1.259843, -0.743233 -6.700534 -1.259843, -0.736504 -6.699776 -1.259843, -0.729850 -6.698517 -1.259843, -0.723310 -6.696764 -1.259843, -0.716918 -6.694528 -1.259843, -0.710711 -6.691820 -1.259843, -0.704724 -6.688656 -1.259843, -0.698991 -6.685053 -1.259843, -0.693542 -6.681032 -1.259843, -0.688410 -6.676615 -1.259843, -0.683621 -6.671827 -1.259843, -0.679204 -6.666694 -1.259843, -0.675183 -6.661246 -1.259843, -0.671580 -6.655512 -1.259843, -0.668416 -6.649525 -1.259843, -0.665708 -6.643318 -1.259843, -0.663472 -6.636927 -1.259843, -0.661719 -6.630386 -1.259843, -0.660460 -6.623732 -1.259843, -0.659702 -6.617003 -1.259843, -0.659449 -6.610236 -1.259843, -0.659702 -6.603469 -1.259843, -0.660460 -6.596740 -1.259843, -0.661719 -6.590087 -1.259843, -0.663472 -6.583546 -1.259843, -0.665708 -6.577154 -1.259843, -0.668416 -6.570948 -1.259843, -0.671580 -6.564961 -1.259843, -0.675183 -6.559227 -1.259843, -0.679204 -6.553778 -1.259843, -0.683621 -6.548646 -1.259843, -0.688410 -6.543858 -1.259843, -0.693542 -6.539440 -1.259843, -0.698991 -6.535419 -1.259843, -0.704724 -6.531817 -1.259843, -0.710711 -6.528652 -1.259843, -0.716918 -6.525945 -1.259843, -0.723310 -6.523708 -1.259843, -0.729850 -6.521955 -1.259843, -0.736504 -6.520696 -1.259843, -0.743233 -6.519938 -1.259843, -0.750000 -6.519685 -1.259843, -0.756767 -6.519938 -1.259843, -0.763496 -6.520696 -1.259843, -0.770150 -6.521955 -1.259843, -0.776690 -6.523708 -1.259843, -0.783082 -6.525945 -1.259843, -0.789289 -6.528652 -1.259843, -0.795276 -6.531817 -1.259843, -0.801009 -6.535419 -1.259843, -0.806458 -6.539440 -1.259843, -0.811590 -6.543858 -1.259843, -0.816379 -6.548646 -1.259843, -0.820796 -6.553778 -1.259843, -0.824817 -6.559227 -1.259843, -0.828420 -6.564961 -1.259843, -0.831584 -6.570948 -1.259843, -0.834292 -6.577154 -1.259843, -0.836528 -6.583546 -1.259843, -0.838281 -6.590087 -1.259843, -0.839540 -6.596740 -1.259843, -0.840298 -6.603469 -1.259843, -0.840551 -6.610236 -1.259843, -0.840298 -6.617003 -1.259843, -0.839540 -6.623732 -1.259843, -0.838281 -6.630386 -1.259843, -0.836528 -6.636927 -1.259843, -0.834292 -6.643318 -1.259843, -0.831584 -6.649525 -1.259843, -0.828420 -6.655512 -1.259843, -0.824817 -6.661246 -1.259843, -0.820796 -6.666694 -1.259843, -0.816379 -6.671827 -1.259843, -0.811590 -6.676615 -1.259843, -0.806458 -6.681032 -1.259843, -0.801009 -6.685053 -1.259843, -0.795276 -6.688656 -1.259843, -0.789289 -6.691820 -1.259843, -0.783082 -6.694528 -1.259843, -0.776690 -6.696764 -1.259843, -0.770150 -6.698517 -1.259843, -0.763496 -6.699776 -1.259843, -0.756767 -6.700534 -1.259843, -0.750000 -6.700787 -1.259843, -0.743233 -6.700534 -1.259843, -0.736504 -6.699776 -1.259843, -0.729850 -6.698517 -1.259843, -0.723310 -6.696764 -1.259843, -0.716918 -6.694528 -1.259843, -0.710711 -6.691820 -1.259843, -0.704724 -6.688656 -1.259843, -0.698991 -6.685053 -1.259843, -0.693542 -6.681032 -1.259843, -0.688410 -6.676615 -1.259843, -0.683621 -6.671827 -1.259843, -0.679204 -6.666694 -1.259843, -0.675183 -6.661246 -1.259843, -0.671580 -6.655512 -1.259843, -0.668416 -6.649525 -1.259843, -0.665708 -6.643318 -1.259843, -0.663472 -6.636927 -1.259843, -0.661719 -6.630386 -1.259843, -0.660460 -6.623732 -1.259843, -0.659702 -6.617003 -1.259843, -0.659449 -6.610236 0.196850, -0.659702 -6.603469 0.196850, -0.660460 -6.596740 0.196850, -0.661719 -6.590087 0.196850, -0.663472 -6.583546 0.196850, -0.665708 -6.577154 0.196850, -0.668416 -6.570948 0.196850, -0.671580 -6.564961 0.196850, -0.675183 -6.559227 0.196850, -0.679204 -6.553778 0.196850, -0.683621 -6.548646 0.196850, -0.688410 -6.543858 0.196850, -0.693542 -6.539440 0.196850, -0.698991 -6.535419 0.196850, -0.704724 -6.531817 0.196850, -0.710711 -6.528652 0.196850, -0.716918 -6.525945 0.196850, -0.723310 -6.523708 0.196850, -0.729850 -6.521955 0.196850, -0.736504 -6.520696 0.196850, -0.743233 -6.519938 0.196850, -0.750000 -6.519685 0.196850, -0.756767 -6.519938 0.196850, -0.763496 -6.520696 0.196850, -0.770150 -6.521955 0.196850, -0.776690 -6.523708 0.196850, -0.783082 -6.525945 0.196850, -0.789289 -6.528652 0.196850, -0.795276 -6.531817 0.196850, -0.801009 -6.535419 0.196850, -0.806458 -6.539440 0.196850, -0.811590 -6.543858 0.196850, -0.816379 -6.548646 0.196850, -0.820796 -6.553778 0.196850, -0.824817 -6.559227 0.196850, -0.828420 -6.564961 0.196850, -0.831584 -6.570948 0.196850, -0.834292 -6.577154 0.196850, -0.836528 -6.583546 0.196850, -0.838281 -6.590087 0.196850, -0.839540 -6.596740 0.196850, -0.840298 -6.603469 0.196850, -0.840551 -6.610236 0.196850, -0.840298 -6.617003 0.196850, -0.839540 -6.623732 0.196850, -0.838281 -6.630386 0.196850, -0.836528 -6.636927 0.196850, -0.834292 -6.643318 0.196850, -0.831584 -6.649525 0.196850, -0.828420 -6.655512 0.196850, -0.824817 -6.661246 0.196850, -0.820796 -6.666694 0.196850, -0.816379 -6.671827 0.196850, -0.811590 -6.676615 0.196850, -0.806458 -6.681032 0.196850, -0.801009 -6.685053 0.196850, -0.795276 -6.688656 0.196850, -0.789289 -6.691820 0.196850, -0.783082 -6.694528 0.196850, -0.776690 -6.696764 0.196850, -0.770150 -6.698517 0.196850, -0.763496 -6.699776 0.196850, -0.756767 -6.700534 0.196850, -0.750000 -6.700787 0.196850, -0.743233 -6.700534 0.196850, -0.736504 -6.699776 0.196850, -0.729850 -6.698517 0.196850, -0.723310 -6.696764 0.196850, -0.716918 -6.694528 0.196850, -0.710711 -6.691820 0.196850, -0.704724 -6.688656 0.196850, -0.698991 -6.685053 0.196850, -0.693542 -6.681032 0.196850, -0.688410 -6.676615 0.196850, -0.683621 -6.671827 0.196850, -0.679204 -6.666694 0.196850, -0.675183 -6.661246 0.196850, -0.671580 -6.655512 0.196850, -0.668416 -6.649525 0.196850, -0.665708 -6.643318 0.196850, -0.663472 -6.636927 0.196850, -0.661719 -6.630386 0.196850, -0.660460 -6.623732 0.196850, -0.659702 -6.617003 0.196850 ] } coordIndex [ 87 1 0 -1, 87 2 1 -1, 88 3 2 -1, 88 2 87 -1, 89 4 3 -1, 89 3 88 -1, 90 5 4 -1, 90 6 5 -1, 90 4 89 -1, 91 7 6 -1, 91 6 90 -1, 92 7 91 -1, 93 8 7 -1, 93 9 8 -1, 93 7 92 -1, 94 9 93 -1, 95 10 9 -1, 95 9 94 -1, 96 11 10 -1, 96 10 95 -1, 96 12 11 -1, 97 13 12 -1, 97 12 96 -1, 98 13 97 -1, 99 14 13 -1, 99 13 98 -1, 100 15 14 -1, 100 14 99 -1, 101 16 15 -1, 101 15 100 -1, 102 17 16 -1, 102 16 101 -1, 103 18 17 -1, 103 17 102 -1, 104 19 18 -1, 104 18 103 -1, 105 20 19 -1, 105 19 104 -1, 106 21 20 -1, 106 20 105 -1, 107 22 21 -1, 107 21 106 -1, 108 23 22 -1, 108 22 107 -1, 109 24 23 -1, 109 23 108 -1, 110 25 24 -1, 110 24 109 -1, 111 26 25 -1, 111 25 110 -1, 112 27 26 -1, 112 28 27 -1, 112 26 111 -1, 113 28 112 -1, 114 29 28 -1, 114 28 113 -1, 115 30 29 -1, 115 29 114 -1, 116 31 30 -1, 116 30 115 -1, 117 32 31 -1, 117 31 116 -1, 118 32 117 -1, 118 33 32 -1, 119 33 118 -1, 119 34 33 -1, 120 34 119 -1, 120 35 34 -1, 121 35 120 -1, 121 36 35 -1, 121 37 36 -1, 122 37 121 -1, 123 37 122 -1, 123 38 37 -1, 124 38 123 -1, 124 39 38 -1, 125 39 124 -1, 125 40 39 -1, 125 41 40 -1, 126 41 125 -1, 126 42 41 -1, 127 42 126 -1, 128 42 127 -1, 128 43 42 -1, 128 44 43 -1, 129 44 128 -1, 130 45 44 -1, 130 44 129 -1, 131 46 45 -1, 131 45 130 -1, 132 47 46 -1, 132 46 131 -1, 133 48 47 -1, 133 49 48 -1, 133 47 132 -1, 134 49 133 -1, 135 50 49 -1, 135 51 50 -1, 135 49 134 -1, 136 51 135 -1, 137 52 51 -1, 137 51 136 -1, 138 53 52 -1, 138 52 137 -1, 139 54 53 -1, 139 53 138 -1, 140 55 54 -1, 140 54 139 -1, 141 56 55 -1, 141 55 140 -1, 142 57 56 -1, 142 56 141 -1, 143 58 57 -1, 143 57 142 -1, 144 58 143 -1, 144 59 58 -1, 145 59 144 -1, 145 60 59 -1, 146 60 145 -1, 146 61 60 -1, 147 61 146 -1, 147 62 61 -1, 148 62 147 -1, 148 63 62 -1, 149 63 148 -1, 149 64 63 -1, 150 64 149 -1, 150 65 64 -1, 151 65 150 -1, 151 66 65 -1, 152 66 151 -1, 152 67 66 -1, 153 67 152 -1, 153 68 67 -1, 154 68 153 -1, 154 69 68 -1, 155 69 154 -1, 155 70 69 -1, 156 70 155 -1, 156 71 70 -1, 156 72 71 -1, 157 72 156 -1, 157 73 72 -1, 158 73 157 -1, 159 73 158 -1, 159 74 73 -1, 159 75 74 -1, 160 75 159 -1, 161 75 160 -1, 161 76 75 -1, 161 77 76 -1, 162 77 161 -1, 163 77 162 -1, 163 78 77 -1, 163 79 78 -1, 164 79 163 -1, 165 80 79 -1, 165 81 80 -1, 165 79 164 -1, 166 81 165 -1, 167 82 81 -1, 167 83 82 -1, 167 81 166 -1, 168 83 167 -1, 169 84 83 -1, 169 85 84 -1, 169 83 168 -1, 86 85 169 -1, 240 239 238 -1, 204 206 205 -1, 242 241 240 -1, 244 243 242 -1, 198 200 199 -1, 249 247 246 -1, 249 248 247 -1, 252 250 249 -1, 252 251 250 -1, 170 253 252 -1, 173 171 170 -1, 173 172 171 -1, 175 174 173 -1, 177 176 175 -1, 180 178 177 -1, 180 179 178 -1, 181 206 204 -1, 181 252 249 -1, 181 170 252 -1, 181 183 182 -1, 181 184 183 -1, 181 185 184 -1, 181 186 185 -1, 181 187 186 -1, 181 188 187 -1, 181 189 188 -1, 181 177 175 -1, 181 190 189 -1, 181 191 190 -1, 181 192 191 -1, 181 193 192 -1, 181 194 193 -1, 181 195 194 -1, 181 196 195 -1, 181 197 196 -1, 181 198 197 -1, 181 201 200 -1, 181 202 201 -1, 181 242 240 -1, 181 203 202 -1, 181 180 177 -1, 181 204 203 -1, 181 207 206 -1, 181 208 207 -1, 181 209 208 -1, 181 210 209 -1, 181 173 170 -1, 181 211 210 -1, 181 212 211 -1, 181 213 212 -1, 181 214 213 -1, 181 215 214 -1, 181 216 215 -1, 181 217 216 -1, 181 218 217 -1, 181 219 218 -1, 181 220 219 -1, 181 221 220 -1, 181 222 221 -1, 181 223 222 -1, 181 224 223 -1, 181 225 224 -1, 181 240 238 -1, 181 226 225 -1, 181 227 226 -1, 181 228 227 -1, 181 229 228 -1, 181 230 229 -1, 181 231 230 -1, 181 232 231 -1, 181 233 232 -1, 181 234 233 -1, 181 235 234 -1, 181 236 235 -1, 181 237 236 -1, 181 238 237 -1, 181 200 198 -1, 181 175 173 -1, 181 244 242 -1, 181 245 244 -1, 181 246 245 -1, 181 249 246 -1, 324 322 323 -1, 288 289 290 -1, 326 324 325 -1, 328 326 327 -1, 282 283 284 -1, 333 330 331 -1, 333 331 332 -1, 336 333 334 -1, 336 334 335 -1, 254 336 337 -1, 257 254 255 -1, 257 255 256 -1, 259 257 258 -1, 261 259 260 -1, 264 261 262 -1, 264 262 263 -1, 265 288 290 -1, 265 333 336 -1, 265 336 254 -1, 265 266 267 -1, 265 267 268 -1, 265 268 269 -1, 265 269 270 -1, 265 270 271 -1, 265 271 272 -1, 265 272 273 -1, 265 259 261 -1, 265 273 274 -1, 265 274 275 -1, 265 275 276 -1, 265 276 277 -1, 265 277 278 -1, 265 278 279 -1, 265 279 280 -1, 265 280 281 -1, 265 281 282 -1, 265 284 285 -1, 265 285 286 -1, 265 324 326 -1, 265 286 287 -1, 265 261 264 -1, 265 287 288 -1, 265 290 291 -1, 265 291 292 -1, 265 292 293 -1, 265 293 294 -1, 265 254 257 -1, 265 294 295 -1, 265 295 296 -1, 265 296 297 -1, 265 297 298 -1, 265 298 299 -1, 265 299 300 -1, 265 300 301 -1, 265 301 302 -1, 265 302 303 -1, 265 303 304 -1, 265 304 305 -1, 265 305 306 -1, 265 306 307 -1, 265 307 308 -1, 265 308 309 -1, 265 322 324 -1, 265 309 310 -1, 265 310 311 -1, 265 311 312 -1, 265 312 313 -1, 265 313 314 -1, 265 314 315 -1, 265 315 316 -1, 265 316 317 -1, 265 317 318 -1, 265 318 319 -1, 265 319 320 -1, 265 320 321 -1, 265 321 322 -1, 265 282 284 -1, 265 257 259 -1, 265 326 328 -1, 265 328 329 -1, 265 329 330 -1, 265 330 333 -1 ] } }
Shape { appearance Appearance { material Material { diffuseColor 0.76 0.58 0.23 specularColor .4 .4 .4 shininess .5 } } geometry IndexedFaceSet { solid FALSE coord Coordinate { point [ -0.828740 -2.766757 4.568454, -0.828740 -2.745054 4.644144, -0.828740 -0.496060 3.917342, -0.828740 -0.474357 3.993032, -0.671260 -2.766757 4.568454, -0.671260 -2.745054 4.644144, -0.671260 -0.496060 3.917342, -0.671260 -0.474357 3.993032, -0.828740 -2.766757 4.568454, -0.671260 -2.766757 4.568454, -0.828740 -2.745054 4.644144, -0.671260 -2.745054 4.644144, -0.828740 -0.496060 3.917342, -0.671260 -0.496060 3.917342, -0.828740 -0.474357 3.993032, -0.671260 -0.474357 3.993032, -0.828740 -2.766757 4.568454, -0.828740 -0.496060 3.917342, -0.671260 -2.766757 4.568454, -0.671260 -0.496060 3.917342, -0.828740 -2.745054 4.644144, -0.828740 -0.474357 3.993032, -0.671260 -2.745054 4.644144, -0.671260 -0.474357 3.993032 ] } coordIndex [ 0 3 2 -1, 1 3 0 -1, 4 6 7 -1, 5 4 7 -1, 9 10 8 -1, 11 10 9 -1, 13 12 14 -1, 15 13 14 -1, 19 16 17 -1, 19 18 16 -1, 23 21 20 -1, 23 20 22 -1 ] } }
Shape { appearance Appearance { material Material { diffuseColor 0.64 0.67 0.7 specularColor .4 .4 .4 shininess .5 } } geometry IndexedFaceSet { solid FALSE coord Coordinate { point [ -0.159449 -5.610236 -1.259843, -0.159449 -5.610236 0.196850, -0.159702 -5.603469 0.196850, -0.160460 -5.596740 0.196850, -0.161719 -5.590087 0.196850, -0.163472 -5.583546 0.196850, -0.165708 -5.577154 0.196850, -0.168416 -5.570948 0.196850, -0.171580 -5.564961 0.196850, -0.175183 -5.559227 0.196850, -0.179204 -5.553778 0.196850, -0.183621 -5.548646 0.196850, -0.188410 -5.543858 0.196850, -0.193542 -5.539440 0.196850, -0.198991 -5.535419 0.196850, -0.204724 -5.531817 0.196850, -0.210711 -5.528652 0.196850, -0.216918 -5.525945 0.196850, -0.223310 -5.523708 0.196850, -0.229850 -5.521955 0.196850, -0.236504 -5.520696 0.196850, -0.243233 -5.519938 0.196850, -0.250000 -5.519685 0.196850, -0.256767 -5.519938 0.196850, -0.263496 -5.520696 0.196850, -0.270150 -5.521955 0.196850, -0.276690 -5.523708 0.196850, -0.283082 -5.525945 0.196850, -0.289289 -5.528652 0.196850, -0.295276 -5.531817 0.196850, -0.301009 -5.535419 0.196850, -0.306458 -5.539440 0.196850, -0.311590 -5.543858 0.196850, -0.316379 -5.548646 0.196850, -0.320796 -5.553778 0.196850, -0.324817 -5.559227 0.196850, -0.328420 -5.564961 0.196850, -0.331584 -5.570948 0.196850, -0.334292 -5.577154 0.196850, -0.336528 -5.583546 0.196850, -0.338281 -5.590087 0.196850, -0.339540 -5.596740 0.196850, -0.340298 -5.603469 0.196850, -0.340551 -5.610236 0.196850, -0.340298 -5.617003 0.196850, -0.339540 -5.623732 0.196850, -0.338281 -5.630386 0.196850, -0.336528 -5.636927 0.196850, -0.334292 -5.643318 0.196850, -0.331584 -5.649525 0.196850, -0.328420 -5.655512 0.196850, -0.324817 -5.661246 0.196850, -0.320796 -5.666694 0.196850, -0.316379 -5.671827 0.196850, -0.311590 -5.676615 0.196850, -0.306458 -5.681032 0.196850, -0.301009 -5.685053 0.196850, -0.295276 -5.688656 0.196850, -0.289289 -5.691820 0.196850, -0.283082 -5.694528 0.196850, -0.276690 -5.696764 0.196850, -0.270150 -5.698517 0.196850, -0.263496 -5.699776 0.196850, -0.256767 -5.700534 0.196850, -0.250000 -5.700787 0.196850, -0.243233 -5.700534 0.196850, -0.236504 -5.699776 0.196850, -0.229850 -5.698517 0.196850, -0.223310 -5.696764 0.196850, -0.216918 -5.694528 0.196850, -0.210711 -5.691820 0.196850, -0.204724 -5.688656 0.196850, -0.198991 -5.685053 0.196850, -0.193542 -5.681032 0.196850, -0.188410 -5.676615 0.196850, -0.183621 -5.671827 0.196850, -0.179204 -5.666694 0.196850, -0.175183 -5.661246 0.196850, -0.171580 -5.655512 0.196850, -0.168416 -5.649525 0.196850, -0.165708 -5.643318 0.196850, -0.163472 -5.636927 0.196850, -0.161719 -5.630386 0.196850, -0.160460 -5.623732 0.196850, -0.159702 -5.617003 0.196850, -0.159449 -5.610236 0.196850, -0.159449 -5.610236 -1.259843, -0.159702 -5.603469 -1.259843, -0.160460 -5.596740 -1.259843, -0.161719 -5.590087 -1.259843, -0.163472 -5.583546 -1.259843, -0.165708 -5.577154 -1.259843, -0.168416 -5.570948 -1.259843, -0.171580 -5.564961 -1.259843, -0.175183 -5.559227 -1.259843, -0.179204 -5.553778 -1.259843, -0.183621 -5.548646 -1.259843, -0.188410 -5.543858 -1.259843, -0.193542 -5.539440 -1.259843, -0.198991 -5.535419 -1.259843, -0.204724 -5.531817 -1.259843, -0.210711 -5.528652 -1.259843, -0.216918 -5.525945 -1.259843, -0.223310 -5.523708 -1.259843, -0.229850 -5.521955 -1.259843, -0.236504 -5.520696 -1.259843, -0.243233 -5.519938 -1.259843, -0.250000 -5.519685 -1.259843, -0.256767 -5.519938 -1.259843, -0.263496 -5.520696 -1.259843, -0.270150 -5.521955 -1.259843, -0.276690 -5.523708 -1.259843, -0.283082 -5.525945 -1.259843, -0.289289 -5.528652 -1.259843, -0.295276 -5.531817 -1.259843, -0.301009 -5.535419 -1.259843, -0.306458 -5.539440 -1.259843, -0.311590 -5.543858 -1.259843, -0.316379 -5.548646 -1.259843, -0.320796 -5.553778 -1.259843, -0.324817 -5.559227 -1.259843, -0.328420 -5.564961 -1.259843, -0.331584 -5.570948 -1.259843, -0.334292 -5.577154 -1.259843, -0.336528 -5.583546 -1.259843, -0.338281 -5.590087 -1.259843, -0.339540 -5.596740 -1.259843, -0.340298 -5.603469 -1.259843, -0.340551 -5.610236 -1.259843, -0.340298 -5.617003 -1.259843, -0.339540 -5.623732 -1.259843, -0.338281 -5.630386 -1.259843, -0.336528 -5.636927 -1.259843, -0.334292 -5.643318 -1.259843, -0.331584 -5.649525 -1.259843, -0.328420 -5.655512 -1.259843, -0.324817 -5.661246 -1.259843, -0.320796 -5.666694 -1.259843, -0.316379 -5.671827 -1.259843, -0.311590 -5.676615 -1.259843, -0.306458 -5.681032 -1.259843, -0.301009 -5.685053 -1.259843, -0.295276 -5.688656 -1.259843, -0.289289 -5.691820 -1.259843, -0.283082 -5.694528 -1.259843, -0.276690 -5.696764 -1.259843, -0.270150 -5.698517 -1.259843, -0.263496 -5.699776 -1.259843, -0.256767 -5.700534 -1.259843, -0.250000 -5.700787 -1.259843, -0.243233 -5.700534 -1.259843, -0.236504 -5.699776 -1.259843, -0.229850 -5.698517 -1.259843, -0.223310 -5.696764 -1.259843, -0.216918 -5.694528 -1.259843, -0.210711 -5.691820 -1.259843, -0.204724 -5.688656 -1.259843, -0.198991 -5.685053 -1.259843, -0.193542 -5.681032 -1.259843, -0.188410 -5.676615 -1.259843, -0.183621 -5.671827 -1.259843, -0.179204 -5.666694 -1.259843, -0.175183 -5.661246 -1.259843, -0.171580 -5.655512 -1.259843, -0.168416 -5.649525 -1.259843, -0.165708 -5.643318 -1.259843, -0.163472 -5.636927 -1.259843, -0.161719 -5.630386 -1.259843, -0.160460 -5.623732 -1.259843, -0.159702 -5.617003 -1.259843, -0.159449 -5.610236 -1.259843, -0.159702 -5.603469 -1.259843, -0.160460 -5.596740 -1.259843, -0.161719 -5.590087 -1.259843, -0.163472 -5.583546 -1.259843, -0.165708 -5.577154 -1.259843, -0.168416 -5.570948 -1.259843, -0.171580 -5.564961 -1.259843, -0.175183 -5.559227 -1.259843, -0.179204 -5.553778 -1.259843, -0.183621 -5.548646 -1.259843, -0.188410 -5.543858 -1.259843, -0.193542 -5.539440 -1.259843, -0.198991 -5.535419 -1.259843, -0.204724 -5.531817 -1.259843, -0.210711 -5.528652 -1.259843, -0.216918 -5.525945 -1.259843, -0.223310 -5.523708 -1.259843, -0.229850 -5.521955 -1.259843, -0.236504 -5.520696 -1.259843, -0.243233 -5.519938 -1.259843, -0.250000 -5.519685 -1.259843, -0.256767 -5.519938 -1.259843, -0.263496 -5.520696 -1.259843, -0.270150 -5.521955 -1.259843, -0.276690 -5.523708 -1.259843, -0.283082 -5.525945 -1.259843, -0.289289 -5.528652 -1.259843, -0.295276 -5.531817 -1.259843, -0.301009 -5.535419 -1.259843, -0.306458 -5.539440 -1.259843, -0.311590 -5.543858 -1.259843, -0.316379 -5.548646 -1.259843, -0.320796 -5.553778 -1.259843, -0.324817 -5.559227 -1.259843, -0.328420 -5.564961 -1.259843, -0.331584 -5.570948 -1.259843, -0.334292 -5.577154 -1.259843, -0.336528 -5.583546 -1.259843, -0.338281 -5.590087 -1.259843, -0.339540 -5.596740 -1.259843, -0.340298 -5.603469 -1.259843, -0.340551 -5.610236 -1.259843, -0.340298 -5.617003 -1.259843, -0.339540 -5.623732 -1.259843, -0.338281 -5.630386 -1.259843, -0.336528 -5.636927 -1.259843, -0.334292 -5.643318 -1.259843, -0.331584 -5.649525 -1.259843, -0.328420 -5.655512 -1.259843, -0.324817 -5.661246 -1.259843, -0.320796 -5.666694 -1.259843, -0.316379 -5.671827 -1.259843, -0.311590 -5.676615 -1.259843, -0.306458 -5.681032 -1.259843, -0.301009 -5.685053 -1.259843, -0.295276 -5.688656 -1.259843, -0.289289 -5.691820 -1.259843, -0.283082 -5.694528 -1.259843, -0.276690 -5.696764 -1.259843, -0.270150 -5.698517 -1.259843, -0.263496 -5.699776 -1.259843, -0.256767 -5.700534 -1.259843, -0.250000 -5.700787 -1.259843, -0.243233 -5.700534 -1.259843, -0.236504 -5.699776 -1.259843, -0.229850 -5.698517 -1.259843, -0.223310 -5.696764 -1.259843, -0.216918 -5.694528 -1.259843, -0.210711 -5.691820 -1.259843, -0.204724 -5.688656 -1.259843, -0.198991 -5.685053 -1.259843, -0.193542 -5.681032 -1.259843, -0.188410 -5.676615 -1.259843, -0.183621 -5.671827 -1.259843, -0.179204 -5.666694 -1.259843, -0.175183 -5.661246 -1.259843, -0.171580 -5.655512 -1.259843, -0.168416 -5.649525 -1.259843, -0.165708 -5.643318 -1.259843, -0.163472 -5.636927 -1.259843, -0.161719 -5.630386 -1.259843, -0.160460 -5.623732 -1.259843, -0.159702 -5.617003 -1.259843, -0.159449 -5.610236 0.196850, -0.159702 -5.603469 0.196850, -0.160460 -5.596740 0.196850, -0.161719 -5.590087 0.196850, -0.163472 -5.583546 0.196850, -0.165708 -5.577154 0.196850, -0.168416 -5.570948 0.196850, -0.171580 -5.564961 0.196850, -0.175183 -5.559227 0.196850, -0.179204 -5.553778 0.196850, -0.183621 -5.548646 0.196850, -0.188410 -5.543858 0.196850, -0.193542 -5.539440 0.196850, -0.198991 -5.535419 0.196850, -0.204724 -5.531817 0.196850, -0.210711 -5.528652 0.196850, -0.216918 -5.525945 0.196850, -0.223310 -5.523708 0.196850, -0.229850 -5.521955 0.196850, -0.236504 -5.520696 0.196850, -0.243233 -5.519938 0.196850, -0.250000 -5.519685 0.196850, -0.256767 -5.519938 0.196850, -0.263496 -5.520696 0.196850, -0.270150 -5.521955 0.196850, -0.276690 -5.523708 0.196850, -0.283082 -5.525945 0.196850, -0.289289 -5.528652 0.196850, -0.295276 -5.531817 0.196850, -0.301009 -5.535419 0.196850, -0.306458 -5.539440 0.196850, -0.311590 -5.543858 0.196850, -0.316379 -5.548646 0.196850, -0.320796 -5.553778 0.196850, -0.324817 -5.559227 0.196850, -0.328420 -5.564961 0.196850, -0.331584 -5.570948 0.196850, -0.334292 -5.577154 0.196850, -0.336528 -5.583546 0.196850, -0.338281 -5.590087 0.196850, -0.339540 -5.596740 0.196850, -0.340298 -5.603469 0.196850, -0.340551 -5.610236 0.196850, -0.340298 -5.617003 0.196850, -0.339540 -5.623732 0.196850, -0.338281 -5.630386 0.196850, -0.336528 -5.636927 0.196850, -0.334292 -5.643318 0.196850, -0.331584 -5.649525 0.196850, -0.328420 -5.655512 0.196850, -0.324817 -5.661246 0.196850, -0.320796 -5.666694 0.196850, -0.316379 -5.671827 0.196850, -0.311590 -5.676615 0.196850, -0.306458 -5.681032 0.196850, -0.301009 -5.685053 0.196850, -0.295276 -5.688656 0.196850, -0.289289 -5.691820 0.196850, -0.283082 -5.694528 0.196850, -0.276690 -5.696764 0.196850, -0.270150 -5.698517 0.196850, -0.263496 -5.699776 0.196850, -0.256767 -5.700534 0.196850, -0.250000 -5.700787 0.196850, -0.243233 -5.700534 0.196850, -0.236504 -5.699776 0.196850, -0.229850 -5.698517 0.196850, -0.223310 -5.696764 0.196850, -0.216918 -5.694528 0.196850, -0.210711 -5.691820 0.196850, -0.204724 -5.688656 0.196850, -0.198991 -5.685053 0.196850, -0.193542 -5.681032 0.196850, -0.188410 -5.676615 0.196850, -0.183621 -5.671827 0.196850, -0.179204 -5.666694 0.196850, -0.175183 -5.661246 0.196850, -0.171580 -5.655512 0.196850, -0.168416 -5.649525 0.196850, -0.165708 -5.643318 0.196850, -0.163472 -5.636927 0.196850, -0.161719 -5.630386 0.196850, -0.160460 -5.623732 0.196850, -0.159702 -5.617003 0.196850 ] } coordIndex [ 87 1 0 -1, 87 2 1 -1, 88 3 2 -1, 88 2 87 -1, 89 4 3 -1, 89 3 88 -1, 90 5 4 -1, 90 6 5 -1, 90 4 89 -1, 91 7 6 -1, 91 6 90 -1, 92 7 91 -1, 93 8 7 -1, 93 9 8 -1, 93 7 92 -1, 94 9 93 -1, 95 10 9 -1, 95 9 94 -1, 96 11 10 -1, 96 10 95 -1, 96 12 11 -1, 97 13 12 -1, 97 12 96 -1, 98 13 97 -1, 99 14 13 -1, 99 13 98 -1, 100 15 14 -1, 100 14 99 -1, 101 16 15 -1, 101 15 100 -1, 102 17 16 -1, 102 16 101 -1, 103 18 17 -1, 103 17 102 -1, 104 19 18 -1, 104 18 103 -1, 105 20 19 -1, 105 19 104 -1, 106 21 20 -1, 106 20 105 -1, 107 22 21 -1, 107 21 106 -1, 108 23 22 -1, 108 22 107 -1, 109 24 23 -1, 109 23 108 -1, 110 25 24 -1, 110 24 109 -1, 111 26 25 -1, 111 25 110 -1, 112 27 26 -1, 112 28 27 -1, 112 26 111 -1, 113 28 112 -1, 114 29 28 -1, 114 28 113 -1, 115 30 29 -1, 115 29 114 -1, 116 31 30 -1, 116 30 115 -1, 117 32 31 -1, 117 31 116 -1, 118 32 117 -1, 118 33 32 -1, 119 33 118 -1, 119 34 33 -1, 120 34 119 -1, 120 35 34 -1, 121 35 120 -1, 121 36 35 -1, 121 37 36 -1, 122 37 121 -1, 123 37 122 -1, 123 38 37 -1, 124 38 123 -1, 124 39 38 -1, 125 39 124 -1, 125 40 39 -1, 125 41 40 -1, 126 41 125 -1, 126 42 41 -1, 127 42 126 -1, 128 42 127 -1, 128 43 42 -1, 128 44 43 -1, 129 44 128 -1, 130 45 44 -1, 130 44 129 -1, 131 46 45 -1, 131 45 130 -1, 132 47 46 -1, 132 46 131 -1, 133 48 47 -1, 133 49 48 -1, 133 47 132 -1, 134 49 133 -1, 135 50 49 -1, 135 51 50 -1, 135 49 134 -1, 136 51 135 -1, 137 52 51 -1, 137 51 136 -1, 138 53 52 -1, 138 52 137 -1, 139 54 53 -1, 139 53 138 -1, 140 55 54 -1, 140 54 139 -1, 141 56 55 -1, 141 55 140 -1, 142 57 56 -1, 142 56 141 -1, 143 58 57 -1, 143 57 142 -1, 144 58 143 -1, 144 59 58 -1, 145 59 144 -1, 145 60 59 -1, 146 60 145 -1, 146 61 60 -1, 147 61 146 -1, 147 62 61 -1, 148 62 147 -1, 148 63 62 -1, 149 63 148 -1, 149 64 63 -1, 150 64 149 -1, 150 65 64 -1, 151 65 150 -1, 151 66 65 -1, 152 66 151 -1, 152 67 66 -1, 153 67 152 -1, 153 68 67 -1, 154 68 153 -1, 154 69 68 -1, 155 69 154 -1, 155 70 69 -1, 156 70 155 -1, 156 71 70 -1, 156 72 71 -1, 157 72 156 -1, 157 73 72 -1, 158 73 157 -1, 159 73 158 -1, 159 74 73 -1, 159 75 74 -1, 160 75 159 -1, 161 75 160 -1, 161 76 75 -1, 161 77 76 -1, 162 77 161 -1, 163 77 162 -1, 163 78 77 -1, 163 79 78 -1, 164 79 163 -1, 165 80 79 -1, 165 81 80 -1, 165 79 164 -1, 166 81 165 -1, 167 82 81 -1, 167 83 82 -1, 167 81 166 -1, 168 83 167 -1, 169 84 83 -1, 169 85 84 -1, 169 83 168 -1, 86 85 169 -1, 240 239 238 -1, 204 206 205 -1, 242 241 240 -1, 244 243 242 -1, 198 200 199 -1, 249 247 246 -1, 249 248 247 -1, 252 250 249 -1, 252 251 250 -1, 170 253 252 -1, 173 171 170 -1, 173 172 171 -1, 175 174 173 -1, 177 176 175 -1, 180 178 177 -1, 180 179 178 -1, 181 206 204 -1, 181 252 249 -1, 181 170 252 -1, 181 183 182 -1, 181 184 183 -1, 181 185 184 -1, 181 186 185 -1, 181 187 186 -1, 181 188 187 -1, 181 189 188 -1, 181 177 175 -1, 181 190 189 -1, 181 191 190 -1, 181 192 191 -1, 181 193 192 -1, 181 194 193 -1, 181 195 194 -1, 181 196 195 -1, 181 197 196 -1, 181 198 197 -1, 181 201 200 -1, 181 202 201 -1, 181 242 240 -1, 181 203 202 -1, 181 180 177 -1, 181 204 203 -1, 181 207 206 -1, 181 208 207 -1, 181 209 208 -1, 181 210 209 -1, 181 173 170 -1, 181 211 210 -1, 181 212 211 -1, 181 213 212 -1, 181 214 213 -1, 181 215 214 -1, 181 216 215 -1, 181 217 216 -1, 181 218 217 -1, 181 219 218 -1, 181 220 219 -1, 181 221 220 -1, 181 222 221 -1, 181 223 222 -1, 181 224 223 -1, 181 225 224 -1, 181 240 238 -1, 181 226 225 -1, 181 227 226 -1, 181 228 227 -1, 181 229 228 -1, 181 230 229 -1, 181 231 230 -1, 181 232 231 -1, 181 233 232 -1, 181 234 233 -1, 181 235 234 -1, 181 236 235 -1, 181 237 236 -1, 181 238 237 -1, 181 200 198 -1, 181 175 173 -1, 181 244 242 -1, 181 245 244 -1, 181 246 245 -1, 181 249 246 -1, 324 322 323 -1, 288 289 290 -1, 326 324 325 -1, 328 326 327 -1, 282 283 284 -1, 333 330 331 -1, 333 331 332 -1, 336 333 334 -1, 336 334 335 -1, 254 336 337 -1, 257 254 255 -1, 257 255 256 -1, 259 257 258 -1, 261 259 260 -1, 264 261 262 -1, 264 262 263 -1, 265 288 290 -1, 265 333 336 -1, 265 336 254 -1, 265 266 267 -1, 265 267 268 -1, 265 268 269 -1, 265 269 270 -1, 265 270 271 -1, 265 271 272 -1, 265 272 273 -1, 265 259 261 -1, 265 273 274 -1, 265 274 275 -1, 265 275 276 -1, 265 276 277 -1, 265 277 278 -1, 265 278 279 -1, 265 279 280 -1, 265 280 281 -1, 265 281 282 -1, 265 284 285 -1, 265 285 286 -1, 265 324 326 -1, 265 286 287 -1, 265 261 264 -1, 265 287 288 -1, 265 290 291 -1, 265 291 292 -1, 265 292 293 -1, 265 293 294 -1, 265 254 257 -1, 265 294 295 -1, 265 295 296 -1, 265 296 297 -1, 265 297 298 -1, 265 298 299 -1, 265 299 300 -1, 265 300 301 -1, 265 301 302 -1, 265 302 303 -1, 265 303 304 -1, 265 304 305 -1, 265 305 306 -1, 265 306 307 -1, 265 307 308 -1, 265 308 309 -1, 265 322 324 -1, 265 309 310 -1, 265 310 311 -1, 265 311 312 -1, 265 312 313 -1, 265 313 314 -1, 265 314 315 -1, 265 315 316 -1, 265 316 317 -1, 265 317 318 -1, 265 318 319 -1, 265 319 320 -1, 265 320 321 -1, 265 321 322 -1, 265 282 284 -1, 265 257 259 -1, 265 326 328 -1, 265 328 329 -1, 265 329 330 -1, 265 330 333 -1 ] } }
Shape { appearance Appearance { material Material { diffuseColor 0.76 0.58 0.23 specularColor .4 .4 .4 shininess .5 } } geometry IndexedFaceSet { solid FALSE coord Coordinate { point [ -0.328740 -2.766757 4.568454, -0.328740 -2.745054 4.644144, -0.328740 -0.496060 3.917342, -0.328740 -0.474357 3.993032, -0.171260 -2.766757 4.568454, -0.171260 -2.745054 4.644144, -0.171260 -0.496060 3.917342, -0.171260 -0.474357 3.993032, -0.328740 -2.766757 4.568454, -0.171260 -2.766757 4.568454, -0.328740 -2.745054 4.644144, -0.171260 -2.745054 4.644144, -0.328740 -0.496060 3.917342, -0.171260 -0.496060 3.917342, -0.328740 -0.474357 3.993032, -0.171260 -0.474357 3.993032, -0.328740 -2.766757 4.568454, -0.328740 -0.496060 3.917342, -0.171260 -2.766757 4.568454, -0.171260 -0.496060 3.917342, -0.328740 -2.745054 4.644144, -0.328740 -0.474357 3.993032, -0.171260 -2.745054 4.644144, -0.171260 -0.474357 3.993032 ] } coordIndex [ 0 3 2 -1, 1 3 0 -1, 4 6 7 -1, 5 4 7 -1, 9 10 8 -1, 11 10 9 -1, 13 12 14 -1, 15 13 14 -1, 19 16 17 -1, 19 18 16 -1, 23 21 20 -1, 23 20 22 -1 ] } }
Shape { appearance Appearance { material Material { diffuseColor 0.64 0.67 0.7 specularColor .4 .4 .4 shininess .5 } } geometry IndexedFaceSet { solid FALSE coord Coordinate { point [ 0.340551 -6.610236 -1.259843, 0.340551 -6.610236 0.196850, 0.340298 -6.603469 0.196850, 0.339540 -6.596740 0.196850, 0.338281 -6.590087 0.196850, 0.336528 -6.583546 0.196850, 0.334292 -6.577154 0.196850, 0.331584 -6.570948 0.196850, 0.328420 -6.564961 0.196850, 0.324817 -6.559227 0.196850, 0.320796 -6.553778 0.196850, 0.316379 -6.548646 0.196850, 0.311590 -6.543858 0.196850, 0.306458 -6.539440 0.196850, 0.301009 -6.535419 0.196850, 0.295276 -6.531817 0.196850, 0.289289 -6.528652 0.196850, 0.283082 -6.525945 0.196850, 0.276690 -6.523708 0.196850, 0.270150 -6.521955 0.196850, 0.263496 -6.520696 0.196850, 0.256767 -6.519938 0.196850, 0.250000 -6.519685 0.196850, 0.243233 -6.519938 0.196850, 0.236504 -6.520696 0.196850, 0.229850 -6.521955 0.196850, 0.223310 -6.523708 0.196850, 0.216918 -6.525945 0.196850, 0.210711 -6.528652 0.196850, 0.204724 -6.531817 0.196850, 0.198991 -6.535419 0.196850, 0.193542 -6.539440 0.196850, 0.188410 -6.543858 0.196850, 0.183621 -6.548646 0.196850, 0.179204 -6.553778 0.196850, 0.175183 -6.559227 0.196850, 0.171580 -6.564961 0.196850, 0.168416 -6.570948 0.196850, 0.165708 -6.577154 0.196850, 0.163472 -6.583546 0.196850, 0.161719 -6.590087 0.196850, 0.160460 -6.596740 0.196850, 0.159702 -6.603469 0.196850, 0.159449 -6.610236 0.196850, 0.159702 -6.617003 0.196850, 0.160460 -6.623732 0.196850, 0.161719 -6.630386 0.196850, 0.163472 -6.636927 0.196850, 0.165708 -6.643318 0.196850, 0.168416 -6.649525 0.196850, 0.171580 -6.655512 0.196850, 0.175183 -6.661246 0.196850, 0.179204 -6.666694 0.196850, 0.183621 -6.671827 0.196850, 0.188410 -6.676615 0.196850, 0.193542 -6.681032 0.196850, 0.198991 -6.685053 0.196850, 0.204724 -6.688656 0.196850, 0.210711 -6.691820 0.196850, 0.216918 -6.694528 0.196850, 0.223310 -6.696764 0.196850, 0.229850 -6.698517 0.196850, 0.236504 -6.699776 0.196850, 0.243233 -6.700534 0.196850, 0.250000 -6.700787 0.196850, 0.256767 -6.700534 0.196850, 0.263496 -6.699776 0.196850, 0.270150 -6.698517 0.196850, 0.276690 -6.696764 0.196850, 0.283082 -6.694528 0.196850, 0.289289 -6.691820 0.196850, 0.295276 -6.688656 0.196850, 0.301009 -6.685053 0.196850, 0.306458 -6.681032 0.196850, 0.311590 -6.676615 0.196850, 0.316379 -6.671827 0.196850, 0.320796 -6.666694 0.196850, 0.324817 -6.661246 0.196850, 0.328420 -6.655512 0.196850, 0.331584 -6.649525 0.196850, 0.334292 -6.643318 0.196850, 0.336528 -6.636927 0.196850, 0.338281 -6.630386 0.196850, 0.339540 -6.623732 0.196850, 0.340298 -6.617003 0.196850, 0.340551 -6.610236 0.196850, 0.340551 -6.610236 -1.259843, 0.340298 -6.603469 -1.259843, 0.339540 -6.596740 -1.259843, 0.338281 -6.590087 -1.259843, 0.336528 -6.583546 -1.259843, 0.334292 -6.577154 -1.259843, 0.331584 -6.570948 -1.259843, 0.328420 -6.564961 -1.259843, 0.324817 -6.559227 -1.259843, 0.320796 -6.553778 -1.259843, 0.316379 -6.548646 -1.259843, 0.311590 -6.543858 -1.259843, 0.306458 -6.539440 -1.259843, 0.301009 -6.535419 -1.259843, 0.295276 -6.531817 -1.259843, 0.289289 -6.528652 -1.259843, 0.283082 -6.525945 -1.259843, 0.276690 -6.523708 -1.259843, 0.270150 -6.521955 -1.259843, 0.263496 -6.520696 -1.259843, 0.256767 -6.519938 -1.259843, 0.250000 -6.519685 -1.259843, 0.243233 -6.519938 -1.259843, 0.236504 -6.520696 -1.259843, 0.229850 -6.521955 -1.259843, 0.223310 -6.523708 -1.259843, 0.216918 -6.525945 -1.259843, 0.210711 -6.528652 -1.259843, 0.204724 -6.531817 -1.259843, 0.198991 -6.535419 -1.259843, 0.193542 -6.539440 -1.259843, 0.188410 -6.543858 -1.259843, 0.183621 -6.548646 -1.259843, 0.179204 -6.553778 -1.259843, 0.175183 -6.559227 -1.259843, 0.171580 -6.564961 -1.259843, 0.168416 -6.570948 -1.259843, 0.165708 -6.577154 -1.259843, 0.163472 -6.583546 -1.259843, 0.161719 -6.590087 -1.259843, 0.160460 -6.596740 -1.259843, 0.159702 -6.603469 -1.259843, 0.159449 -6.610236 -1.259843, 0.159702 -6.617003 -1.259843, 0.160460 -6.623732 -1.259843, 0.161719 -6.630386 -1.259843, 0.163472 -6.636927 -1.259843, 0.165708 -6.643318 -1.259843, 0.168416 -6.649525 -1.259843, 0.171580 -6.655512 -1.259843, 0.175183 -6.661246 -1.259843, 0.179204 -6.666694 -1.259843, 0.183621 -6.671827 -1.259843, 0.188410 -6.676615 -1.259843, 0.193542 -6.681032 -1.259843, 0.198991 -6.685053 -1.259843, 0.204724 -6.688656 -1.259843, 0.210711 -6.691820 -1.259843, 0.216918 -6.694528 -1.259843, 0.223310 -6.696764 -1.259843, 0.229850 -6.698517 -1.259843, 0.236504 -6.699776 -1.259843, 0.243233 -6.700534 -1.259843, 0.250000 -6.700787 -1.259843, 0.256767 -6.700534 -1.259843, 0.263496 -6.699776 -1.259843, 0.270150 -6.698517 -1.259843, 0.276690 -6.696764 -1.259843, 0.283082 -6.694528 -1.259843, 0.289289 -6.691820 -1.259843, 0.295276 -6.688656 -1.259843, 0.301009 -6.685053 -1.259843, 0.306458 -6.681032 -1.259843, 0.311590 -6.676615 -1.259843, 0.316379 -6.671827 -1.259843, 0.320796 -6.666694 -1.259843, 0.324817 -6.661246 -1.259843, 0.328420 -6.655512 -1.259843, 0.331584 -6.649525 -1.259843, 0.334292 -6.643318 -1.259843, 0.336528 -6.636927 -1.259843, 0.338281 -6.630386 -1.259843, 0.339540 -6.623732 -1.259843, 0.340298 -6.617003 -1.259843, 0.340551 -6.610236 -1.259843, 0.340298 -6.603469 -1.259843, 0.339540 -6.596740 -1.259843, 0.338281 -6.590087 -1.259843, 0.336528 -6.583546 -1.259843, 0.334292 -6.577154 -1.259843, 0.331584 -6.570948 -1.259843, 0.328420 -6.564961 -1.259843, 0.324817 -6.559227 -1.259843, 0.320796 -6.553778 -1.259843, 0.316379 -6.548646 -1.259843, 0.311590 -6.543858 -1.259843, 0.306458 -6.539440 -1.259843, 0.301009 -6.535419 -1.259843, 0.295276 -6.531817 -1.259843, 0.289289 -6.528652 -1.259843, 0.283082 -6.525945 -1.259843, 0.276690 -6.523708 -1.259843, 0.270150 -6.521955 -1.259843, 0.263496 -6.520696 -1.259843, 0.256767 -6.519938 -1.259843, 0.250000 -6.519685 -1.259843, 0.243233 -6.519938 -1.259843, 0.236504 -6.520696 -1.259843, 0.229850 -6.521955 -1.259843, 0.223310 -6.523708 -1.259843, 0.216918 -6.525945 -1.259843, 0.210711 -6.528652 -1.259843, 0.204724 -6.531817 -1.259843, 0.198991 -6.535419 -1.259843, 0.193542 -6.539440 -1.259843, 0.188410 -6.543858 -1.259843, 0.183621 -6.548646 -1.259843, 0.179204 -6.553778 -1.259843, 0.175183 -6.559227 -1.259843, 0.171580 -6.564961 -1.259843, 0.168416 -6.570948 -1.259843, 0.165708 -6.577154 -1.259843, 0.163472 -6.583546 -1.259843, 0.161719 -6.590087 -1.259843, 0.160460 -6.596740 -1.259843, 0.159702 -6.603469 -1.259843, 0.159449 -6.610236 -1.259843, 0.159702 -6.617003 -1.259843, 0.160460 -6.623732 -1.259843, 0.161719 -6.630386 -1.259843, 0.163472 -6.636927 -1.259843, 0.165708 -6.643318 -1.259843, 0.168416 -6.649525 -1.259843, 0.171580 -6.655512 -1.259843, 0.175183 -6.661246 -1.259843, 0.179204 -6.666694 -1.259843, 0.183621 -6.671827 -1.259843, 0.188410 -6.676615 -1.259843, 0.193542 -6.681032 -1.259843, 0.198991 -6.685053 -1.259843, 0.204724 -6.688656 -1.259843, 0.210711 -6.691820 -1.259843, 0.216918 -6.694528 -1.259843, 0.223310 -6.696764 -1.259843, 0.229850 -6.698517 -1.259843, 0.236504 -6.699776 -1.259843, 0.243233 -6.700534 -1.259843, 0.250000 -6.700787 -1.259843, 0.256767 -6.700534 -1.259843, 0.263496 -6.699776 -1.259843, 0.270150 -6.698517 -1.259843, 0.276690 -6.696764 -1.259843, 0.283082 -6.694528 -1.259843, 0.289289 -6.691820 -1.259843, 0.295276 -6.688656 -1.259843, 0.301009 -6.685053 -1.259843, 0.306458 -6.681032 -1.259843, 0.311590 -6.676615 -1.259843, 0.316379 -6.671827 -1.259843, 0.320796 -6.666694 -1.259843, 0.324817 -6.661246 -1.259843, 0.328420 -6.655512 -1.259843, 0.331584 -6.649525 -1.259843, 0.334292 -6.643318 -1.259843, 0.336528 -6.636927 -1.259843, 0.338281 -6.630386 -1.259843, 0.339540 -6.623732 -1.259843, 0.340298 -6.617003 -1.259843, 0.340551 -6.610236 0.196850, 0.340298 -6.603469 0.196850, 0.339540 -6.596740 0.196850, 0.338281 -6.590087 0.196850, 0.336528 -6.583546 0.196850, 0.334292 -6.577154 0.196850, 0.331584 -6.570948 0.196850, 0.328420 -6.564961 0.196850, 0.324817 -6.559227 0.196850, 0.320796 -6.553778 0.196850, 0.316379 -6.548646 0.196850, 0.311590 -6.543858 0.196850, 0.306458 -6.539440 0.196850, 0.301009 -6.535419 0.196850, 0.295276 -6.531817 0.196850, 0.289289 -6.528652 0.196850, 0.283082 -6.525945 0.196850, 0.276690 -6.523708 0.196850, 0.270150 -6.521955 0.196850, 0.263496 -6.520696 0.196850, 0.256767 -6.519938 0.196850, 0.250000 -6.519685 0.196850, 0.243233 -6.519938 0.196850, 0.236504 -6.520696 0.196850, 0.229850 -6.521955 0.196850, 0.223310 -6.523708 0.196850, 0.216918 -6.525945 0.196850, 0.210711 -6.528652 0.196850, 0.204724 -6.531817 0.196850, 0.198991 -6.535419 0.196850, 0.193542 -6.539440 0.196850, 0.188410 -6.543858 0.196850, 0.183621 -6.548646 0.196850, 0.179204 -6.553778 0.196850, 0.175183 -6.559227 0.196850, 0.171580 -6.564961 0.196850, 0.168416 -6.570948 0.196850, 0.165708 -6.577154 0.196850, 0.163472 -6.583546 0.196850, 0.161719 -6.590087 0.196850, 0.160460 -6.596740 0.196850, 0.159702 -6.603469 0.196850, 0.159449 -6.610236 0.196850, 0.159702 -6.617003 0.196850, 0.160460 -6.623732 0.196850, 0.161719 -6.630386 0.196850, 0.163472 -6.636927 0.196850, 0.165708 -6.643318 0.196850, 0.168416 -6.649525 0.196850, 0.171580 -6.655512 0.196850, 0.175183 -6.661246 0.196850, 0.179204 -6.666694 0.196850, 0.183621 -6.671827 0.196850, 0.188410 -6.676615 0.196850, 0.193542 -6.681032 0.196850, 0.198991 -6.685053 0.196850, 0.204724 -6.688656 0.196850, 0.210711 -6.691820 0.196850, 0.216918 -6.694528 0.196850, 0.223310 -6.696764 0.196850, 0.229850 -6.698517 0.196850, 0.236504 -6.699776 0.196850, 0.243233 -6.700534 0.196850, 0.250000 -6.700787 0.196850, 0.256767 -6.700534 0.196850, 0.263496 -6.699776 0.196850, 0.270150 -6.698517 0.196850, 0.276690 -6.696764 0.196850, 0.283082 -6.694528 0.196850, 0.289289 -6.691820 0.196850, 0.295276 -6.688656 0.196850, 0.301009 -6.685053 0.196850, 0.306458 -6.681032 0.196850, 0.311590 -6.676615 0.196850, 0.316379 -6.671827 0.196850, 0.320796 -6.666694 0.196850, 0.324817 -6.661246 0.196850, 0.328420 -6.655512 0.196850, 0.331584 -6.649525 0.196850, 0.334292 -6.643318 0.196850, 0.336528 -6.636927 0.196850, 0.338281 -6.630386 0.196850, 0.339540 -6.623732 0.196850, 0.340298 -6.617003 0.196850 ] } coordIndex [ 87 1 0 -1, 87 2 1 -1, 88 3 2 -1, 88 2 87 -1, 89 4 3 -1, 89 3 88 -1, 90 5 4 -1, 90 6 5 -1, 90 4 89 -1, 91 7 6 -1, 91 6 90 -1, 92 7 91 -1, 93 8 7 -1, 93 9 8 -1, 93 7 92 -1, 94 9 93 -1, 95 10 9 -1, 95 9 94 -1, 96 11 10 -1, 96 10 95 -1, 96 12 11 -1, 97 13 12 -1, 97 12 96 -1, 98 13 97 -1, 99 14 13 -1, 99 13 98 -1, 100 15 14 -1, 100 14 99 -1, 101 16 15 -1, 101 15 100 -1, 102 17 16 -1, 102 16 101 -1, 103 18 17 -1, 103 17 102 -1, 104 19 18 -1, 104 18 103 -1, 105 20 19 -1, 105 19 104 -1, 106 21 20 -1, 106 20 105 -1, 107 22 21 -1, 107 21 106 -1, 108 23 22 -1, 108 22 107 -1, 109 24 23 -1, 109 23 108 -1, 110 25 24 -1, 110 24 109 -1, 111 26 25 -1, 111 25 110 -1, 112 27 26 -1, 112 28 27 -1, 112 26 111 -1, 113 28 112 -1, 114 29 28 -1, 114 28 113 -1, 115 30 29 -1, 115 29 114 -1, 116 31 30 -1, 116 30 115 -1, 117 32 31 -1, 117 31 116 -1, 118 32 117 -1, 118 33 32 -1, 119 33 118 -1, 119 34 33 -1, 120 34 119 -1, 120 35 34 -1, 121 35 120 -1, 121 36 35 -1, 121 37 36 -1, 122 37 121 -1, 123 37 122 -1, 123 38 37 -1, 124 38 123 -1, 124 39 38 -1, 125 39 124 -1, 125 40 39 -1, 125 41 40 -1, 126 41 125 -1, 126 42 41 -1, 127 42 126 -1, 128 42 127 -1, 128 43 42 -1, 128 44 43 -1, 129 44 128 -1, 130 45 44 -1, 130 44 129 -1, 131 46 45 -1, 131 45 130 -1, 132 47 46 -1, 132 46 131 -1, 133 48 47 -1, 133 49 48 -1, 133 47 132 -1, 134 49 133 -1, 135 50 49 -1, 135 51 50 -1, 135 49 134 -1, 136 51 135 -1, 137 52 51 -1, 137 51 136 -1, 138 53 52 -1, 138 52 137 -1, 139 54 53 -1, 139 53 138 -1, 140 55 54 -1, 140 54 139 -1, 141 56 55 -1, 141 55 140 -1, 142 57 56 -1, 142 56 141 -1, 143 58 57 -1, 143 57 142 -1, 144 58 143 -1, 144 59 58 -1, 145 59 144 -1, 145 60 59 -1, 146 60 145 -1, 146 61 60 -1, 147 61 146 -1, 147 62 61 -1, 148 62 147 -1, 148 63 62 -1, 149 63 148 -1, 149 64 63 -1, 150 64 149 -1, 150 65 64 -1, 151 65 150 -1, 151 66 65 -1, 152 66 151 -1, 152 67 66 -1, 153 67 152 -1, 153 68 67 -1, 154 68 153 -1, 154 69 68 -1, 155 69 154 -1, 155 70 69 -1, 156 70 155 -1, 156 71 70 -1, 156 72 71 -1, 157 72 156 -1, 157 73 72 -1, 158 73 157 -1, 159 73 158 -1, 159 74 73 -1, 159 75 74 -1, 160 75 159 -1, 161 75 160 -1, 161 76 75 -1, 161 77 76 -1, 162 77 161 -1, 163 77 162 -1, 163 78 77 -1, 163 79 78 -1, 164 79 163 -1, 165 80 79 -1, 165 81 80 -1, 165 79 164 -1, 166 81 165 -1, 167 82 81 -1, 167 83 82 -1, 167 81 166 -1, 168 83 167 -1, 169 84 83 -1, 169 85 84 -1, 169 83 168 -1, 86 85 169 -1, 238 237 236 -1, 241 240 239 -1, 242 241 239 -1, 245 243 242 -1, 245 244 243 -1, 198 200 199 -1, 247 246 245 -1, 249 248 247 -1, 252 250 249 -1, 252 251 250 -1, 170 253 252 -1, 172 171 170 -1, 188 190 189 -1, 174 173 172 -1, 186 188 187 -1, 178 177 176 -1, 179 175 174 -1, 179 176 175 -1, 179 178 176 -1, 181 179 174 -1, 181 242 239 -1, 181 180 179 -1, 181 172 170 -1, 181 183 182 -1, 181 184 183 -1, 181 185 184 -1, 181 186 185 -1, 181 191 190 -1, 181 188 186 -1, 181 192 191 -1, 181 174 172 -1, 181 193 192 -1, 181 194 193 -1, 181 195 194 -1, 181 196 195 -1, 181 197 196 -1, 181 198 197 -1, 181 201 200 -1, 181 202 201 -1, 181 203 202 -1, 181 204 203 -1, 181 205 204 -1, 181 206 205 -1, 181 207 206 -1, 181 208 207 -1, 181 209 208 -1, 181 210 209 -1, 181 211 210 -1, 181 212 211 -1, 181 213 212 -1, 181 214 213 -1, 181 247 245 -1, 181 215 214 -1, 181 216 215 -1, 181 217 216 -1, 181 218 217 -1, 181 238 236 -1, 181 219 218 -1, 181 220 219 -1, 181 221 220 -1, 181 222 221 -1, 181 223 222 -1, 181 224 223 -1, 181 225 224 -1, 181 249 247 -1, 181 226 225 -1, 181 227 226 -1, 181 245 242 -1, 181 228 227 -1, 181 229 228 -1, 181 170 252 -1, 181 230 229 -1, 181 231 230 -1, 181 232 231 -1, 181 233 232 -1, 181 234 233 -1, 181 235 234 -1, 181 236 235 -1, 181 190 188 -1, 181 239 238 -1, 181 200 198 -1, 181 252 249 -1, 322 320 321 -1, 325 323 324 -1, 326 323 325 -1, 329 326 327 -1, 329 327 328 -1, 282 283 284 -1, 331 329 330 -1, 333 331 332 -1, 336 333 334 -1, 336 334 335 -1, 254 336 337 -1, 256 254 255 -1, 272 273 274 -1, 258 256 257 -1, 270 271 272 -1, 262 260 261 -1, 263 258 259 -1, 263 259 260 -1, 263 260 262 -1, 265 258 263 -1, 265 323 326 -1, 265 263 264 -1, 265 254 256 -1, 265 266 267 -1, 265 267 268 -1, 265 268 269 -1, 265 269 270 -1, 265 274 275 -1, 265 270 272 -1, 265 275 276 -1, 265 256 258 -1, 265 276 277 -1, 265 277 278 -1, 265 278 279 -1, 265 279 280 -1, 265 280 281 -1, 265 281 282 -1, 265 284 285 -1, 265 285 286 -1, 265 286 287 -1, 265 287 288 -1, 265 288 289 -1, 265 289 290 -1, 265 290 291 -1, 265 291 292 -1, 265 292 293 -1, 265 293 294 -1, 265 294 295 -1, 265 295 296 -1, 265 296 297 -1, 265 297 298 -1, 265 329 331 -1, 265 298 299 -1, 265 299 300 -1, 265 300 301 -1, 265 301 302 -1, 265 320 322 -1, 265 302 303 -1, 265 303 304 -1, 265 304 305 -1, 265 305 306 -1, 265 306 307 -1, 265 307 308 -1, 265 308 309 -1, 265 331 333 -1, 265 309 310 -1, 265 310 311 -1, 265 326 329 -1, 265 311 312 -1, 265 312 313 -1, 265 336 254 -1, 265 313 314 -1, 265 314 315 -1, 265 315 316 -1, 265 316 317 -1, 265 317 318 -1, 265 318 319 -1, 265 319 320 -1, 265 272 274 -1, 265 322 323 -1, 265 282 284 -1, 265 333 336 -1 ] } }
Shape { appearance Appearance { material Material { diffuseColor 0.76 0.58 0.23 specularColor .4 .4 .4 shininess .5 } } geometry IndexedFaceSet { solid FALSE coord Coordinate { point [ 0.171260 -2.766757 4.568454, 0.171260 -2.745054 4.644144, 0.171260 -0.496060 3.917342, 0.171260 -0.474357 3.993032, 0.328740 -2.766757 4.568454, 0.328740 -2.745054 4.644144, 0.328740 -0.496060 3.917342, 0.328740 -0.474357 3.993032, 0.171260 -2.766757 4.568454, 0.328740 -2.766757 4.568454, 0.171260 -2.745054 4.644144, 0.328740 -2.745054 4.644144, 0.171260 -0.496060 3.917342, 0.328740 -0.496060 3.917342, 0.171260 -0.474357 3.993032, 0.328740 -0.474357 3.993032, 0.171260 -2.766757 4.568454, 0.171260 -0.496060 3.917342, 0.328740 -2.766757 4.568454, 0.328740 -0.496060 3.917342, 0.171260 -2.745054 4.644144, 0.171260 -0.474357 3.993032, 0.328740 -2.745054 4.644144, 0.328740 -0.474357 3.993032 ] } coordIndex [ 0 3 2 -1, 1 3 0 -1, 4 6 7 -1, 5 4 7 -1, 9 10 8 -1, 11 10 9 -1, 13 12 14 -1, 15 13 14 -1, 19 16 17 -1, 19 18 16 -1, 23 21 20 -1, 23 20 22 -1 ] } }
Shape { appearance Appearance { material Material { diffuseColor 0.64 0.67 0.7 specularColor .4 .4 .4 shininess .5 } } geometry IndexedFaceSet { solid FALSE coord Coordinate { point [ 0.840551 -5.610236 -1.259843, 0.840551 -5.610236 0.196850, 0.840298 -5.603469 0.196850, 0.839540 -5.596740 0.196850, 0.838281 -5.590087 0.196850, 0.836528 -5.583546 0.196850, 0.834292 -5.577154 0.196850, 0.831584 -5.570948 0.196850, 0.828420 -5.564961 0.196850, 0.824817 -5.559227 0.196850, 0.820796 -5.553778 0.196850, 0.816379 -5.548646 0.196850, 0.811590 -5.543858 0.196850, 0.806458 -5.539440 0.196850, 0.801009 -5.535419 0.196850, 0.795276 -5.531817 0.196850, 0.789289 -5.528652 0.196850, 0.783082 -5.525945 0.196850, 0.776690 -5.523708 0.196850, 0.770150 -5.521955 0.196850, 0.763496 -5.520696 0.196850, 0.756767 -5.519938 0.196850, 0.750000 -5.519685 0.196850, 0.743233 -5.519938 0.196850, 0.736504 -5.520696 0.196850, 0.729850 -5.521955 0.196850, 0.723310 -5.523708 0.196850, 0.716918 -5.525945 0.196850, 0.710711 -5.528652 0.196850, 0.704724 -5.531817 0.196850, 0.698991 -5.535419 0.196850, 0.693542 -5.539440 0.196850, 0.688410 -5.543858 0.196850, 0.683621 -5.548646 0.196850, 0.679204 -5.553778 0.196850, 0.675183 -5.559227 0.196850, 0.671580 -5.564961 0.196850, 0.668416 -5.570948 0.196850, 0.665708 -5.577154 0.196850, 0.663472 -5.583546 0.196850, 0.661719 -5.590087 0.196850, 0.660460 -5.596740 0.196850, 0.659702 -5.603469 0.196850, 0.659449 -5.610236 0.196850, 0.659702 -5.617003 0.196850, 0.660460 -5.623732 0.196850, 0.661719 -5.630386 0.196850, 0.663472 -5.636927 0.196850, 0.665708 -5.643318 0.196850, 0.668416 -5.649525 0.196850, 0.671580 -5.655512 0.196850, 0.675183 -5.661246 0.196850, 0.679204 -5.666694 0.196850, 0.683621 -5.671827 0.196850, 0.688410 -5.676615 0.196850, 0.693542 -5.681032 0.196850, 0.698991 -5.685053 0.196850, 0.704724 -5.688656 0.196850, 0.710711 -5.691820 0.196850, 0.716918 -5.694528 0.196850, 0.723310 -5.696764 0.196850, 0.729850 -5.698517 0.196850, 0.736504 -5.699776 0.196850, 0.743233 -5.700534 0.196850, 0.750000 -5.700787 0.196850, 0.756767 -5.700534 0.196850, 0.763496 -5.699776 0.196850, 0.770150 -5.698517 0.196850, 0.776690 -5.696764 0.196850, 0.783082 -5.694528 0.196850, 0.789289 -5.691820 0.196850, 0.795276 -5.688656 0.196850, 0.801009 -5.685053 0.196850, 0.806458 -5.681032 0.196850, 0.811590 -5.676615 0.196850, 0.816379 -5.671827 0.196850, 0.820796 -5.666694 0.196850, 0.824817 -5.661246 0.196850, 0.828420 -5.655512 0.196850, 0.831584 -5.649525 0.196850, 0.834292 -5.643318 0.196850, 0.836528 -5.636927 0.196850, 0.838281 -5.630386 0.196850, 0.839540 -5.623732 0.196850, 0.840298 -5.617003 0.196850, 0.840551 -5.610236 0.196850, 0.840551 -5.610236 -1.259843, 0.840298 -5.603469 -1.259843, 0.839540 -5.596740 -1.259843, 0.838281 -5.590087 -1.259843, 0.836528 -5.583546 -1.259843, 0.834292 -5.577154 -1.259843, 0.831584 -5.570948 -1.259843, 0.828420 -5.564961 -1.259843, 0.824817 -5.559227 -1.259843, 0.820796 -5.553778 -1.259843, 0.816379 -5.548646 -1.259843, 0.811590 -5.543858 -1.259843, 0.806458 -5.539440 -1.259843, 0.801009 -5.535419 -1.259843, 0.795276 -5.531817 -1.259843, 0.789289 -5.528652 -1.259843, 0.783082 -5.525945 -1.259843, 0.776690 -5.523708 -1.259843, 0.770150 -5.521955 -1.259843, 0.763496 -5.520696 -1.259843, 0.756767 -5.519938 -1.259843, 0.750000 -5.519685 -1.259843, 0.743233 -5.519938 -1.259843, 0.736504 -5.520696 -1.259843, 0.729850 -5.521955 -1.259843, 0.723310 -5.523708 -1.259843, 0.716918 -5.525945 -1.259843, 0.710711 -5.528652 -1.259843, 0.704724 -5.531817 -1.259843, 0.698991 -5.535419 -1.259843, 0.693542 -5.539440 -1.259843, 0.688410 -5.543858 -1.259843, 0.683621 -5.548646 -1.259843, 0.679204 -5.553778 -1.259843, 0.675183 -5.559227 -1.259843, 0.671580 -5.564961 -1.259843, 0.668416 -5.570948 -1.259843, 0.665708 -5.577154 -1.259843, 0.663472 -5.583546 -1.259843, 0.661719 -5.590087 -1.259843, 0.660460 -5.596740 -1.259843, 0.659702 -5.603469 -1.259843, 0.659449 -5.610236 -1.259843, 0.659702 -5.617003 -1.259843, 0.660460 -5.623732 -1.259843, 0.661719 -5.630386 -1.259843, 0.663472 -5.636927 -1.259843, 0.665708 -5.643318 -1.259843, 0.668416 -5.649525 -1.259843, 0.671580 -5.655512 -1.259843, 0.675183 -5.661246 -1.259843, 0.679204 -5.666694 -1.259843, 0.683621 -5.671827 -1.259843, 0.688410 -5.676615 -1.259843, 0.693542 -5.681032 -1.259843, 0.698991 -5.685053 -1.259843, 0.704724 -5.688656 -1.259843, 0.710711 -5.691820 -1.259843, 0.716918 -5.694528 -1.259843, 0.723310 -5.696764 -1.259843, 0.729850 -5.698517 -1.259843, 0.736504 -5.699776 -1.259843, 0.743233 -5.700534 -1.259843, 0.750000 -5.700787 -1.259843, 0.756767 -5.700534 -1.259843, 0.763496 -5.699776 -1.259843, 0.770150 -5.698517 -1.259843, 0.776690 -5.696764 -1.259843, 0.783082 -5.694528 -1.259843, 0.789289 -5.691820 -1.259843, 0.795276 -5.688656 -1.259843, 0.801009 -5.685053 -1.259843, 0.806458 -5.681032 -1.259843, 0.811590 -5.676615 -1.259843, 0.816379 -5.671827 -1.259843, 0.820796 -5.666694 -1.259843, 0.824817 -5.661246 -1.259843, 0.828420 -5.655512 -1.259843, 0.831584 -5.649525 -1.259843, 0.834292 -5.643318 -1.259843, 0.836528 -5.636927 -1.259843, 0.838281 -5.630386 -1.259843, 0.839540 -5.623732 -1.259843, 0.840298 -5.617003 -1.259843, 0.840551 -5.610236 -1.259843, 0.840298 -5.603469 -1.259843, 0.839540 -5.596740 -1.259843, 0.838281 -5.590087 -1.259843, 0.836528 -5.583546 -1.259843, 0.834292 -5.577154 -1.259843, 0.831584 -5.570948 -1.259843, 0.828420 -5.564961 -1.259843, 0.824817 -5.559227 -1.259843, 0.820796 -5.553778 -1.259843, 0.816379 -5.548646 -1.259843, 0.811590 -5.543858 -1.259843, 0.806458 -5.539440 -1.259843, 0.801009 -5.535419 -1.259843, 0.795276 -5.531817 -1.259843, 0.789289 -5.528652 -1.259843, 0.783082 -5.525945 -1.259843, 0.776690 -5.523708 -1.259843, 0.770150 -5.521955 -1.259843, 0.763496 -5.520696 -1.259843, 0.756767 -5.519938 -1.259843, 0.750000 -5.519685 -1.259843, 0.743233 -5.519938 -1.259843, 0.736504 -5.520696 -1.259843, 0.729850 -5.521955 -1.259843, 0.723310 -5.523708 -1.259843, 0.716918 -5.525945 -1.259843, 0.710711 -5.528652 -1.259843, 0.704724 -5.531817 -1.259843, 0.698991 -5.535419 -1.259843, 0.693542 -5.539440 -1.259843, 0.688410 -5.543858 -1.259843, 0.683621 -5.548646 -1.259843, 0.679204 -5.553778 -1.259843, 0.675183 -5.559227 -1.259843, 0.671580 -5.564961 -1.259843, 0.668416 -5.570948 -1.259843, 0.665708 -5.577154 -1.259843, 0.663472 -5.583546 -1.259843, 0.661719 -5.590087 -1.259843, 0.660460 -5.596740 -1.259843, 0.659702 -5.603469 -1.259843, 0.659449 -5.610236 -1.259843, 0.659702 -5.617003 -1.259843, 0.660460 -5.623732 -1.259843, 0.661719 -5.630386 -1.259843, 0.663472 -5.636927 -1.259843, 0.665708 -5.643318 -1.259843, 0.668416 -5.649525 -1.259843, 0.671580 -5.655512 -1.259843, 0.675183 -5.661246 -1.259843, 0.679204 -5.666694 -1.259843, 0.683621 -5.671827 -1.259843, 0.688410 -5.676615 -1.259843, 0.693542 -5.681032 -1.259843, 0.698991 -5.685053 -1.259843, 0.704724 -5.688656 -1.259843, 0.710711 -5.691820 -1.259843, 0.716918 -5.694528 -1.259843, 0.723310 -5.696764 -1.259843, 0.729850 -5.698517 -1.259843, 0.736504 -5.699776 -1.259843, 0.743233 -5.700534 -1.259843, 0.750000 -5.700787 -1.259843, 0.756767 -5.700534 -1.259843, 0.763496 -5.699776 -1.259843, 0.770150 -5.698517 -1.259843, 0.776690 -5.696764 -1.259843, 0.783082 -5.694528 -1.259843, 0.789289 -5.691820 -1.259843, 0.795276 -5.688656 -1.259843, 0.801009 -5.685053 -1.259843, 0.806458 -5.681032 -1.259843, 0.811590 -5.676615 -1.259843, 0.816379 -5.671827 -1.259843, 0.820796 -5.666694 -1.259843, 0.824817 -5.661246 -1.259843, 0.828420 -5.655512 -1.259843, 0.831584 -5.649525 -1.259843, 0.834292 -5.643318 -1.259843, 0.836528 -5.636927 -1.259843, 0.838281 -5.630386 -1.259843, 0.839540 -5.623732 -1.259843, 0.840298 -5.617003 -1.259843, 0.840551 -5.610236 0.196850, 0.840298 -5.603469 0.196850, 0.839540 -5.596740 0.196850, 0.838281 -5.590087 0.196850, 0.836528 -5.583546 0.196850, 0.834292 -5.577154 0.196850, 0.831584 -5.570948 0.196850, 0.828420 -5.564961 0.196850, 0.824817 -5.559227 0.196850, 0.820796 -5.553778 0.196850, 0.816379 -5.548646 0.196850, 0.811590 -5.543858 0.196850, 0.806458 -5.539440 0.196850, 0.801009 -5.535419 0.196850, 0.795276 -5.531817 0.196850, 0.789289 -5.528652 0.196850, 0.783082 -5.525945 0.196850, 0.776690 -5.523708 0.196850, 0.770150 -5.521955 0.196850, 0.763496 -5.520696 0.196850, 0.756767 -5.519938 0.196850, 0.750000 -5.519685 0.196850, 0.743233 -5.519938 0.196850, 0.736504 -5.520696 0.196850, 0.729850 -5.521955 0.196850, 0.723310 -5.523708 0.196850, 0.716918 -5.525945 0.196850, 0.710711 -5.528652 0.196850, 0.704724 -5.531817 0.196850, 0.698991 -5.535419 0.196850, 0.693542 -5.539440 0.196850, 0.688410 -5.543858 0.196850, 0.683621 -5.548646 0.196850, 0.679204 -5.553778 0.196850, 0.675183 -5.559227 0.196850, 0.671580 -5.564961 0.196850, 0.668416 -5.570948 0.196850, 0.665708 -5.577154 0.196850, 0.663472 -5.583546 0.196850, 0.661719 -5.590087 0.196850, 0.660460 -5.596740 0.196850, 0.659702 -5.603469 0.196850, 0.659449 -5.610236 0.196850, 0.659702 -5.617003 0.196850, 0.660460 -5.623732 0.196850, 0.661719 -5.630386 0.196850, 0.663472 -5.636927 0.196850, 0.665708 -5.643318 0.196850, 0.668416 -5.649525 0.196850, 0.671580 -5.655512 0.196850, 0.675183 -5.661246 0.196850, 0.679204 -5.666694 0.196850, 0.683621 -5.671827 0.196850, 0.688410 -5.676615 0.196850, 0.693542 -5.681032 0.196850, 0.698991 -5.685053 0.196850, 0.704724 -5.688656 0.196850, 0.710711 -5.691820 0.196850, 0.716918 -5.694528 0.196850, 0.723310 -5.696764 0.196850, 0.729850 -5.698517 0.196850, 0.736504 -5.699776 0.196850, 0.743233 -5.700534 0.196850, 0.750000 -5.700787 0.196850, 0.756767 -5.700534 0.196850, 0.763496 -5.699776 0.196850, 0.770150 -5.698517 0.196850, 0.776690 -5.696764 0.196850, 0.783082 -5.694528 0.196850, 0.789289 -5.691820 0.196850, 0.795276 -5.688656 0.196850, 0.801009 -5.685053 0.196850, 0.806458 -5.681032 0.196850, 0.811590 -5.676615 0.196850, 0.816379 -5.671827 0.196850, 0.820796 -5.666694 0.196850, 0.824817 -5.661246 0.196850, 0.828420 -5.655512 0.196850, 0.831584 -5.649525 0.196850, 0.834292 -5.643318 0.196850, 0.836528 -5.636927 0.196850, 0.838281 -5.630386 0.196850, 0.839540 -5.623732 0.196850, 0.840298 -5.617003 0.196850 ] } coordIndex [ 87 1 0 -1, 87 2 1 -1, 88 3 2 -1, 88 2 87 -1, 89 4 3 -1, 89 3 88 -1, 90 5 4 -1, 90 6 5 -1, 90 4 89 -1, 91 7 6 -1, 91 6 90 -1, 92 7 91 -1, 93 8 7 -1, 93 9 8 -1, 93 7 92 -1, 94 9 93 -1, 95 10 9 -1, 95 9 94 -1, 96 11 10 -1, 96 10 95 -1, 96 12 11 -1, 97 13 12 -1, 97 12 96 -1, 98 13 97 -1, 99 14 13 -1, 99 13 98 -1, 100 15 14 -1, 100 14 99 -1, 101 16 15 -1, 101 15 100 -1, 102 17 16 -1, 102 16 101 -1, 103 18 17 -1, 103 17 102 -1, 104 19 18 -1, 104 18 103 -1, 105 20 19 -1, 105 19 104 -1, 106 21 20 -1, 106 20 105 -1, 107 22 21 -1, 107 21 106 -1, 108 23 22 -1, 108 22 107 -1, 109 24 23 -1, 109 23 108 -1, 110 25 24 -1, 110 24 109 -1, 111 26 25 -1, 111 25 110 -1, 112 27 26 -1, 112 28 27 -1, 112 26 111 -1, 113 28 112 -1, 114 29 28 -1, 114 28 113 -1, 115 30 29 -1, 115 29 114 -1, 116 31 30 -1, 116 30 115 -1, 117 32 31 -1, 117 31 116 -1, 118 32 117 -1, 118 33 32 -1, 119 33 118 -1, 119 34 33 -1, 120 34 119 -1, 120 35 34 -1, 121 35 120 -1, 121 36 35 -1, 121 37 36 -1, 122 37 121 -1, 123 37 122 -1, 123 38 37 -1, 124 38 123 -1, 124 39 38 -1, 125 39 124 -1, 125 40 39 -1, 125 41 40 -1, 126 41 125 -1, 126 42 41 -1, 127 42 126 -1, 128 42 127 -1, 128 43 42 -1, 128 44 43 -1, 129 44 128 -1, 130 45 44 -1, 130 44 129 -1, 131 46 45 -1, 131 45 130 -1, 132 47 46 -1, 132 46 131 -1, 133 48 47 -1, 133 49 48 -1, 133 47 132 -1, 134 49 133 -1, 135 50 49 -1, 135 51 50 -1, 135 49 134 -1, 136 51 135 -1, 137 52 51 -1, 137 51 136 -1, 138 53 52 -1, 138 52 137 -1, 139 54 53 -1, 139 53 138 -1, 140 55 54 -1, 140 54 139 -1, 141 56 55 -1, 141 55 140 -1, 142 57 56 -1, 142 56 141 -1, 143 58 57 -1, 143 57 142 -1, 144 58 143 -1, 144 59 58 -1, 145 59 144 -1, 145 60 59 -1, 146 60 145 -1, 146 61 60 -1, 147 61 146 -1, 147 62 61 -1, 148 62 147 -1, 148 63 62 -1, 149 63 148 -1, 149 64 63 -1, 150 64 149 -1, 150 65 64 -1, 151 65 150 -1, 151 66 65 -1, 152 66 151 -1, 152 67 66 -1, 153 67 152 -1, 153 68 67 -1, 154 68 153 -1, 154 69 68 -1, 155 69 154 -1, 155 70 69 -1, 156 70 155 -1, 156 71 70 -1, 156 72 71 -1, 157 72 156 -1, 157 73 72 -1, 158 73 157 -1, 159 73 158 -1, 159 74 73 -1, 159 75 74 -1, 160 75 159 -1, 161 75 160 -1, 161 76 75 -1, 161 77 76 -1, 162 77 161 -1, 163 77 162 -1, 163 78 77 -1, 163 79 78 -1, 164 79 163 -1, 165 80 79 -1, 165 81 80 -1, 165 79 164 -1, 166 81 165 -1, 167 82 81 -1, 167 83 82 -1, 167 81 166 -1, 168 83 167 -1, 169 84 83 -1, 169 85 84 -1, 169 83 168 -1, 86 85 169 -1, 240 239 238 -1, 204 206 205 -1, 242 241 240 -1, 244 243 242 -1, 198 200 199 -1, 249 247 246 -1, 249 248 247 -1, 252 250 249 -1, 252 251 250 -1, 170 253 252 -1, 173 171 170 -1, 173 172 171 -1, 175 174 173 -1, 177 176 175 -1, 180 178 177 -1, 180 179 178 -1, 181 206 204 -1, 181 252 249 -1, 181 170 252 -1, 181 183 182 -1, 181 184 183 -1, 181 185 184 -1, 181 186 185 -1, 181 187 186 -1, 181 188 187 -1, 181 189 188 -1, 181 177 175 -1, 181 190 189 -1, 181 191 190 -1, 181 192 191 -1, 181 193 192 -1, 181 194 193 -1, 181 195 194 -1, 181 196 195 -1, 181 197 196 -1, 181 198 197 -1, 181 201 200 -1, 181 202 201 -1, 181 242 240 -1, 181 203 202 -1, 181 180 177 -1, 181 204 203 -1, 181 207 206 -1, 181 208 207 -1, 181 209 208 -1, 181 210 209 -1, 181 173 170 -1, 181 211 210 -1, 181 212 211 -1, 181 213 212 -1, 181 214 213 -1, 181 215 214 -1, 181 216 215 -1, 181 217 216 -1, 181 218 217 -1, 181 219 218 -1, 181 220 219 -1, 181 221 220 -1, 181 222 221 -1, 181 223 222 -1, 181 224 223 -1, 181 225 224 -1, 181 240 238 -1, 181 226 225 -1, 181 227 226 -1, 181 228 227 -1, 181 229 228 -1, 181 230 229 -1, 181 231 230 -1, 181 232 231 -1, 181 233 232 -1, 181 234 233 -1, 181 235 234 -1, 181 236 235 -1, 181 237 236 -1, 181 238 237 -1, 181 200 198 -1, 181 175 173 -1, 181 244 242 -1, 181 245 244 -1, 181 246 245 -1, 181 249 246 -1, 324 322 323 -1, 288 289 290 -1, 326 324 325 -1, 328 326 327 -1, 282 283 284 -1, 333 330 331 -1, 333 331 332 -1, 336 333 334 -1, 336 334 335 -1, 254 336 337 -1, 257 254 255 -1, 257 255 256 -1, 259 257 258 -1, 261 259 260 -1, 264 261 262 -1, 264 262 263 -1, 265 288 290 -1, 265 333 336 -1, 265 336 254 -1, 265 266 267 -1, 265 267 268 -1, 265 268 269 -1, 265 269 270 -1, 265 270 271 -1, 265 271 272 -1, 265 272 273 -1, 265 259 261 -1, 265 273 274 -1, 265 274 275 -1, 265 275 276 -1, 265 276 277 -1, 265 277 278 -1, 265 278 279 -1, 265 279 280 -1, 265 280 281 -1, 265 281 282 -1, 265 284 285 -1, 265 285 286 -1, 265 324 326 -1, 265 286 287 -1, 265 261 264 -1, 265 287 288 -1, 265 290 291 -1, 265 291 292 -1, 265 292 293 -1, 265 293 294 -1, 265 254 257 -1, 265 294 295 -1, 265 295 296 -1, 265 296 297 -1, 265 297 298 -1, 265 298 299 -1, 265 299 300 -1, 265 300 301 -1, 265 301 302 -1, 265 302 303 -1, 265 303 304 -1, 265 304 305 -1, 265 305 306 -1, 265 306 307 -1, 265 307 308 -1, 265 308 309 -1, 265 322 324 -1, 265 309 310 -1, 265 310 311 -1, 265 311 312 -1, 265 312 313 -1, 265 313 314 -1, 265 314 315 -1, 265 315 316 -1, 265 316 317 -1, 265 317 318 -1, 265 318 319 -1, 265 319 320 -1, 265 320 321 -1, 265 321 322 -1, 265 282 284 -1, 265 257 259 -1, 265 326 328 -1, 265 328 329 -1, 265 329 330 -1, 265 330 333 -1 ] } }
Shape { appearance Appearance { material Material { diffuseColor 0.76 0.58 0.23 specularColor .4 .4 .4 shininess .5 } } geometry IndexedFaceSet { solid FALSE coord Coordinate { point [ 0.671260 -2.766757 4.568454, 0.671260 -2.745054 4.644144, 0.671260 -0.496060 3.917342, 0.671260 -0.474357 3.993032, 0.828740 -2.766757 4.568454, 0.828740 -2.745054 4.644144, 0.828740 -0.496060 3.917342, 0.828740 -0.474357 3.993032, 0.671260 -2.766757 4.568454, 0.828740 -2.766757 4.568454, 0.671260 -2.745054 4.644144, 0.828740 -2.745054 4.644144, 0.671260 -0.496060 3.917342, 0.828740 -0.496060 3.917342, 0.671260 -0.474357 3.993032, 0.828740 -0.474357 3.993032, 0.671260 -2.766757 4.568454, 0.671260 -0.496060 3.917342, 0.828740 -2.766757 4.568454, 0.828740 -0.496060 3.917342, 0.671260 -2.745054 4.644144, 0.671260 -0.474357 3.993032, 0.828740 -2.745054 4.644144, 0.828740 -0.474357 3.993032 ] } coordIndex [ 0 3 2 -1, 1 3 0 -1, 4 6 7 -1, 5 4 7 -1, 9 10 8 -1, 11 10 9 -1, 15 13 12 -1, 15 12 14 -1, 19 16 17 -1, 19 18 16 -1, 23 21 20 -1, 23 20 22 -1 ] } }
Shape { appearance Appearance { material Material { diffuseColor 0.64 0.67 0.7 specularColor .4 .4 .4 shininess .5 } } geometry IndexedFaceSet { solid FALSE coord Coordinate { point [ 1.340551 -6.610236 -1.259843, 1.340551 -6.610236 0.196850, 1.340298 -6.603469 0.196850, 1.339540 -6.596740 0.196850, 1.338281 -6.590087 0.196850, 1.336528 -6.583546 0.196850, 1.334292 -6.577154 0.196850, 1.331584 -6.570948 0.196850, 1.328420 -6.564961 0.196850, 1.324817 -6.559227 0.196850, 1.320796 -6.553778 0.196850, 1.316379 -6.548646 0.196850, 1.311590 -6.543858 0.196850, 1.306458 -6.539440 0.196850, 1.301009 -6.535419 0.196850, 1.295276 -6.531817 0.196850, 1.289289 -6.528652 0.196850, 1.283082 -6.525945 0.196850, 1.276690 -6.523708 0.196850, 1.270150 -6.521955 0.196850, 1.263496 -6.520696 0.196850, 1.256767 -6.519938 0.196850, 1.250000 -6.519685 0.196850, 1.243233 -6.519938 0.196850, 1.236504 -6.520696 0.196850, 1.229850 -6.521955 0.196850, 1.223310 -6.523708 0.196850, 1.216918 -6.525945 0.196850, 1.210711 -6.528652 0.196850, 1.204724 -6.531817 0.196850, 1.198991 -6.535419 0.196850, 1.193542 -6.539440 0.196850, 1.188410 -6.543858 0.196850, 1.183621 -6.548646 0.196850, 1.179204 -6.553778 0.196850, 1.175183 -6.559227 0.196850, 1.171580 -6.564961 0.196850, 1.168416 -6.570948 0.196850, 1.165708 -6.577154 0.196850, 1.163472 -6.583546 0.196850, 1.161719 -6.590087 0.196850, 1.160460 -6.596740 0.196850, 1.159702 -6.603469 0.196850, 1.159449 -6.610236 0.196850, 1.159702 -6.617003 0.196850, 1.160460 -6.623732 0.196850, 1.161719 -6.630386 0.196850, 1.163472 -6.636927 0.196850, 1.165708 -6.643318 0.196850, 1.168416 -6.649525 0.196850, 1.171580 -6.655512 0.196850, 1.175183 -6.661246 0.196850, 1.179204 -6.666694 0.196850, 1.183621 -6.671827 0.196850, 1.188410 -6.676615 0.196850, 1.193542 -6.681032 0.196850, 1.198991 -6.685053 0.196850, 1.204724 -6.688656 0.196850, 1.210711 -6.691820 0.196850, 1.216918 -6.694528 0.196850, 1.223310 -6.696764 0.196850, 1.229850 -6.698517 0.196850, 1.236504 -6.699776 0.196850, 1.243233 -6.700534 0.196850, 1.250000 -6.700787 0.196850, 1.256767 -6.700534 0.196850, 1.263496 -6.699776 0.196850, 1.270150 -6.698517 0.196850, 1.276690 -6.696764 0.196850, 1.283082 -6.694528 0.196850, 1.289289 -6.691820 0.196850, 1.295276 -6.688656 0.196850, 1.301009 -6.685053 0.196850, 1.306458 -6.681032 0.196850, 1.311590 -6.676615 0.196850, 1.316379 -6.671827 0.196850, 1.320796 -6.666694 0.196850, 1.324817 -6.661246 0.196850, 1.328420 -6.655512 0.196850, 1.331584 -6.649525 0.196850, 1.334292 -6.643318 0.196850, 1.336528 -6.636927 0.196850, 1.338281 -6.630386 0.196850, 1.339540 -6.623732 0.196850, 1.340298 -6.617003 0.196850, 1.340551 -6.610236 0.196850, 1.340551 -6.610236 -1.259843, 1.340298 -6.603469 -1.259843, 1.339540 -6.596740 -1.259843, 1.338281 -6.590087 -1.259843, 1.336528 -6.583546 -1.259843, 1.334292 -6.577154 -1.259843, 1.331584 -6.570948 -1.259843, 1.328420 -6.564961 -1.259843, 1.324817 -6.559227 -1.259843, 1.320796 -6.553778 -1.259843, 1.316379 -6.548646 -1.259843, 1.311590 -6.543858 -1.259843, 1.306458 -6.539440 -1.259843, 1.301009 -6.535419 -1.259843, 1.295276 -6.531817 -1.259843, 1.289289 -6.528652 -1.259843, 1.283082 -6.525945 -1.259843, 1.276690 -6.523708 -1.259843, 1.270150 -6.521955 -1.259843, 1.263496 -6.520696 -1.259843, 1.256767 -6.519938 -1.259843, 1.250000 -6.519685 -1.259843, 1.243233 -6.519938 -1.259843, 1.236504 -6.520696 -1.259843, 1.229850 -6.521955 -1.259843, 1.223310 -6.523708 -1.259843, 1.216918 -6.525945 -1.259843, 1.210711 -6.528652 -1.259843, 1.204724 -6.531817 -1.259843, 1.198991 -6.535419 -1.259843, 1.193542 -6.539440 -1.259843, 1.188410 -6.543858 -1.259843, 1.183621 -6.548646 -1.259843, 1.179204 -6.553778 -1.259843, 1.175183 -6.559227 -1.259843, 1.171580 -6.564961 -1.259843, 1.168416 -6.570948 -1.259843, 1.165708 -6.577154 -1.259843, 1.163472 -6.583546 -1.259843, 1.161719 -6.590087 -1.259843, 1.160460 -6.596740 -1.259843, 1.159702 -6.603469 -1.259843, 1.159449 -6.610236 -1.259843, 1.159702 -6.617003 -1.259843, 1.160460 -6.623732 -1.259843, 1.161719 -6.630386 -1.259843, 1.163472 -6.636927 -1.259843, 1.165708 -6.643318 -1.259843, 1.168416 -6.649525 -1.259843, 1.171580 -6.655512 -1.259843, 1.175183 -6.661246 -1.259843, 1.179204 -6.666694 -1.259843, 1.183621 -6.671827 -1.259843, 1.188410 -6.676615 -1.259843, 1.193542 -6.681032 -1.259843, 1.198991 -6.685053 -1.259843, 1.204724 -6.688656 -1.259843, 1.210711 -6.691820 -1.259843, 1.216918 -6.694528 -1.259843, 1.223310 -6.696764 -1.259843, 1.229850 -6.698517 -1.259843, 1.236504 -6.699776 -1.259843, 1.243233 -6.700534 -1.259843, 1.250000 -6.700787 -1.259843, 1.256767 -6.700534 -1.259843, 1.263496 -6.699776 -1.259843, 1.270150 -6.698517 -1.259843, 1.276690 -6.696764 -1.259843, 1.283082 -6.694528 -1.259843, 1.289289 -6.691820 -1.259843, 1.295276 -6.688656 -1.259843, 1.301009 -6.685053 -1.259843, 1.306458 -6.681032 -1.259843, 1.311590 -6.676615 -1.259843, 1.316379 -6.671827 -1.259843, 1.320796 -6.666694 -1.259843, 1.324817 -6.661246 -1.259843, 1.328420 -6.655512 -1.259843, 1.331584 -6.649525 -1.259843, 1.334292 -6.643318 -1.259843, 1.336528 -6.636927 -1.259843, 1.338281 -6.630386 -1.259843, 1.339540 -6.623732 -1.259843, 1.340298 -6.617003 -1.259843, 1.340551 -6.610236 -1.259843, 1.340298 -6.603469 -1.259843, 1.339540 -6.596740 -1.259843, 1.338281 -6.590087 -1.259843, 1.336528 -6.583546 -1.259843, 1.334292 -6.577154 -1.259843, 1.331584 -6.570948 -1.259843, 1.328420 -6.564961 -1.259843, 1.324817 -6.559227 -1.259843, 1.320796 -6.553778 -1.259843, 1.316379 -6.548646 -1.259843, 1.311590 -6.543858 -1.259843, 1.306458 -6.539440 -1.259843, 1.301009 -6.535419 -1.259843, 1.295276 -6.531817 -1.259843, 1.289289 -6.528652 -1.259843, 1.283082 -6.525945 -1.259843, 1.276690 -6.523708 -1.259843, 1.270150 -6.521955 -1.259843, 1.263496 -6.520696 -1.259843, 1.256767 -6.519938 -1.259843, 1.250000 -6.519685 -1.259843, 1.243233 -6.519938 -1.259843, 1.236504 -6.520696 -1.259843, 1.229850 -6.521955 -1.259843, 1.223310 -6.523708 -1.259843, 1.216918 -6.525945 -1.259843, 1.210711 -6.528652 -1.259843, 1.204724 -6.531817 -1.259843, 1.198991 -6.535419 -1.259843, 1.193542 -6.539440 -1.259843, 1.188410 -6.543858 -1.259843, 1.183621 -6.548646 -1.259843, 1.179204 -6.553778 -1.259843, 1.175183 -6.559227 -1.259843, 1.171580 -6.564961 -1.259843, 1.168416 -6.570948 -1.259843, 1.165708 -6.577154 -1.259843, 1.163472 -6.583546 -1.259843, 1.161719 -6.590087 -1.259843, 1.160460 -6.596740 -1.259843, 1.159702 -6.603469 -1.259843, 1.159449 -6.610236 -1.259843, 1.159702 -6.617003 -1.259843, 1.160460 -6.623732 -1.259843, 1.161719 -6.630386 -1.259843, 1.163472 -6.636927 -1.259843, 1.165708 -6.643318 -1.259843, 1.168416 -6.649525 -1.259843, 1.171580 -6.655512 -1.259843, 1.175183 -6.661246 -1.259843, 1.179204 -6.666694 -1.259843, 1.183621 -6.671827 -1.259843, 1.188410 -6.676615 -1.259843, 1.193542 -6.681032 -1.259843, 1.198991 -6.685053 -1.259843, 1.204724 -6.688656 -1.259843, 1.210711 -6.691820 -1.259843, 1.216918 -6.694528 -1.259843, 1.223310 -6.696764 -1.259843, 1.229850 -6.698517 -1.259843, 1.236504 -6.699776 -1.259843, 1.243233 -6.700534 -1.259843, 1.250000 -6.700787 -1.259843, 1.256767 -6.700534 -1.259843, 1.263496 -6.699776 -1.259843, 1.270150 -6.698517 -1.259843, 1.276690 -6.696764 -1.259843, 1.283082 -6.694528 -1.259843, 1.289289 -6.691820 -1.259843, 1.295276 -6.688656 -1.259843, 1.301009 -6.685053 -1.259843, 1.306458 -6.681032 -1.259843, 1.311590 -6.676615 -1.259843, 1.316379 -6.671827 -1.259843, 1.320796 -6.666694 -1.259843, 1.324817 -6.661246 -1.259843, 1.328420 -6.655512 -1.259843, 1.331584 -6.649525 -1.259843, 1.334292 -6.643318 -1.259843, 1.336528 -6.636927 -1.259843, 1.338281 -6.630386 -1.259843, 1.339540 -6.623732 -1.259843, 1.340298 -6.617003 -1.259843, 1.340551 -6.610236 0.196850, 1.340298 -6.603469 0.196850, 1.339540 -6.596740 0.196850, 1.338281 -6.590087 0.196850, 1.336528 -6.583546 0.196850, 1.334292 -6.577154 0.196850, 1.331584 -6.570948 0.196850, 1.328420 -6.564961 0.196850, 1.324817 -6.559227 0.196850, 1.320796 -6.553778 0.196850, 1.316379 -6.548646 0.196850, 1.311590 -6.543858 0.196850, 1.306458 -6.539440 0.196850, 1.301009 -6.535419 0.196850, 1.295276 -6.531817 0.196850, 1.289289 -6.528652 0.196850, 1.283082 -6.525945 0.196850, 1.276690 -6.523708 0.196850, 1.270150 -6.521955 0.196850, 1.263496 -6.520696 0.196850, 1.256767 -6.519938 0.196850, 1.250000 -6.519685 0.196850, 1.243233 -6.519938 0.196850, 1.236504 -6.520696 0.196850, 1.229850 -6.521955 0.196850, 1.223310 -6.523708 0.196850, 1.216918 -6.525945 0.196850, 1.210711 -6.528652 0.196850, 1.204724 -6.531817 0.196850, 1.198991 -6.535419 0.196850, 1.193542 -6.539440 0.196850, 1.188410 -6.543858 0.196850, 1.183621 -6.548646 0.196850, 1.179204 -6.553778 0.196850, 1.175183 -6.559227 0.196850, 1.171580 -6.564961 0.196850, 1.168416 -6.570948 0.196850, 1.165708 -6.577154 0.196850, 1.163472 -6.583546 0.196850, 1.161719 -6.590087 0.196850, 1.160460 -6.596740 0.196850, 1.159702 -6.603469 0.196850, 1.159449 -6.610236 0.196850, 1.159702 -6.617003 0.196850, 1.160460 -6.623732 0.196850, 1.161719 -6.630386 0.196850, 1.163472 -6.636927 0.196850, 1.165708 -6.643318 0.196850, 1.168416 -6.649525 0.196850, 1.171580 -6.655512 0.196850, 1.175183 -6.661246 0.196850, 1.179204 -6.666694 0.196850, 1.183621 -6.671827 0.196850, 1.188410 -6.676615 0.196850, 1.193542 -6.681032 0.196850, 1.198991 -6.685053 0.196850, 1.204724 -6.688656 0.196850, 1.210711 -6.691820 0.196850, 1.216918 -6.694528 0.196850, 1.223310 -6.696764 0.196850, 1.229850 -6.698517 0.196850, 1.236504 -6.699776 0.196850, 1.243233 -6.700534 0.196850, 1.250000 -6.700787 0.196850, 1.256767 -6.700534 0.196850, 1.263496 -6.699776 0.196850, 1.270150 -6.698517 0.196850, 1.276690 -6.696764 0.196850, 1.283082 -6.694528 0.196850, 1.289289 -6.691820 0.196850, 1.295276 -6.688656 0.196850, 1.301009 -6.685053 0.196850, 1.306458 -6.681032 0.196850, 1.311590 -6.676615 0.196850, 1.316379 -6.671827 0.196850, 1.320796 -6.666694 0.196850, 1.324817 -6.661246 0.196850, 1.328420 -6.655512 0.196850, 1.331584 -6.649525 0.196850, 1.334292 -6.643318 0.196850, 1.336528 -6.636927 0.196850, 1.338281 -6.630386 0.196850, 1.339540 -6.623732 0.196850, 1.340298 -6.617003 0.196850 ] } coordIndex [ 87 1 0 -1, 87 2 1 -1, 88 3 2 -1, 88 2 87 -1, 89 4 3 -1, 89 3 88 -1, 90 5 4 -1, 90 6 5 -1, 90 4 89 -1, 91 7 6 -1, 91 6 90 -1, 92 7 91 -1, 93 8 7 -1, 93 9 8 -1, 93 7 92 -1, 94 9 93 -1, 95 10 9 -1, 95 9 94 -1, 96 11 10 -1, 96 10 95 -1, 96 12 11 -1, 97 13 12 -1, 97 12 96 -1, 98 13 97 -1, 99 14 13 -1, 99 13 98 -1, 100 15 14 -1, 100 14 99 -1, 101 16 15 -1, 101 15 100 -1, 102 17 16 -1, 102 16 101 -1, 103 18 17 -1, 103 17 102 -1, 104 19 18 -1, 104 18 103 -1, 105 20 19 -1, 105 19 104 -1, 106 21 20 -1, 106 20 105 -1, 107 22 21 -1, 107 21 106 -1, 108 23 22 -1, 108 22 107 -1, 109 24 23 -1, 109 23 108 -1, 110 25 24 -1, 110 24 109 -1, 111 26 25 -1, 111 25 110 -1, 112 27 26 -1, 112 28 27 -1, 112 26 111 -1, 113 28 112 -1, 114 29 28 -1, 114 28 113 -1, 115 30 29 -1, 115 29 114 -1, 116 31 30 -1, 116 30 115 -1, 117 32 31 -1, 117 31 116 -1, 118 32 117 -1, 118 33 32 -1, 119 33 118 -1, 119 34 33 -1, 120 34 119 -1, 120 35 34 -1, 121 35 120 -1, 121 36 35 -1, 121 37 36 -1, 122 37 121 -1, 123 37 122 -1, 123 38 37 -1, 124 38 123 -1, 124 39 38 -1, 125 39 124 -1, 125 40 39 -1, 125 41 40 -1, 126 41 125 -1, 126 42 41 -1, 127 42 126 -1, 128 42 127 -1, 128 43 42 -1, 128 44 43 -1, 129 44 128 -1, 130 45 44 -1, 130 44 129 -1, 131 46 45 -1, 131 45 130 -1, 132 47 46 -1, 132 46 131 -1, 133 48 47 -1, 133 49 48 -1, 133 47 132 -1, 134 49 133 -1, 135 50 49 -1, 135 51 50 -1, 135 49 134 -1, 136 51 135 -1, 137 52 51 -1, 137 51 136 -1, 138 53 52 -1, 138 52 137 -1, 139 54 53 -1, 139 53 138 -1, 140 55 54 -1, 140 54 139 -1, 141 56 55 -1, 141 55 140 -1, 142 57 56 -1, 142 56 141 -1, 143 58 57 -1, 143 57 142 -1, 144 58 143 -1, 144 59 58 -1, 145 59 144 -1, 145 60 59 -1, 146 60 145 -1, 146 61 60 -1, 147 61 146 -1, 147 62 61 -1, 148 62 147 -1, 148 63 62 -1, 149 63 148 -1, 149 64 63 -1, 150 64 149 -1, 150 65 64 -1, 151 65 150 -1, 151 66 65 -1, 152 66 151 -1, 152 67 66 -1, 153 67 152 -1, 153 68 67 -1, 154 68 153 -1, 154 69 68 -1, 155 69 154 -1, 155 70 69 -1, 156 70 155 -1, 156 71 70 -1, 156 72 71 -1, 157 72 156 -1, 157 73 72 -1, 158 73 157 -1, 159 73 158 -1, 159 74 73 -1, 159 75 74 -1, 160 75 159 -1, 161 75 160 -1, 161 76 75 -1, 161 77 76 -1, 162 77 161 -1, 163 77 162 -1, 163 78 77 -1, 163 79 78 -1, 164 79 163 -1, 165 80 79 -1, 165 81 80 -1, 165 79 164 -1, 166 81 165 -1, 167 82 81 -1, 167 83 82 -1, 167 81 166 -1, 168 83 167 -1, 169 84 83 -1, 169 85 84 -1, 169 83 168 -1, 86 85 169 -1, 240 239 238 -1, 204 206 205 -1, 242 241 240 -1, 244 243 242 -1, 198 200 199 -1, 249 247 246 -1, 249 248 247 -1, 252 250 249 -1, 252 251 250 -1, 170 253 252 -1, 173 171 170 -1, 173 172 171 -1, 175 174 173 -1, 177 176 175 -1, 180 178 177 -1, 180 179 178 -1, 181 206 204 -1, 181 252 249 -1, 181 170 252 -1, 181 183 182 -1, 181 184 183 -1, 181 185 184 -1, 181 186 185 -1, 181 187 186 -1, 181 188 187 -1, 181 189 188 -1, 181 177 175 -1, 181 190 189 -1, 181 191 190 -1, 181 192 191 -1, 181 193 192 -1, 181 194 193 -1, 181 195 194 -1, 181 196 195 -1, 181 197 196 -1, 181 198 197 -1, 181 201 200 -1, 181 202 201 -1, 181 242 240 -1, 181 203 202 -1, 181 180 177 -1, 181 204 203 -1, 181 207 206 -1, 181 208 207 -1, 181 209 208 -1, 181 210 209 -1, 181 173 170 -1, 181 211 210 -1, 181 212 211 -1, 181 213 212 -1, 181 214 213 -1, 181 215 214 -1, 181 216 215 -1, 181 217 216 -1, 181 218 217 -1, 181 219 218 -1, 181 220 219 -1, 181 221 220 -1, 181 222 221 -1, 181 223 222 -1, 181 224 223 -1, 181 225 224 -1, 181 240 238 -1, 181 226 225 -1, 181 227 226 -1, 181 228 227 -1, 181 229 228 -1, 181 230 229 -1, 181 231 230 -1, 181 232 231 -1, 181 233 232 -1, 181 234 233 -1, 181 235 234 -1, 181 236 235 -1, 181 237 236 -1, 181 238 237 -1, 181 200 198 -1, 181 175 173 -1, 181 244 242 -1, 181 245 244 -1, 181 246 245 -1, 181 249 246 -1, 324 322 323 -1, 288 289 290 -1, 326 324 325 -1, 328 326 327 -1, 282 283 284 -1, 333 330 331 -1, 333 331 332 -1, 336 333 334 -1, 336 334 335 -1, 254 336 337 -1, 257 254 255 -1, 257 255 256 -1, 259 257 258 -1, 261 259 260 -1, 264 261 262 -1, 264 262 263 -1, 265 288 290 -1, 265 333 336 -1, 265 336 254 -1, 265 266 267 -1, 265 267 268 -1, 265 268 269 -1, 265 269 270 -1, 265 270 271 -1, 265 271 272 -1, 265 272 273 -1, 265 259 261 -1, 265 273 274 -1, 265 274 275 -1, 265 275 276 -1, 265 276 277 -1, 265 277 278 -1, 265 278 279 -1, 265 279 280 -1, 265 280 281 -1, 265 281 282 -1, 265 284 285 -1, 265 285 286 -1, 265 324 326 -1, 265 286 287 -1, 265 261 264 -1, 265 287 288 -1, 265 290 291 -1, 265 291 292 -1, 265 292 293 -1, 265 293 294 -1, 265 254 257 -1, 265 294 295 -1, 265 295 296 -1, 265 296 297 -1, 265 297 298 -1, 265 298 299 -1, 265 299 300 -1, 265 300 301 -1, 265 301 302 -1, 265 302 303 -1, 265 303 304 -1, 265 304 305 -1, 265 305 306 -1, 265 306 307 -1, 265 307 308 -1, 265 308 309 -1, 265 322 324 -1, 265 309 310 -1, 265 310 311 -1, 265 311 312 -1, 265 312 313 -1, 265 313 314 -1, 265 314 315 -1, 265 315 316 -1, 265 316 317 -1, 265 317 318 -1, 265 318 319 -1, 265 319 320 -1, 265 320 321 -1, 265 321 322 -1, 265 282 284 -1, 265 257 259 -1, 265 326 328 -1, 265 328 329 -1, 265 329 330 -1, 265 330 333 -1 ] } }
Shape { appearance Appearance { material Material { diffuseColor 0.76 0.58 0.23 specularColor .4 .4 .4 shininess .5 } } geometry IndexedFaceSet { solid FALSE coord Coordinate { point [ 1.171260 -2.766757 4.568454, 1.171260 -2.745054 4.644144, 1.171260 -0.496060 3.917342, 1.171260 -0.474357 3.993032, 1.328740 -2.766757 4.568454, 1.328740 -2.745054 4.644144, 1.328740 -0.496060 3.917342, 1.328740 -0.474357 3.993032, 1.171260 -2.766757 4.568454, 1.328740 -2.766757 4.568454, 1.171260 -2.745054 4.644144, 1.328740 -2.745054 4.644144, 1.171260 -0.496060 3.917342, 1.328740 -0.496060 3.917342, 1.171260 -0.474357 3.993032, 1.328740 -0.474357 3.993032, 1.171260 -2.766757 4.568454, 1.171260 -0.496060 3.917342, 1.328740 -2.766757 4.568454, 1.328740 -0.496060 3.917342, 1.171260 -2.745054 4.644144, 1.171260 -0.474357 3.993032, 1.328740 -2.745054 4.644144, 1.328740 -0.474357 3.993032 ] } coordIndex [ 0 3 2 -1, 1 3 0 -1, 4 6 7 -1, 5 4 7 -1, 9 10 8 -1, 11 10 9 -1, 13 12 14 -1, 15 13 14 -1, 19 16 17 -1, 19 18 16 -1, 23 21 20 -1, 23 20 22 -1 ] } }
Shape { appearance Appearance { material Material { diffuseColor 0.64 0.67 0.7 specularColor .4 .4 .4 shininess .5 } } geometry IndexedFaceSet { solid FALSE coord Coordinate { point [ 1.840551 -5.610236 -1.259843, 1.840551 -5.610236 0.196850, 1.840298 -5.603469 0.196850, 1.839540 -5.596740 0.196850, 1.838281 -5.590087 0.196850, 1.836528 -5.583546 0.196850, 1.834292 -5.577154 0.196850, 1.831584 -5.570948 0.196850, 1.828420 -5.564961 0.196850, 1.824817 -5.559227 0.196850, 1.820796 -5.553778 0.196850, 1.816379 -5.548646 0.196850, 1.811590 -5.543858 0.196850, 1.806458 -5.539440 0.196850, 1.801009 -5.535419 0.196850, 1.795276 -5.531817 0.196850, 1.789289 -5.528652 0.196850, 1.783082 -5.525945 0.196850, 1.776690 -5.523708 0.196850, 1.770150 -5.521955 0.196850, 1.763496 -5.520696 0.196850, 1.756767 -5.519938 0.196850, 1.750000 -5.519685 0.196850, 1.743233 -5.519938 0.196850, 1.736504 -5.520696 0.196850, 1.729850 -5.521955 0.196850, 1.723310 -5.523708 0.196850, 1.716918 -5.525945 0.196850, 1.710711 -5.528652 0.196850, 1.704724 -5.531817 0.196850, 1.698991 -5.535419 0.196850, 1.693542 -5.539440 0.196850, 1.688410 -5.543858 0.196850, 1.683621 -5.548646 0.196850, 1.679204 -5.553778 0.196850, 1.675183 -5.559227 0.196850, 1.671580 -5.564961 0.196850, 1.668416 -5.570948 0.196850, 1.665708 -5.577154 0.196850, 1.663472 -5.583546 0.196850, 1.661719 -5.590087 0.196850, 1.660460 -5.596740 0.196850, 1.659702 -5.603469 0.196850, 1.659449 -5.610236 0.196850, 1.659702 -5.617003 0.196850, 1.660460 -5.623732 0.196850, 1.661719 -5.630386 0.196850, 1.663472 -5.636927 0.196850, 1.665708 -5.643318 0.196850, 1.668416 -5.649525 0.196850, 1.671580 -5.655512 0.196850, 1.675183 -5.661246 0.196850, 1.679204 -5.666694 0.196850, 1.683621 -5.671827 0.196850, 1.688410 -5.676615 0.196850, 1.693542 -5.681032 0.196850, 1.698991 -5.685053 0.196850, 1.704724 -5.688656 0.196850, 1.710711 -5.691820 0.196850, 1.716918 -5.694528 0.196850, 1.723310 -5.696764 0.196850, 1.729850 -5.698517 0.196850, 1.736504 -5.699776 0.196850, 1.743233 -5.700534 0.196850, 1.750000 -5.700787 0.196850, 1.756767 -5.700534 0.196850, 1.763496 -5.699776 0.196850, 1.770150 -5.698517 0.196850, 1.776690 -5.696764 0.196850, 1.783082 -5.694528 0.196850, 1.789289 -5.691820 0.196850, 1.795276 -5.688656 0.196850, 1.801009 -5.685053 0.196850, 1.806458 -5.681032 0.196850, 1.811590 -5.676615 0.196850, 1.816379 -5.671827 0.196850, 1.820796 -5.666694 0.196850, 1.824817 -5.661246 0.196850, 1.828420 -5.655512 0.196850, 1.831584 -5.649525 0.196850, 1.834292 -5.643318 0.196850, 1.836528 -5.636927 0.196850, 1.838281 -5.630386 0.196850, 1.839540 -5.623732 0.196850, 1.840298 -5.617003 0.196850, 1.840551 -5.610236 0.196850, 1.840551 -5.610236 -1.259843, 1.840298 -5.603469 -1.259843, 1.839540 -5.596740 -1.259843, 1.838281 -5.590087 -1.259843, 1.836528 -5.583546 -1.259843, 1.834292 -5.577154 -1.259843, 1.831584 -5.570948 -1.259843, 1.828420 -5.564961 -1.259843, 1.824817 -5.559227 -1.259843, 1.820796 -5.553778 -1.259843, 1.816379 -5.548646 -1.259843, 1.811590 -5.543858 -1.259843, 1.806458 -5.539440 -1.259843, 1.801009 -5.535419 -1.259843, 1.795276 -5.531817 -1.259843, 1.789289 -5.528652 -1.259843, 1.783082 -5.525945 -1.259843, 1.776690 -5.523708 -1.259843, 1.770150 -5.521955 -1.259843, 1.763496 -5.520696 -1.259843, 1.756767 -5.519938 -1.259843, 1.750000 -5.519685 -1.259843, 1.743233 -5.519938 -1.259843, 1.736504 -5.520696 -1.259843, 1.729850 -5.521955 -1.259843, 1.723310 -5.523708 -1.259843, 1.716918 -5.525945 -1.259843, 1.710711 -5.528652 -1.259843, 1.704724 -5.531817 -1.259843, 1.698991 -5.535419 -1.259843, 1.693542 -5.539440 -1.259843, 1.688410 -5.543858 -1.259843, 1.683621 -5.548646 -1.259843, 1.679204 -5.553778 -1.259843, 1.675183 -5.559227 -1.259843, 1.671580 -5.564961 -1.259843, 1.668416 -5.570948 -1.259843, 1.665708 -5.577154 -1.259843, 1.663472 -5.583546 -1.259843, 1.661719 -5.590087 -1.259843, 1.660460 -5.596740 -1.259843, 1.659702 -5.603469 -1.259843, 1.659449 -5.610236 -1.259843, 1.659702 -5.617003 -1.259843, 1.660460 -5.623732 -1.259843, 1.661719 -5.630386 -1.259843, 1.663472 -5.636927 -1.259843, 1.665708 -5.643318 -1.259843, 1.668416 -5.649525 -1.259843, 1.671580 -5.655512 -1.259843, 1.675183 -5.661246 -1.259843, 1.679204 -5.666694 -1.259843, 1.683621 -5.671827 -1.259843, 1.688410 -5.676615 -1.259843, 1.693542 -5.681032 -1.259843, 1.698991 -5.685053 -1.259843, 1.704724 -5.688656 -1.259843, 1.710711 -5.691820 -1.259843, 1.716918 -5.694528 -1.259843, 1.723310 -5.696764 -1.259843, 1.729850 -5.698517 -1.259843, 1.736504 -5.699776 -1.259843, 1.743233 -5.700534 -1.259843, 1.750000 -5.700787 -1.259843, 1.756767 -5.700534 -1.259843, 1.763496 -5.699776 -1.259843, 1.770150 -5.698517 -1.259843, 1.776690 -5.696764 -1.259843, 1.783082 -5.694528 -1.259843, 1.789289 -5.691820 -1.259843, 1.795276 -5.688656 -1.259843, 1.801009 -5.685053 -1.259843, 1.806458 -5.681032 -1.259843, 1.811590 -5.676615 -1.259843, 1.816379 -5.671827 -1.259843, 1.820796 -5.666694 -1.259843, 1.824817 -5.661246 -1.259843, 1.828420 -5.655512 -1.259843, 1.831584 -5.649525 -1.259843, 1.834292 -5.643318 -1.259843, 1.836528 -5.636927 -1.259843, 1.838281 -5.630386 -1.259843, 1.839540 -5.623732 -1.259843, 1.840298 -5.617003 -1.259843, 1.840551 -5.610236 -1.259843, 1.840298 -5.603469 -1.259843, 1.839540 -5.596740 -1.259843, 1.838281 -5.590087 -1.259843, 1.836528 -5.583546 -1.259843, 1.834292 -5.577154 -1.259843, 1.831584 -5.570948 -1.259843, 1.828420 -5.564961 -1.259843, 1.824817 -5.559227 -1.259843, 1.820796 -5.553778 -1.259843, 1.816379 -5.548646 -1.259843, 1.811590 -5.543858 -1.259843, 1.806458 -5.539440 -1.259843, 1.801009 -5.535419 -1.259843, 1.795276 -5.531817 -1.259843, 1.789289 -5.528652 -1.259843, 1.783082 -5.525945 -1.259843, 1.776690 -5.523708 -1.259843, 1.770150 -5.521955 -1.259843, 1.763496 -5.520696 -1.259843, 1.756767 -5.519938 -1.259843, 1.750000 -5.519685 -1.259843, 1.743233 -5.519938 -1.259843, 1.736504 -5.520696 -1.259843, 1.729850 -5.521955 -1.259843, 1.723310 -5.523708 -1.259843, 1.716918 -5.525945 -1.259843, 1.710711 -5.528652 -1.259843, 1.704724 -5.531817 -1.259843, 1.698991 -5.535419 -1.259843, 1.693542 -5.539440 -1.259843, 1.688410 -5.543858 -1.259843, 1.683621 -5.548646 -1.259843, 1.679204 -5.553778 -1.259843, 1.675183 -5.559227 -1.259843, 1.671580 -5.564961 -1.259843, 1.668416 -5.570948 -1.259843, 1.665708 -5.577154 -1.259843, 1.663472 -5.583546 -1.259843, 1.661719 -5.590087 -1.259843, 1.660460 -5.596740 -1.259843, 1.659702 -5.603469 -1.259843, 1.659449 -5.610236 -1.259843, 1.659702 -5.617003 -1.259843, 1.660460 -5.623732 -1.259843, 1.661719 -5.630386 -1.259843, 1.663472 -5.636927 -1.259843, 1.665708 -5.643318 -1.259843, 1.668416 -5.649525 -1.259843, 1.671580 -5.655512 -1.259843, 1.675183 -5.661246 -1.259843, 1.679204 -5.666694 -1.259843, 1.683621 -5.671827 -1.259843, 1.688410 -5.676615 -1.259843, 1.693542 -5.681032 -1.259843, 1.698991 -5.685053 -1.259843, 1.704724 -5.688656 -1.259843, 1.710711 -5.691820 -1.259843, 1.716918 -5.694528 -1.259843, 1.723310 -5.696764 -1.259843, 1.729850 -5.698517 -1.259843, 1.736504 -5.699776 -1.259843, 1.743233 -5.700534 -1.259843, 1.750000 -5.700787 -1.259843, 1.756767 -5.700534 -1.259843, 1.763496 -5.699776 -1.259843, 1.770150 -5.698517 -1.259843, 1.776690 -5.696764 -1.259843, 1.783082 -5.694528 -1.259843, 1.789289 -5.691820 -1.259843, 1.795276 -5.688656 -1.259843, 1.801009 -5.685053 -1.259843, 1.806458 -5.681032 -1.259843, 1.811590 -5.676615 -1.259843, 1.816379 -5.671827 -1.259843, 1.820796 -5.666694 -1.259843, 1.824817 -5.661246 -1.259843, 1.828420 -5.655512 -1.259843, 1.831584 -5.649525 -1.259843, 1.834292 -5.643318 -1.259843, 1.836528 -5.636927 -1.259843, 1.838281 -5.630386 -1.259843, 1.839540 -5.623732 -1.259843, 1.840298 -5.617003 -1.259843, 1.840551 -5.610236 0.196850, 1.840298 -5.603469 0.196850, 1.839540 -5.596740 0.196850, 1.838281 -5.590087 0.196850, 1.836528 -5.583546 0.196850, 1.834292 -5.577154 0.196850, 1.831584 -5.570948 0.196850, 1.828420 -5.564961 0.196850, 1.824817 -5.559227 0.196850, 1.820796 -5.553778 0.196850, 1.816379 -5.548646 0.196850, 1.811590 -5.543858 0.196850, 1.806458 -5.539440 0.196850, 1.801009 -5.535419 0.196850, 1.795276 -5.531817 0.196850, 1.789289 -5.528652 0.196850, 1.783082 -5.525945 0.196850, 1.776690 -5.523708 0.196850, 1.770150 -5.521955 0.196850, 1.763496 -5.520696 0.196850, 1.756767 -5.519938 0.196850, 1.750000 -5.519685 0.196850, 1.743233 -5.519938 0.196850, 1.736504 -5.520696 0.196850, 1.729850 -5.521955 0.196850, 1.723310 -5.523708 0.196850, 1.716918 -5.525945 0.196850, 1.710711 -5.528652 0.196850, 1.704724 -5.531817 0.196850, 1.698991 -5.535419 0.196850, 1.693542 -5.539440 0.196850, 1.688410 -5.543858 0.196850, 1.683621 -5.548646 0.196850, 1.679204 -5.553778 0.196850, 1.675183 -5.559227 0.196850, 1.671580 -5.564961 0.196850, 1.668416 -5.570948 0.196850, 1.665708 -5.577154 0.196850, 1.663472 -5.583546 0.196850, 1.661719 -5.590087 0.196850, 1.660460 -5.596740 0.196850, 1.659702 -5.603469 0.196850, 1.659449 -5.610236 0.196850, 1.659702 -5.617003 0.196850, 1.660460 -5.623732 0.196850, 1.661719 -5.630386 0.196850, 1.663472 -5.636927 0.196850, 1.665708 -5.643318 0.196850, 1.668416 -5.649525 0.196850, 1.671580 -5.655512 0.196850, 1.675183 -5.661246 0.196850, 1.679204 -5.666694 0.196850, 1.683621 -5.671827 0.196850, 1.688410 -5.676615 0.196850, 1.693542 -5.681032 0.196850, 1.698991 -5.685053 0.196850, 1.704724 -5.688656 0.196850, 1.710711 -5.691820 0.196850, 1.716918 -5.694528 0.196850, 1.723310 -5.696764 0.196850, 1.729850 -5.698517 0.196850, 1.736504 -5.699776 0.196850, 1.743233 -5.700534 0.196850, 1.750000 -5.700787 0.196850, 1.756767 -5.700534 0.196850, 1.763496 -5.699776 0.196850, 1.770150 -5.698517 0.196850, 1.776690 -5.696764 0.196850, 1.783082 -5.694528 0.196850, 1.789289 -5.691820 0.196850, 1.795276 -5.688656 0.196850, 1.801009 -5.685053 0.196850, 1.806458 -5.681032 0.196850, 1.811590 -5.676615 0.196850, 1.816379 -5.671827 0.196850, 1.820796 -5.666694 0.196850, 1.824817 -5.661246 0.196850, 1.828420 -5.655512 0.196850, 1.831584 -5.649525 0.196850, 1.834292 -5.643318 0.196850, 1.836528 -5.636927 0.196850, 1.838281 -5.630386 0.196850, 1.839540 -5.623732 0.196850, 1.840298 -5.617003 0.196850 ] } coordIndex [ 87 1 0 -1, 87 2 1 -1, 88 3 2 -1, 88 2 87 -1, 89 4 3 -1, 89 3 88 -1, 90 5 4 -1, 90 6 5 -1, 90 4 89 -1, 91 7 6 -1, 91 6 90 -1, 92 7 91 -1, 93 8 7 -1, 93 9 8 -1, 93 7 92 -1, 94 9 93 -1, 95 10 9 -1, 95 9 94 -1, 96 11 10 -1, 96 10 95 -1, 96 12 11 -1, 97 13 12 -1, 97 12 96 -1, 98 13 97 -1, 99 14 13 -1, 99 13 98 -1, 100 15 14 -1, 100 14 99 -1, 101 16 15 -1, 101 15 100 -1, 102 17 16 -1, 102 16 101 -1, 103 18 17 -1, 103 17 102 -1, 104 19 18 -1, 104 18 103 -1, 105 20 19 -1, 105 19 104 -1, 106 21 20 -1, 106 20 105 -1, 107 22 21 -1, 107 21 106 -1, 108 23 22 -1, 108 22 107 -1, 109 24 23 -1, 109 23 108 -1, 110 25 24 -1, 110 24 109 -1, 111 26 25 -1, 111 25 110 -1, 112 27 26 -1, 112 28 27 -1, 112 26 111 -1, 113 28 112 -1, 114 29 28 -1, 114 28 113 -1, 115 30 29 -1, 115 29 114 -1, 116 31 30 -1, 116 30 115 -1, 117 32 31 -1, 117 31 116 -1, 118 32 117 -1, 118 33 32 -1, 119 33 118 -1, 119 34 33 -1, 120 34 119 -1, 120 35 34 -1, 121 35 120 -1, 121 36 35 -1, 121 37 36 -1, 122 37 121 -1, 123 37 122 -1, 123 38 37 -1, 124 38 123 -1, 124 39 38 -1, 125 39 124 -1, 125 40 39 -1, 125 41 40 -1, 126 41 125 -1, 126 42 41 -1, 127 42 126 -1, 128 42 127 -1, 128 43 42 -1, 128 44 43 -1, 129 44 128 -1, 130 45 44 -1, 130 44 129 -1, 131 46 45 -1, 131 45 130 -1, 132 47 46 -1, 132 46 131 -1, 133 48 47 -1, 133 49 48 -1, 133 47 132 -1, 134 49 133 -1, 135 50 49 -1, 135 51 50 -1, 135 49 134 -1, 136 51 135 -1, 137 52 51 -1, 137 51 136 -1, 138 53 52 -1, 138 52 137 -1, 139 54 53 -1, 139 53 138 -1, 140 55 54 -1, 140 54 139 -1, 141 56 55 -1, 141 55 140 -1, 142 57 56 -1, 142 56 141 -1, 143 58 57 -1, 143 57 142 -1, 144 58 143 -1, 144 59 58 -1, 145 59 144 -1, 145 60 59 -1, 146 60 145 -1, 146 61 60 -1, 147 61 146 -1, 147 62 61 -1, 148 62 147 -1, 148 63 62 -1, 149 63 148 -1, 149 64 63 -1, 150 64 149 -1, 150 65 64 -1, 151 65 150 -1, 151 66 65 -1, 152 66 151 -1, 152 67 66 -1, 153 67 152 -1, 153 68 67 -1, 154 68 153 -1, 154 69 68 -1, 155 69 154 -1, 155 70 69 -1, 156 70 155 -1, 156 71 70 -1, 156 72 71 -1, 157 72 156 -1, 157 73 72 -1, 158 73 157 -1, 159 73 158 -1, 159 74 73 -1, 159 75 74 -1, 160 75 159 -1, 161 75 160 -1, 161 76 75 -1, 161 77 76 -1, 162 77 161 -1, 163 77 162 -1, 163 78 77 -1, 163 79 78 -1, 164 79 163 -1, 165 80 79 -1, 165 81 80 -1, 165 79 164 -1, 166 81 165 -1, 167 82 81 -1, 167 83 82 -1, 167 81 166 -1, 168 83 167 -1, 169 84 83 -1, 169 85 84 -1, 169 83 168 -1, 86 85 169 -1, 237 236 235 -1, 239 238 237 -1, 199 201 200 -1, 249 247 246 -1, 249 248 247 -1, 250 249 246 -1, 252 251 250 -1, 171 253 252 -1, 171 170 253 -1, 173 172 171 -1, 187 189 188 -1, 175 174 173 -1, 177 176 175 -1, 179 178 177 -1, 179 177 175 -1, 181 252 250 -1, 181 180 179 -1, 181 171 252 -1, 181 183 182 -1, 181 173 171 -1, 181 184 183 -1, 181 185 184 -1, 181 186 185 -1, 181 187 186 -1, 181 190 189 -1, 181 191 190 -1, 181 192 191 -1, 181 193 192 -1, 181 189 187 -1, 181 194 193 -1, 181 195 194 -1, 181 196 195 -1, 181 197 196 -1, 181 198 197 -1, 181 199 198 -1, 181 175 173 -1, 181 179 175 -1, 181 202 201 -1, 181 203 202 -1, 181 204 203 -1, 181 205 204 -1, 181 206 205 -1, 181 207 206 -1, 181 208 207 -1, 181 209 208 -1, 181 210 209 -1, 181 211 210 -1, 181 212 211 -1, 181 213 212 -1, 181 214 213 -1, 181 237 235 -1, 181 215 214 -1, 181 216 215 -1, 181 217 216 -1, 181 218 217 -1, 181 219 218 -1, 181 220 219 -1, 181 221 220 -1, 181 239 237 -1, 181 222 221 -1, 181 223 222 -1, 181 224 223 -1, 181 225 224 -1, 181 226 225 -1, 181 227 226 -1, 181 228 227 -1, 181 229 228 -1, 181 230 229 -1, 181 231 230 -1, 181 201 199 -1, 181 232 231 -1, 181 233 232 -1, 181 234 233 -1, 181 235 234 -1, 181 240 239 -1, 181 241 240 -1, 181 242 241 -1, 181 243 242 -1, 181 244 243 -1, 181 245 244 -1, 181 246 245 -1, 181 250 246 -1, 321 319 320 -1, 323 321 322 -1, 283 284 285 -1, 333 330 331 -1, 333 331 332 -1, 334 330 333 -1, 336 334 335 -1, 255 336 337 -1, 255 337 254 -1, 257 255 256 -1, 271 272 273 -1, 259 257 258 -1, 261 259 260 -1, 263 261 262 -1, 263 259 261 -1, 265 334 336 -1, 265 263 264 -1, 265 336 255 -1, 265 266 267 -1, 265 255 257 -1, 265 267 268 -1, 265 268 269 -1, 265 269 270 -1, 265 270 271 -1, 265 273 274 -1, 265 274 275 -1, 265 275 276 -1, 265 276 277 -1, 265 271 273 -1, 265 277 278 -1, 265 278 279 -1, 265 279 280 -1, 265 280 281 -1, 265 281 282 -1, 265 282 283 -1, 265 257 259 -1, 265 259 263 -1, 265 285 286 -1, 265 286 287 -1, 265 287 288 -1, 265 288 289 -1, 265 289 290 -1, 265 290 291 -1, 265 291 292 -1, 265 292 293 -1, 265 293 294 -1, 265 294 295 -1, 265 295 296 -1, 265 296 297 -1, 265 297 298 -1, 265 319 321 -1, 265 298 299 -1, 265 299 300 -1, 265 300 301 -1, 265 301 302 -1, 265 302 303 -1, 265 303 304 -1, 265 304 305 -1, 265 321 323 -1, 265 305 306 -1, 265 306 307 -1, 265 307 308 -1, 265 308 309 -1, 265 309 310 -1, 265 310 311 -1, 265 311 312 -1, 265 312 313 -1, 265 313 314 -1, 265 314 315 -1, 265 283 285 -1, 265 315 316 -1, 265 316 317 -1, 265 317 318 -1, 265 318 319 -1, 265 323 324 -1, 265 324 325 -1, 265 325 326 -1, 265 326 327 -1, 265 327 328 -1, 265 328 329 -1, 265 329 330 -1, 265 330 334 -1 ] } }
Shape { appearance Appearance { material Material { diffuseColor 0.76 0.58 0.23 specularColor .4 .4 .4 shininess .5 } } geometry IndexedFaceSet { solid FALSE coord Coordinate { point [ 1.671260 -2.766757 4.568454, 1.671260 -2.745054 4.644144, 1.671260 -0.496060 3.917342, 1.671260 -0.474357 3.993032, 1.828740 -2.766757 4.568454, 1.828740 -2.745054 4.644144, 1.828740 -0.496060 3.917342, 1.828740 -0.474357 3.993032, 1.671260 -2.766757 4.568454, 1.828740 -2.766757 4.568454, 1.671260 -2.745054 4.644144, 1.828740 -2.745054 4.644144, 1.671260 -0.496060 3.917342, 1.828740 -0.496060 3.917342, 1.671260 -0.474357 3.993032, 1.828740 -0.474357 3.993032, 1.671260 -2.766757 4.568454, 1.671260 -0.496060 3.917342, 1.828740 -2.766757 4.568454, 1.828740 -0.496060 3.917342, 1.671260 -2.745054 4.644144, 1.671260 -0.474357 3.993032, 1.828740 -2.745054 4.644144, 1.828740 -0.474357 3.993032 ] } coordIndex [ 0 3 2 -1, 1 3 0 -1, 4 6 7 -1, 5 4 7 -1, 9 10 8 -1, 11 10 9 -1, 13 12 14 -1, 15 13 14 -1, 19 16 17 -1, 19 18 16 -1, 23 21 20 -1, 23 20 22 -1 ] } }
Shape { appearance Appearance { material Material { diffuseColor 0.035 0.038 0.045 specularColor .4 .4 .4 shininess .5 } } geometry IndexedFaceSet { solid FALSE coord Coordinate { point [ -1.679134 -3.110236 -1.259843, -1.679134 -3.110236 0.078740, -1.680730 -3.067575 0.078740, -1.685510 -3.025153 0.078740, -1.693447 -2.983207 0.078740, -1.704496 -2.941970 0.078740, -1.718596 -2.901675 0.078740, -1.735667 -2.862547 0.078740, -1.755615 -2.824803 0.078740, -1.778328 -2.788656 0.078740, -1.803679 -2.754307 0.078740, -1.831526 -2.721949 0.078740, -1.861712 -2.691762 0.078740, -1.894071 -2.663915 0.078740, -1.928420 -2.638564 0.078740, -1.964567 -2.615852 0.078740, -2.002310 -2.595904 0.078740, -2.041439 -2.578832 0.078740, -2.081734 -2.564732 0.078740, -2.122970 -2.553683 0.078740, -2.164917 -2.545746 0.078740, -2.207339 -2.540966 0.078740, -2.250000 -2.539370 0.078740, -2.292661 -2.540966 0.078740, -2.335083 -2.545746 0.078740, -2.377030 -2.553683 0.078740, -2.418266 -2.564732 0.078740, -2.458561 -2.578832 0.078740, -2.497690 -2.595904 0.078740, -2.535433 -2.615852 0.078740, -2.571580 -2.638564 0.078740, -2.605929 -2.663915 0.078740, -2.638288 -2.691762 0.078740, -2.668474 -2.721949 0.078740, -2.696321 -2.754307 0.078740, -2.721672 -2.788656 0.078740, -2.744385 -2.824803 0.078740, -2.764333 -2.862547 0.078740, -2.781404 -2.901675 0.078740, -2.795504 -2.941970 0.078740, -2.806553 -2.983207 0.078740, -2.814490 -3.025153 0.078740, -2.819270 -3.067575 0.078740, -2.820866 -3.110236 0.078740, -2.819270 -3.152897 0.078740, -2.814490 -3.195319 0.078740, -2.806553 -3.237266 0.078740, -2.795504 -3.278502 0.078740, -2.781404 -3.318797 0.078740, -2.764333 -3.357926 0.078740, -2.744385 -3.395669 0.078740, -2.721672 -3.431817 0.078740, -2.696321 -3.466165 0.078740, -2.668474 -3.498524 0.078740, -2.638288 -3.528711 0.078740, -2.605929 -3.556557 0.078740, -2.571580 -3.581908 0.078740, -2.535433 -3.604621 0.078740, -2.497690 -3.624569 0.078740, -2.458561 -3.641641 0.078740, -2.418266 -3.655740 0.078740, -2.377030 -3.666790 0.078740, -2.335083 -3.674726 0.078740, -2.292661 -3.679506 0.078740, -2.250000 -3.681102 0.078740, -2.207339 -3.679506 0.078740, -2.164917 -3.674726 0.078740, -2.122970 -3.666790 0.078740, -2.081734 -3.655740 0.078740, -2.041439 -3.641641 0.078740, -2.002310 -3.624569 0.078740, -1.964567 -3.604621 0.078740, -1.928420 -3.581908 0.078740, -1.894071 -3.556557 0.078740, -1.861712 -3.528711 0.078740, -1.831526 -3.498524 0.078740, -1.803679 -3.466165 0.078740, -1.778328 -3.431817 0.078740, -1.755615 -3.395669 0.078740, -1.735667 -3.357926 0.078740, -1.718596 -3.318797 0.078740, -1.704496 -3.278502 0.078740, -1.693447 -3.237266 0.078740, -1.685510 -3.195319 0.078740, -1.680730 -3.152897 0.078740, -1.679134 -3.110236 0.078740, -1.679134 -3.110236 -1.259843, -1.680730 -3.067575 -1.259843, -1.685510 -3.025153 -1.259843, -1.693447 -2.983207 -1.259843, -1.704496 -2.941970 -1.259843, -1.718596 -2.901675 -1.259843, -1.735667 -2.862547 -1.259843, -1.755615 -2.824803 -1.259843, -1.778328 -2.788656 -1.259843, -1.803679 -2.754307 -1.259843, -1.831526 -2.721949 -1.259843, -1.861712 -2.691762 -1.259843, -1.894071 -2.663915 -1.259843, -1.928420 -2.638564 -1.259843, -1.964567 -2.615852 -1.259843, -2.002310 -2.595904 -1.259843, -2.041439 -2.578832 -1.259843, -2.081734 -2.564732 -1.259843, -2.122970 -2.553683 -1.259843, -2.164917 -2.545746 -1.259843, -2.207339 -2.540966 -1.259843, -2.250000 -2.539370 -1.259843, -2.292661 -2.540966 -1.259843, -2.335083 -2.545746 -1.259843, -2.377030 -2.553683 -1.259843, -2.418266 -2.564732 -1.259843, -2.458561 -2.578832 -1.259843, -2.497690 -2.595904 -1.259843, -2.535433 -2.615852 -1.259843, -2.571580 -2.638564 -1.259843, -2.605929 -2.663915 -1.259843, -2.638288 -2.691762 -1.259843, -2.668474 -2.721949 -1.259843, -2.696321 -2.754307 -1.259843, -2.721672 -2.788656 -1.259843, -2.744385 -2.824803 -1.259843, -2.764333 -2.862547 -1.259843, -2.781404 -2.901675 -1.259843, -2.795504 -2.941970 -1.259843, -2.806553 -2.983207 -1.259843, -2.814490 -3.025153 -1.259843, -2.819270 -3.067575 -1.259843, -2.820866 -3.110236 -1.259843, -2.819270 -3.152897 -1.259843, -2.814490 -3.195319 -1.259843, -2.806553 -3.237266 -1.259843, -2.795504 -3.278502 -1.259843, -2.781404 -3.318797 -1.259843, -2.764333 -3.357926 -1.259843, -2.744385 -3.395669 -1.259843, -2.721672 -3.431817 -1.259843, -2.696321 -3.466165 -1.259843, -2.668474 -3.498524 -1.259843, -2.638288 -3.528711 -1.259843, -2.605929 -3.556557 -1.259843, -2.571580 -3.581908 -1.259843, -2.535433 -3.604621 -1.259843, -2.497690 -3.624569 -1.259843, -2.458561 -3.641641 -1.259843, -2.418266 -3.655740 -1.259843, -2.377030 -3.666790 -1.259843, -2.335083 -3.674726 -1.259843, -2.292661 -3.679506 -1.259843, -2.250000 -3.681102 -1.259843, -2.207339 -3.679506 -1.259843, -2.164917 -3.674726 -1.259843, -2.122970 -3.666790 -1.259843, -2.081734 -3.655740 -1.259843, -2.041439 -3.641641 -1.259843, -2.002310 -3.624569 -1.259843, -1.964567 -3.604621 -1.259843, -1.928420 -3.581908 -1.259843, -1.894071 -3.556557 -1.259843, -1.861712 -3.528711 -1.259843, -1.831526 -3.498524 -1.259843, -1.803679 -3.466165 -1.259843, -1.778328 -3.431817 -1.259843, -1.755615 -3.395669 -1.259843, -1.735667 -3.357926 -1.259843, -1.718596 -3.318797 -1.259843, -1.704496 -3.278502 -1.259843, -1.693447 -3.237266 -1.259843, -1.685510 -3.195319 -1.259843, -1.680730 -3.152897 -1.259843, -1.679134 -3.110236 -1.259843, -1.680730 -3.067575 -1.259843, -1.685510 -3.025153 -1.259843, -1.693447 -2.983207 -1.259843, -1.704496 -2.941970 -1.259843, -1.718596 -2.901675 -1.259843, -1.735667 -2.862547 -1.259843, -1.755615 -2.824803 -1.259843, -1.778328 -2.788656 -1.259843, -1.803679 -2.754307 -1.259843, -1.831526 -2.721949 -1.259843, -1.861712 -2.691762 -1.259843, -1.894071 -2.663915 -1.259843, -1.928420 -2.638564 -1.259843, -1.964567 -2.615852 -1.259843, -2.002310 -2.595904 -1.259843, -2.041439 -2.578832 -1.259843, -2.081734 -2.564732 -1.259843, -2.122970 -2.553683 -1.259843, -2.164917 -2.545746 -1.259843, -2.207339 -2.540966 -1.259843, -2.250000 -2.539370 -1.259843, -2.292661 -2.540966 -1.259843, -2.335083 -2.545746 -1.259843, -2.377030 -2.553683 -1.259843, -2.418266 -2.564732 -1.259843, -2.458561 -2.578832 -1.259843, -2.497690 -2.595904 -1.259843, -2.535433 -2.615852 -1.259843, -2.571580 -2.638564 -1.259843, -2.605929 -2.663915 -1.259843, -2.638288 -2.691762 -1.259843, -2.668474 -2.721949 -1.259843, -2.696321 -2.754307 -1.259843, -2.721672 -2.788656 -1.259843, -2.744385 -2.824803 -1.259843, -2.764333 -2.862547 -1.259843, -2.781404 -2.901675 -1.259843, -2.795504 -2.941970 -1.259843, -2.806553 -2.983207 -1.259843, -2.814490 -3.025153 -1.259843, -2.819270 -3.067575 -1.259843, -2.820866 -3.110236 -1.259843, -2.819270 -3.152897 -1.259843, -2.814490 -3.195319 -1.259843, -2.806553 -3.237266 -1.259843, -2.795504 -3.278502 -1.259843, -2.781404 -3.318797 -1.259843, -2.764333 -3.357926 -1.259843, -2.744385 -3.395669 -1.259843, -2.721672 -3.431817 -1.259843, -2.696321 -3.466165 -1.259843, -2.668474 -3.498524 -1.259843, -2.638288 -3.528711 -1.259843, -2.605929 -3.556557 -1.259843, -2.571580 -3.581908 -1.259843, -2.535433 -3.604621 -1.259843, -2.497690 -3.624569 -1.259843, -2.458561 -3.641641 -1.259843, -2.418266 -3.655740 -1.259843, -2.377030 -3.666790 -1.259843, -2.335083 -3.674726 -1.259843, -2.292661 -3.679506 -1.259843, -2.250000 -3.681102 -1.259843, -2.207339 -3.679506 -1.259843, -2.164917 -3.674726 -1.259843, -2.122970 -3.666790 -1.259843, -2.081734 -3.655740 -1.259843, -2.041439 -3.641641 -1.259843, -2.002310 -3.624569 -1.259843, -1.964567 -3.604621 -1.259843, -1.928420 -3.581908 -1.259843, -1.894071 -3.556557 -1.259843, -1.861712 -3.528711 -1.259843, -1.831526 -3.498524 -1.259843, -1.803679 -3.466165 -1.259843, -1.778328 -3.431817 -1.259843, -1.755615 -3.395669 -1.259843, -1.735667 -3.357926 -1.259843, -1.718596 -3.318797 -1.259843, -1.704496 -3.278502 -1.259843, -1.693447 -3.237266 -1.259843, -1.685510 -3.195319 -1.259843, -1.680730 -3.152897 -1.259843, -1.679134 -3.110236 0.078740, -1.680730 -3.067575 0.078740, -1.685510 -3.025153 0.078740, -1.693447 -2.983207 0.078740, -1.704496 -2.941970 0.078740, -1.718596 -2.901675 0.078740, -1.735667 -2.862547 0.078740, -1.755615 -2.824803 0.078740, -1.778328 -2.788656 0.078740, -1.803679 -2.754307 0.078740, -1.831526 -2.721949 0.078740, -1.861712 -2.691762 0.078740, -1.894071 -2.663915 0.078740, -1.928420 -2.638564 0.078740, -1.964567 -2.615852 0.078740, -2.002310 -2.595904 0.078740, -2.041439 -2.578832 0.078740, -2.081734 -2.564732 0.078740, -2.122970 -2.553683 0.078740, -2.164917 -2.545746 0.078740, -2.207339 -2.540966 0.078740, -2.250000 -2.539370 0.078740, -2.292661 -2.540966 0.078740, -2.335083 -2.545746 0.078740, -2.377030 -2.553683 0.078740, -2.418266 -2.564732 0.078740, -2.458561 -2.578832 0.078740, -2.497690 -2.595904 0.078740, -2.535433 -2.615852 0.078740, -2.571580 -2.638564 0.078740, -2.605929 -2.663915 0.078740, -2.638288 -2.691762 0.078740, -2.668474 -2.721949 0.078740, -2.696321 -2.754307 0.078740, -2.721672 -2.788656 0.078740, -2.744385 -2.824803 0.078740, -2.764333 -2.862547 0.078740, -2.781404 -2.901675 0.078740, -2.795504 -2.941970 0.078740, -2.806553 -2.983207 0.078740, -2.814490 -3.025153 0.078740, -2.819270 -3.067575 0.078740, -2.820866 -3.110236 0.078740, -2.819270 -3.152897 0.078740, -2.814490 -3.195319 0.078740, -2.806553 -3.237266 0.078740, -2.795504 -3.278502 0.078740, -2.781404 -3.318797 0.078740, -2.764333 -3.357926 0.078740, -2.744385 -3.395669 0.078740, -2.721672 -3.431817 0.078740, -2.696321 -3.466165 0.078740, -2.668474 -3.498524 0.078740, -2.638288 -3.528711 0.078740, -2.605929 -3.556557 0.078740, -2.571580 -3.581908 0.078740, -2.535433 -3.604621 0.078740, -2.497690 -3.624569 0.078740, -2.458561 -3.641641 0.078740, -2.418266 -3.655740 0.078740, -2.377030 -3.666790 0.078740, -2.335083 -3.674726 0.078740, -2.292661 -3.679506 0.078740, -2.250000 -3.681102 0.078740, -2.207339 -3.679506 0.078740, -2.164917 -3.674726 0.078740, -2.122970 -3.666790 0.078740, -2.081734 -3.655740 0.078740, -2.041439 -3.641641 0.078740, -2.002310 -3.624569 0.078740, -1.964567 -3.604621 0.078740, -1.928420 -3.581908 0.078740, -1.894071 -3.556557 0.078740, -1.861712 -3.528711 0.078740, -1.831526 -3.498524 0.078740, -1.803679 -3.466165 0.078740, -1.778328 -3.431817 0.078740, -1.755615 -3.395669 0.078740, -1.735667 -3.357926 0.078740, -1.718596 -3.318797 0.078740, -1.704496 -3.278502 0.078740, -1.693447 -3.237266 0.078740, -1.685510 -3.195319 0.078740, -1.680730 -3.152897 0.078740 ] } coordIndex [ 87 1 0 -1, 87 2 1 -1, 88 3 2 -1, 88 4 3 -1, 88 2 87 -1, 89 4 88 -1, 90 5 4 -1, 90 4 89 -1, 91 6 5 -1, 91 7 6 -1, 91 5 90 -1, 92 7 91 -1, 93 8 7 -1, 93 7 92 -1, 94 8 93 -1, 94 9 8 -1, 95 10 9 -1, 95 9 94 -1, 96 11 10 -1, 96 10 95 -1, 97 12 11 -1, 97 13 12 -1, 97 11 96 -1, 98 13 97 -1, 99 14 13 -1, 99 13 98 -1, 100 15 14 -1, 100 14 99 -1, 101 16 15 -1, 101 15 100 -1, 102 17 16 -1, 102 18 17 -1, 102 16 101 -1, 103 19 18 -1, 103 18 102 -1, 104 19 103 -1, 105 20 19 -1, 105 19 104 -1, 106 21 20 -1, 106 20 105 -1, 107 22 21 -1, 107 23 22 -1, 107 21 106 -1, 108 23 107 -1, 109 24 23 -1, 109 23 108 -1, 110 25 24 -1, 110 24 109 -1, 111 26 25 -1, 111 25 110 -1, 112 27 26 -1, 112 26 111 -1, 113 28 27 -1, 113 29 28 -1, 113 27 112 -1, 114 29 113 -1, 115 30 29 -1, 115 31 30 -1, 115 29 114 -1, 116 31 115 -1, 117 32 31 -1, 117 31 116 -1, 118 32 117 -1, 118 33 32 -1, 118 34 33 -1, 119 34 118 -1, 120 34 119 -1, 120 35 34 -1, 121 35 120 -1, 121 36 35 -1, 122 36 121 -1, 122 37 36 -1, 123 37 122 -1, 123 38 37 -1, 123 39 38 -1, 124 39 123 -1, 125 39 124 -1, 125 40 39 -1, 126 40 125 -1, 126 41 40 -1, 127 41 126 -1, 127 42 41 -1, 128 42 127 -1, 128 43 42 -1, 129 44 43 -1, 129 43 128 -1, 130 44 129 -1, 130 45 44 -1, 131 46 45 -1, 131 45 130 -1, 132 47 46 -1, 132 46 131 -1, 133 48 47 -1, 133 47 132 -1, 134 49 48 -1, 134 48 133 -1, 135 50 49 -1, 135 49 134 -1, 136 51 50 -1, 136 50 135 -1, 137 52 51 -1, 137 51 136 -1, 138 53 52 -1, 138 52 137 -1, 139 54 53 -1, 139 53 138 -1, 140 55 54 -1, 140 56 55 -1, 140 54 139 -1, 141 56 140 -1, 141 57 56 -1, 142 58 57 -1, 142 57 141 -1, 143 58 142 -1, 144 58 143 -1, 144 59 58 -1, 144 60 59 -1, 145 60 144 -1, 145 61 60 -1, 146 61 145 -1, 147 61 146 -1, 147 62 61 -1, 148 62 147 -1, 148 63 62 -1, 149 63 148 -1, 149 64 63 -1, 149 65 64 -1, 150 65 149 -1, 150 66 65 -1, 151 66 150 -1, 151 67 66 -1, 152 67 151 -1, 153 67 152 -1, 153 68 67 -1, 153 69 68 -1, 154 69 153 -1, 154 70 69 -1, 155 70 154 -1, 156 70 155 -1, 156 71 70 -1, 157 71 156 -1, 157 72 71 -1, 158 72 157 -1, 158 73 72 -1, 159 73 158 -1, 159 74 73 -1, 159 75 74 -1, 160 75 159 -1, 161 75 160 -1, 161 76 75 -1, 162 76 161 -1, 162 77 76 -1, 163 78 77 -1, 163 77 162 -1, 164 79 78 -1, 164 78 163 -1, 165 80 79 -1, 165 79 164 -1, 166 81 80 -1, 166 80 165 -1, 167 82 81 -1, 167 81 166 -1, 168 83 82 -1, 168 82 167 -1, 169 83 168 -1, 169 84 83 -1, 169 85 84 -1, 86 85 169 -1, 221 223 222 -1, 221 224 223 -1, 229 228 227 -1, 211 213 212 -1, 237 236 235 -1, 207 209 208 -1, 207 210 209 -1, 207 211 210 -1, 239 238 237 -1, 205 207 206 -1, 240 239 237 -1, 240 237 235 -1, 202 204 203 -1, 201 205 204 -1, 201 204 202 -1, 244 240 235 -1, 244 235 234 -1, 244 241 240 -1, 244 242 241 -1, 244 243 242 -1, 246 245 244 -1, 198 200 199 -1, 198 213 211 -1, 198 201 200 -1, 198 211 207 -1, 198 214 213 -1, 198 215 214 -1, 198 216 215 -1, 198 217 216 -1, 198 218 217 -1, 198 207 205 -1, 198 205 201 -1, 248 244 234 -1, 248 230 229 -1, 248 231 230 -1, 248 232 231 -1, 248 233 232 -1, 248 234 233 -1, 248 247 246 -1, 248 246 244 -1, 196 198 197 -1, 193 195 194 -1, 193 196 195 -1, 193 219 218 -1, 193 220 219 -1, 193 221 220 -1, 193 218 198 -1, 193 198 196 -1, 252 249 248 -1, 252 250 249 -1, 252 251 250 -1, 253 252 248 -1, 171 170 253 -1, 190 192 191 -1, 190 193 192 -1, 188 190 189 -1, 187 190 188 -1, 174 173 172 -1, 186 193 190 -1, 186 190 187 -1, 175 174 172 -1, 177 176 175 -1, 184 186 185 -1, 183 186 184 -1, 179 178 177 -1, 179 177 175 -1, 181 229 227 -1, 181 172 171 -1, 181 180 179 -1, 181 253 248 -1, 181 171 253 -1, 181 183 182 -1, 181 179 175 -1, 181 175 172 -1, 181 186 183 -1, 181 225 224 -1, 181 226 225 -1, 181 227 226 -1, 181 221 193 -1, 181 248 229 -1, 181 224 221 -1, 181 193 186 -1, 305 306 307 -1, 305 307 308 -1, 313 311 312 -1, 295 296 297 -1, 321 319 320 -1, 291 292 293 -1, 291 293 294 -1, 291 294 295 -1, 323 321 322 -1, 289 290 291 -1, 324 321 323 -1, 324 319 321 -1, 286 287 288 -1, 285 288 289 -1, 285 286 288 -1, 328 319 324 -1, 328 318 319 -1, 328 324 325 -1, 328 325 326 -1, 328 326 327 -1, 330 328 329 -1, 282 283 284 -1, 282 295 297 -1, 282 284 285 -1, 282 291 295 -1, 282 297 298 -1, 282 298 299 -1, 282 299 300 -1, 282 300 301 -1, 282 301 302 -1, 282 289 291 -1, 282 285 289 -1, 332 318 328 -1, 332 313 314 -1, 332 314 315 -1, 332 315 316 -1, 332 316 317 -1, 332 317 318 -1, 332 330 331 -1, 332 328 330 -1, 280 281 282 -1, 277 278 279 -1, 277 279 280 -1, 277 302 303 -1, 277 303 304 -1, 277 304 305 -1, 277 282 302 -1, 277 280 282 -1, 336 332 333 -1, 336 333 334 -1, 336 334 335 -1, 337 332 336 -1, 255 337 254 -1, 274 275 276 -1, 274 276 277 -1, 272 273 274 -1, 271 272 274 -1, 258 256 257 -1, 270 274 277 -1, 270 271 274 -1, 259 256 258 -1, 261 259 260 -1, 268 269 270 -1, 267 268 270 -1, 263 261 262 -1, 263 259 261 -1, 265 311 313 -1, 265 255 256 -1, 265 263 264 -1, 265 332 337 -1, 265 337 255 -1, 265 266 267 -1, 265 259 263 -1, 265 256 259 -1, 265 267 270 -1, 265 308 309 -1, 265 309 310 -1, 265 310 311 -1, 265 277 305 -1, 265 313 332 -1, 265 305 308 -1, 265 270 277 -1 ] } }
Shape { appearance Appearance { material Material { diffuseColor 0.035 0.038 0.045 specularColor .4 .4 .4 shininess .5 } } geometry IndexedFaceSet { solid FALSE coord Coordinate { point [ 2.820866 -3.110236 -1.259843, 2.820866 -3.110236 0.078740, 2.819270 -3.067575 0.078740, 2.814490 -3.025153 0.078740, 2.806553 -2.983207 0.078740, 2.795504 -2.941970 0.078740, 2.781404 -2.901675 0.078740, 2.764333 -2.862547 0.078740, 2.744385 -2.824803 0.078740, 2.721672 -2.788656 0.078740, 2.696321 -2.754307 0.078740, 2.668474 -2.721949 0.078740, 2.638288 -2.691762 0.078740, 2.605929 -2.663915 0.078740, 2.571580 -2.638564 0.078740, 2.535433 -2.615852 0.078740, 2.497690 -2.595904 0.078740, 2.458561 -2.578832 0.078740, 2.418266 -2.564732 0.078740, 2.377030 -2.553683 0.078740, 2.335083 -2.545746 0.078740, 2.292661 -2.540966 0.078740, 2.250000 -2.539370 0.078740, 2.207339 -2.540966 0.078740, 2.164917 -2.545746 0.078740, 2.122970 -2.553683 0.078740, 2.081734 -2.564732 0.078740, 2.041439 -2.578832 0.078740, 2.002310 -2.595904 0.078740, 1.964567 -2.615852 0.078740, 1.928420 -2.638564 0.078740, 1.894071 -2.663915 0.078740, 1.861712 -2.691762 0.078740, 1.831526 -2.721949 0.078740, 1.803679 -2.754307 0.078740, 1.778328 -2.788656 0.078740, 1.755615 -2.824803 0.078740, 1.735667 -2.862547 0.078740, 1.718596 -2.901675 0.078740, 1.704496 -2.941970 0.078740, 1.693447 -2.983207 0.078740, 1.685510 -3.025153 0.078740, 1.680730 -3.067575 0.078740, 1.679134 -3.110236 0.078740, 1.680730 -3.152897 0.078740, 1.685510 -3.195319 0.078740, 1.693447 -3.237266 0.078740, 1.704496 -3.278502 0.078740, 1.718596 -3.318797 0.078740, 1.735667 -3.357926 0.078740, 1.755615 -3.395669 0.078740, 1.778328 -3.431817 0.078740, 1.803679 -3.466165 0.078740, 1.831526 -3.498524 0.078740, 1.861712 -3.528711 0.078740, 1.894071 -3.556557 0.078740, 1.928420 -3.581908 0.078740, 1.964567 -3.604621 0.078740, 2.002310 -3.624569 0.078740, 2.041439 -3.641641 0.078740, 2.081734 -3.655740 0.078740, 2.122970 -3.666790 0.078740, 2.164917 -3.674726 0.078740, 2.207339 -3.679506 0.078740, 2.250000 -3.681102 0.078740, 2.292661 -3.679506 0.078740, 2.335083 -3.674726 0.078740, 2.377030 -3.666790 0.078740, 2.418266 -3.655740 0.078740, 2.458561 -3.641641 0.078740, 2.497690 -3.624569 0.078740, 2.535433 -3.604621 0.078740, 2.571580 -3.581908 0.078740, 2.605929 -3.556557 0.078740, 2.638288 -3.528711 0.078740, 2.668474 -3.498524 0.078740, 2.696321 -3.466165 0.078740, 2.721672 -3.431817 0.078740, 2.744385 -3.395669 0.078740, 2.764333 -3.357926 0.078740, 2.781404 -3.318797 0.078740, 2.795504 -3.278502 0.078740, 2.806553 -3.237266 0.078740, 2.814490 -3.195319 0.078740, 2.819270 -3.152897 0.078740, 2.820866 -3.110236 0.078740, 2.820866 -3.110236 -1.259843, 2.819270 -3.067575 -1.259843, 2.814490 -3.025153 -1.259843, 2.806553 -2.983207 -1.259843, 2.795504 -2.941970 -1.259843, 2.781404 -2.901675 -1.259843, 2.764333 -2.862547 -1.259843, 2.744385 -2.824803 -1.259843, 2.721672 -2.788656 -1.259843, 2.696321 -2.754307 -1.259843, 2.668474 -2.721949 -1.259843, 2.638288 -2.691762 -1.259843, 2.605929 -2.663915 -1.259843, 2.571580 -2.638564 -1.259843, 2.535433 -2.615852 -1.259843, 2.497690 -2.595904 -1.259843, 2.458561 -2.578832 -1.259843, 2.418266 -2.564732 -1.259843, 2.377030 -2.553683 -1.259843, 2.335083 -2.545746 -1.259843, 2.292661 -2.540966 -1.259843, 2.250000 -2.539370 -1.259843, 2.207339 -2.540966 -1.259843, 2.164917 -2.545746 -1.259843, 2.122970 -2.553683 -1.259843, 2.081734 -2.564732 -1.259843, 2.041439 -2.578832 -1.259843, 2.002310 -2.595904 -1.259843, 1.964567 -2.615852 -1.259843, 1.928420 -2.638564 -1.259843, 1.894071 -2.663915 -1.259843, 1.861712 -2.691762 -1.259843, 1.831526 -2.721949 -1.259843, 1.803679 -2.754307 -1.259843, 1.778328 -2.788656 -1.259843, 1.755615 -2.824803 -1.259843, 1.735667 -2.862547 -1.259843, 1.718596 -2.901675 -1.259843, 1.704496 -2.941970 -1.259843, 1.693447 -2.983207 -1.259843, 1.685510 -3.025153 -1.259843, 1.680730 -3.067575 -1.259843, 1.679134 -3.110236 -1.259843, 1.680730 -3.152897 -1.259843, 1.685510 -3.195319 -1.259843, 1.693447 -3.237266 -1.259843, 1.704496 -3.278502 -1.259843, 1.718596 -3.318797 -1.259843, 1.735667 -3.357926 -1.259843, 1.755615 -3.395669 -1.259843, 1.778328 -3.431817 -1.259843, 1.803679 -3.466165 -1.259843, 1.831526 -3.498524 -1.259843, 1.861712 -3.528711 -1.259843, 1.894071 -3.556557 -1.259843, 1.928420 -3.581908 -1.259843, 1.964567 -3.604621 -1.259843, 2.002310 -3.624569 -1.259843, 2.041439 -3.641641 -1.259843, 2.081734 -3.655740 -1.259843, 2.122970 -3.666790 -1.259843, 2.164917 -3.674726 -1.259843, 2.207339 -3.679506 -1.259843, 2.250000 -3.681102 -1.259843, 2.292661 -3.679506 -1.259843, 2.335083 -3.674726 -1.259843, 2.377030 -3.666790 -1.259843, 2.418266 -3.655740 -1.259843, 2.458561 -3.641641 -1.259843, 2.497690 -3.624569 -1.259843, 2.535433 -3.604621 -1.259843, 2.571580 -3.581908 -1.259843, 2.605929 -3.556557 -1.259843, 2.638288 -3.528711 -1.259843, 2.668474 -3.498524 -1.259843, 2.696321 -3.466165 -1.259843, 2.721672 -3.431817 -1.259843, 2.744385 -3.395669 -1.259843, 2.764333 -3.357926 -1.259843, 2.781404 -3.318797 -1.259843, 2.795504 -3.278502 -1.259843, 2.806553 -3.237266 -1.259843, 2.814490 -3.195319 -1.259843, 2.819270 -3.152897 -1.259843, 2.820866 -3.110236 -1.259843, 2.819270 -3.067575 -1.259843, 2.814490 -3.025153 -1.259843, 2.806553 -2.983207 -1.259843, 2.795504 -2.941970 -1.259843, 2.781404 -2.901675 -1.259843, 2.764333 -2.862547 -1.259843, 2.744385 -2.824803 -1.259843, 2.721672 -2.788656 -1.259843, 2.696321 -2.754307 -1.259843, 2.668474 -2.721949 -1.259843, 2.638288 -2.691762 -1.259843, 2.605929 -2.663915 -1.259843, 2.571580 -2.638564 -1.259843, 2.535433 -2.615852 -1.259843, 2.497690 -2.595904 -1.259843, 2.458561 -2.578832 -1.259843, 2.418266 -2.564732 -1.259843, 2.377030 -2.553683 -1.259843, 2.335083 -2.545746 -1.259843, 2.292661 -2.540966 -1.259843, 2.250000 -2.539370 -1.259843, 2.207339 -2.540966 -1.259843, 2.164917 -2.545746 -1.259843, 2.122970 -2.553683 -1.259843, 2.081734 -2.564732 -1.259843, 2.041439 -2.578832 -1.259843, 2.002310 -2.595904 -1.259843, 1.964567 -2.615852 -1.259843, 1.928420 -2.638564 -1.259843, 1.894071 -2.663915 -1.259843, 1.861712 -2.691762 -1.259843, 1.831526 -2.721949 -1.259843, 1.803679 -2.754307 -1.259843, 1.778328 -2.788656 -1.259843, 1.755615 -2.824803 -1.259843, 1.735667 -2.862547 -1.259843, 1.718596 -2.901675 -1.259843, 1.704496 -2.941970 -1.259843, 1.693447 -2.983207 -1.259843, 1.685510 -3.025153 -1.259843, 1.680730 -3.067575 -1.259843, 1.679134 -3.110236 -1.259843, 1.680730 -3.152897 -1.259843, 1.685510 -3.195319 -1.259843, 1.693447 -3.237266 -1.259843, 1.704496 -3.278502 -1.259843, 1.718596 -3.318797 -1.259843, 1.735667 -3.357926 -1.259843, 1.755615 -3.395669 -1.259843, 1.778328 -3.431817 -1.259843, 1.803679 -3.466165 -1.259843, 1.831526 -3.498524 -1.259843, 1.861712 -3.528711 -1.259843, 1.894071 -3.556557 -1.259843, 1.928420 -3.581908 -1.259843, 1.964567 -3.604621 -1.259843, 2.002310 -3.624569 -1.259843, 2.041439 -3.641641 -1.259843, 2.081734 -3.655740 -1.259843, 2.122970 -3.666790 -1.259843, 2.164917 -3.674726 -1.259843, 2.207339 -3.679506 -1.259843, 2.250000 -3.681102 -1.259843, 2.292661 -3.679506 -1.259843, 2.335083 -3.674726 -1.259843, 2.377030 -3.666790 -1.259843, 2.418266 -3.655740 -1.259843, 2.458561 -3.641641 -1.259843, 2.497690 -3.624569 -1.259843, 2.535433 -3.604621 -1.259843, 2.571580 -3.581908 -1.259843, 2.605929 -3.556557 -1.259843, 2.638288 -3.528711 -1.259843, 2.668474 -3.498524 -1.259843, 2.696321 -3.466165 -1.259843, 2.721672 -3.431817 -1.259843, 2.744385 -3.395669 -1.259843, 2.764333 -3.357926 -1.259843, 2.781404 -3.318797 -1.259843, 2.795504 -3.278502 -1.259843, 2.806553 -3.237266 -1.259843, 2.814490 -3.195319 -1.259843, 2.819270 -3.152897 -1.259843, 2.820866 -3.110236 0.078740, 2.819270 -3.067575 0.078740, 2.814490 -3.025153 0.078740, 2.806553 -2.983207 0.078740, 2.795504 -2.941970 0.078740, 2.781404 -2.901675 0.078740, 2.764333 -2.862547 0.078740, 2.744385 -2.824803 0.078740, 2.721672 -2.788656 0.078740, 2.696321 -2.754307 0.078740, 2.668474 -2.721949 0.078740, 2.638288 -2.691762 0.078740, 2.605929 -2.663915 0.078740, 2.571580 -2.638564 0.078740, 2.535433 -2.615852 0.078740, 2.497690 -2.595904 0.078740, 2.458561 -2.578832 0.078740, 2.418266 -2.564732 0.078740, 2.377030 -2.553683 0.078740, 2.335083 -2.545746 0.078740, 2.292661 -2.540966 0.078740, 2.250000 -2.539370 0.078740, 2.207339 -2.540966 0.078740, 2.164917 -2.545746 0.078740, 2.122970 -2.553683 0.078740, 2.081734 -2.564732 0.078740, 2.041439 -2.578832 0.078740, 2.002310 -2.595904 0.078740, 1.964567 -2.615852 0.078740, 1.928420 -2.638564 0.078740, 1.894071 -2.663915 0.078740, 1.861712 -2.691762 0.078740, 1.831526 -2.721949 0.078740, 1.803679 -2.754307 0.078740, 1.778328 -2.788656 0.078740, 1.755615 -2.824803 0.078740, 1.735667 -2.862547 0.078740, 1.718596 -2.901675 0.078740, 1.704496 -2.941970 0.078740, 1.693447 -2.983207 0.078740, 1.685510 -3.025153 0.078740, 1.680730 -3.067575 0.078740, 1.679134 -3.110236 0.078740, 1.680730 -3.152897 0.078740, 1.685510 -3.195319 0.078740, 1.693447 -3.237266 0.078740, 1.704496 -3.278502 0.078740, 1.718596 -3.318797 0.078740, 1.735667 -3.357926 0.078740, 1.755615 -3.395669 0.078740, 1.778328 -3.431817 0.078740, 1.803679 -3.466165 0.078740, 1.831526 -3.498524 0.078740, 1.861712 -3.528711 0.078740, 1.894071 -3.556557 0.078740, 1.928420 -3.581908 0.078740, 1.964567 -3.604621 0.078740, 2.002310 -3.624569 0.078740, 2.041439 -3.641641 0.078740, 2.081734 -3.655740 0.078740, 2.122970 -3.666790 0.078740, 2.164917 -3.674726 0.078740, 2.207339 -3.679506 0.078740, 2.250000 -3.681102 0.078740, 2.292661 -3.679506 0.078740, 2.335083 -3.674726 0.078740, 2.377030 -3.666790 0.078740, 2.418266 -3.655740 0.078740, 2.458561 -3.641641 0.078740, 2.497690 -3.624569 0.078740, 2.535433 -3.604621 0.078740, 2.571580 -3.581908 0.078740, 2.605929 -3.556557 0.078740, 2.638288 -3.528711 0.078740, 2.668474 -3.498524 0.078740, 2.696321 -3.466165 0.078740, 2.721672 -3.431817 0.078740, 2.744385 -3.395669 0.078740, 2.764333 -3.357926 0.078740, 2.781404 -3.318797 0.078740, 2.795504 -3.278502 0.078740, 2.806553 -3.237266 0.078740, 2.814490 -3.195319 0.078740, 2.819270 -3.152897 0.078740 ] } coordIndex [ 87 1 0 -1, 87 2 1 -1, 88 3 2 -1, 88 4 3 -1, 88 2 87 -1, 89 4 88 -1, 90 5 4 -1, 90 4 89 -1, 91 6 5 -1, 91 7 6 -1, 91 5 90 -1, 92 7 91 -1, 93 8 7 -1, 93 7 92 -1, 94 8 93 -1, 94 9 8 -1, 95 10 9 -1, 95 9 94 -1, 96 11 10 -1, 96 10 95 -1, 97 12 11 -1, 97 13 12 -1, 97 11 96 -1, 98 13 97 -1, 99 14 13 -1, 99 13 98 -1, 100 15 14 -1, 100 14 99 -1, 101 16 15 -1, 101 15 100 -1, 102 17 16 -1, 102 18 17 -1, 102 16 101 -1, 103 19 18 -1, 103 18 102 -1, 104 19 103 -1, 105 20 19 -1, 105 19 104 -1, 106 21 20 -1, 106 20 105 -1, 107 22 21 -1, 107 23 22 -1, 107 21 106 -1, 108 23 107 -1, 109 24 23 -1, 109 23 108 -1, 110 25 24 -1, 110 24 109 -1, 111 26 25 -1, 111 25 110 -1, 112 27 26 -1, 112 26 111 -1, 113 28 27 -1, 113 29 28 -1, 113 27 112 -1, 114 29 113 -1, 115 30 29 -1, 115 31 30 -1, 115 29 114 -1, 116 31 115 -1, 117 32 31 -1, 117 31 116 -1, 118 32 117 -1, 118 33 32 -1, 118 34 33 -1, 119 34 118 -1, 120 34 119 -1, 120 35 34 -1, 121 35 120 -1, 121 36 35 -1, 122 36 121 -1, 122 37 36 -1, 123 37 122 -1, 123 38 37 -1, 123 39 38 -1, 124 39 123 -1, 125 39 124 -1, 125 40 39 -1, 126 40 125 -1, 126 41 40 -1, 127 41 126 -1, 127 42 41 -1, 128 42 127 -1, 128 43 42 -1, 129 44 43 -1, 129 43 128 -1, 130 44 129 -1, 130 45 44 -1, 131 46 45 -1, 131 45 130 -1, 132 47 46 -1, 132 46 131 -1, 133 48 47 -1, 133 47 132 -1, 134 49 48 -1, 134 48 133 -1, 135 50 49 -1, 135 49 134 -1, 136 51 50 -1, 136 50 135 -1, 137 52 51 -1, 137 51 136 -1, 138 53 52 -1, 138 52 137 -1, 139 54 53 -1, 139 53 138 -1, 140 55 54 -1, 140 56 55 -1, 140 54 139 -1, 141 56 140 -1, 141 57 56 -1, 142 58 57 -1, 142 57 141 -1, 143 58 142 -1, 144 58 143 -1, 144 59 58 -1, 144 60 59 -1, 145 60 144 -1, 145 61 60 -1, 146 61 145 -1, 147 61 146 -1, 147 62 61 -1, 148 62 147 -1, 148 63 62 -1, 149 63 148 -1, 149 64 63 -1, 149 65 64 -1, 150 65 149 -1, 150 66 65 -1, 151 66 150 -1, 151 67 66 -1, 152 67 151 -1, 153 67 152 -1, 153 68 67 -1, 153 69 68 -1, 154 69 153 -1, 154 70 69 -1, 155 70 154 -1, 156 70 155 -1, 156 71 70 -1, 157 71 156 -1, 157 72 71 -1, 158 72 157 -1, 158 73 72 -1, 159 73 158 -1, 159 74 73 -1, 159 75 74 -1, 160 75 159 -1, 161 75 160 -1, 161 76 75 -1, 162 76 161 -1, 162 77 76 -1, 163 78 77 -1, 163 77 162 -1, 164 79 78 -1, 164 78 163 -1, 165 80 79 -1, 165 79 164 -1, 166 81 80 -1, 166 80 165 -1, 167 82 81 -1, 167 81 166 -1, 168 83 82 -1, 168 82 167 -1, 169 83 168 -1, 169 84 83 -1, 169 85 84 -1, 86 85 169 -1, 221 223 222 -1, 221 224 223 -1, 229 228 227 -1, 211 213 212 -1, 237 236 235 -1, 207 209 208 -1, 207 210 209 -1, 207 211 210 -1, 239 238 237 -1, 205 207 206 -1, 240 239 237 -1, 240 237 235 -1, 202 204 203 -1, 201 205 204 -1, 201 204 202 -1, 244 240 235 -1, 244 235 234 -1, 244 241 240 -1, 244 242 241 -1, 244 243 242 -1, 246 245 244 -1, 198 200 199 -1, 198 213 211 -1, 198 201 200 -1, 198 211 207 -1, 198 214 213 -1, 198 215 214 -1, 198 216 215 -1, 198 217 216 -1, 198 218 217 -1, 198 207 205 -1, 198 205 201 -1, 248 244 234 -1, 248 230 229 -1, 248 231 230 -1, 248 232 231 -1, 248 233 232 -1, 248 234 233 -1, 248 247 246 -1, 248 246 244 -1, 196 198 197 -1, 193 195 194 -1, 193 196 195 -1, 193 219 218 -1, 193 220 219 -1, 193 221 220 -1, 193 218 198 -1, 193 198 196 -1, 252 249 248 -1, 252 250 249 -1, 252 251 250 -1, 253 252 248 -1, 171 170 253 -1, 190 192 191 -1, 190 193 192 -1, 188 190 189 -1, 187 190 188 -1, 174 173 172 -1, 186 193 190 -1, 186 190 187 -1, 175 174 172 -1, 177 176 175 -1, 184 186 185 -1, 183 186 184 -1, 179 178 177 -1, 179 177 175 -1, 181 229 227 -1, 181 172 171 -1, 181 180 179 -1, 181 253 248 -1, 181 171 253 -1, 181 183 182 -1, 181 179 175 -1, 181 175 172 -1, 181 186 183 -1, 181 225 224 -1, 181 226 225 -1, 181 227 226 -1, 181 221 193 -1, 181 248 229 -1, 181 224 221 -1, 181 193 186 -1, 305 306 307 -1, 305 307 308 -1, 313 311 312 -1, 295 296 297 -1, 321 319 320 -1, 291 292 293 -1, 291 293 294 -1, 291 294 295 -1, 323 321 322 -1, 289 290 291 -1, 324 321 323 -1, 324 319 321 -1, 286 287 288 -1, 285 288 289 -1, 285 286 288 -1, 328 319 324 -1, 328 318 319 -1, 328 324 325 -1, 328 325 326 -1, 328 326 327 -1, 330 328 329 -1, 282 283 284 -1, 282 295 297 -1, 282 284 285 -1, 282 291 295 -1, 282 297 298 -1, 282 298 299 -1, 282 299 300 -1, 282 300 301 -1, 282 301 302 -1, 282 289 291 -1, 282 285 289 -1, 332 318 328 -1, 332 313 314 -1, 332 314 315 -1, 332 315 316 -1, 332 316 317 -1, 332 317 318 -1, 332 330 331 -1, 332 328 330 -1, 280 281 282 -1, 277 278 279 -1, 277 279 280 -1, 277 302 303 -1, 277 303 304 -1, 277 304 305 -1, 277 282 302 -1, 277 280 282 -1, 336 332 333 -1, 336 333 334 -1, 336 334 335 -1, 337 332 336 -1, 255 337 254 -1, 274 275 276 -1, 274 276 277 -1, 272 273 274 -1, 271 272 274 -1, 258 256 257 -1, 270 274 277 -1, 270 271 274 -1, 259 256 258 -1, 261 259 260 -1, 268 269 270 -1, 267 268 270 -1, 263 261 262 -1, 263 259 261 -1, 265 311 313 -1, 265 255 256 -1, 265 263 264 -1, 265 332 337 -1, 265 337 255 -1, 265 266 267 -1, 265 259 263 -1, 265 256 259 -1, 265 267 270 -1, 265 308 309 -1, 265 309 310 -1, 265 310 311 -1, 265 277 305 -1, 265 313 332 -1, 265 305 308 -1, 265 270 277 -1 ] } }
Shape { appearance Appearance { material Material { diffuseColor 0.64 0.67 0.7 specularColor .4 .4 .4 shininess .5 } } geometry IndexedFaceSet { solid FALSE coord Coordinate { point [ -3.120079 -2.135827 -1.259843, -3.120079 -2.135827 0.157480, -3.120079 -1.683071 -1.259843, -3.120079 -1.683071 0.157480, -2.982283 -2.135827 -1.259843, -2.982283 -2.135827 0.157480, -2.982283 -1.683071 -1.259843, -2.982283 -1.683071 0.157480, -3.120079 -2.135827 -1.259843, -2.982283 -2.135827 -1.259843, -3.120079 -2.135827 0.157480, -2.982283 -2.135827 0.157480, -3.120079 -1.683071 -1.259843, -2.982283 -1.683071 -1.259843, -3.120079 -1.683071 0.157480, -2.982283 -1.683071 0.157480, -3.120079 -2.135827 -1.259843, -3.120079 -1.683071 -1.259843, -2.982283 -2.135827 -1.259843, -2.982283 -1.683071 -1.259843, -3.120079 -2.135827 0.157480, -3.120079 -1.683071 0.157480, -2.982283 -2.135827 0.157480, -2.982283 -1.683071 0.157480 ] } coordIndex [ 1 2 0 -1, 1 3 2 -1, 5 4 6 -1, 5 6 7 -1, 11 8 9 -1, 11 10 8 -1, 15 13 12 -1, 15 12 14 -1, 19 16 17 -1, 19 18 16 -1, 23 21 20 -1, 23 20 22 -1 ] } }
Shape { appearance Appearance { material Material { diffuseColor 0.64 0.67 0.7 specularColor .4 .4 .4 shininess .5 } } geometry IndexedFaceSet { solid FALSE coord Coordinate { point [ 2.982283 -2.135827 -1.259843, 2.982283 -2.135827 0.157480, 2.982283 -1.683071 -1.259843, 2.982283 -1.683071 0.157480, 3.120079 -2.135827 -1.259843, 3.120079 -2.135827 0.157480, 3.120079 -1.683071 -1.259843, 3.120079 -1.683071 0.157480, 2.982283 -2.135827 -1.259843, 3.120079 -2.135827 -1.259843, 2.982283 -2.135827 0.157480, 3.120079 -2.135827 0.157480, 2.982283 -1.683071 -1.259843, 3.120079 -1.683071 -1.259843, 2.982283 -1.683071 0.157480, 3.120079 -1.683071 0.157480, 2.982283 -2.135827 -1.259843, 2.982283 -1.683071 -1.259843, 3.120079 -2.135827 -1.259843, 3.120079 -1.683071 -1.259843, 2.982283 -2.135827 0.157480, 2.982283 -1.683071 0.157480, 3.120079 -2.135827 0.157480, 3.120079 -1.683071 0.157480 ] } coordIndex [ 1 2 0 -1, 1 3 2 -1, 5 4 6 -1, 5 6 7 -1, 11 8 9 -1, 11 10 8 -1, 15 13 12 -1, 15 12 14 -1, 19 16 17 -1, 19 18 16 -1, 23 21 20 -1, 23 20 22 -1 ] } }
