#VRML V2.0 utf8
# Drawing-based WH148; KiCad 0.1-inch units.
Shape { appearance Appearance { material Material { diffuseColor 0.64 0.66 0.69 specularColor .4 .4 .4 shininess .5 } } geometry IndexedFaceSet { solid FALSE coord Coordinate { point [ 3.248031 -1.909449 5.118110, 3.248031 0.570866 5.118110, 3.238949 0.570866 4.875385, 3.211754 0.570866 4.634016, 3.166597 0.570866 4.395355, 3.103731 0.570866 4.160736, 3.023507 0.570866 3.931471, 2.926375 0.570866 3.708842, 2.812878 0.570866 3.494094, 2.683650 0.570866 3.288429, 2.539413 0.570866 3.092996, 2.380976 0.570866 2.908888, 2.209222 0.570866 2.737135, 2.025115 0.570866 2.578697, 1.829681 0.570866 2.434461, 1.624016 0.570866 2.305232, 1.409268 0.570866 2.191735, 1.186639 0.570866 2.094603, 0.957374 0.570866 2.014380, 0.722755 0.570866 1.951514, 0.484094 0.570866 1.906357, 0.242726 0.570866 1.879161, -0.000000 0.570866 1.870079, -0.242726 0.570866 1.879161, -0.484094 0.570866 1.906357, -0.722755 0.570866 1.951514, -0.957374 0.570866 2.014380, -1.186639 0.570866 2.094603, -1.409268 0.570866 2.191735, -1.624016 0.570866 2.305232, -1.829681 0.570866 2.434461, -2.025115 0.570866 2.578697, -2.209222 0.570866 2.737135, -2.380976 0.570866 2.908888, -2.539413 0.570866 3.092996, -2.683650 0.570866 3.288429, -2.812878 0.570866 3.494094, -2.926375 0.570866 3.708842, -3.023507 0.570866 3.931471, -3.103731 0.570866 4.160736, -3.166597 0.570866 4.395355, -3.211754 0.570866 4.634016, -3.238949 0.570866 4.875385, -3.248031 0.570866 5.118110, -3.238949 0.570866 5.360836, -3.211754 0.570866 5.602204, -3.166597 0.570866 5.840865, -3.103731 0.570866 6.075484, -3.023507 0.570866 6.304749, -2.926375 0.570866 6.527378, -2.812878 0.570866 6.742126, -2.683650 0.570866 6.947792, -2.539413 0.570866 7.143225, -2.380976 0.570866 7.327333, -2.209222 0.570866 7.499086, -2.025115 0.570866 7.657524, -1.829681 0.570866 7.801760, -1.624016 0.570866 7.930988, -1.409268 0.570866 8.044485, -1.186639 0.570866 8.141617, -0.957374 0.570866 8.221841, -0.722755 0.570866 8.284707, -0.484094 0.570866 8.329864, -0.242726 0.570866 8.357060, -0.000000 0.570866 8.366142, 0.242726 0.570866 8.357060, 0.484094 0.570866 8.329864, 0.722755 0.570866 8.284707, 0.957374 0.570866 8.221841, 1.186639 0.570866 8.141617, 1.409268 0.570866 8.044485, 1.624016 0.570866 7.930988, 1.829681 0.570866 7.801760, 2.025115 0.570866 7.657524, 2.209222 0.570866 7.499086, 2.380976 0.570866 7.327333, 2.539413 0.570866 7.143225, 2.683650 0.570866 6.947792, 2.812878 0.570866 6.742126, 2.926375 0.570866 6.527378, 3.023507 0.570866 6.304749, 3.103731 0.570866 6.075484, 3.166597 0.570866 5.840865, 3.211754 0.570866 5.602204, 3.238949 0.570866 5.360836, 3.248031 0.570866 5.118110, 3.248031 -1.909449 5.118110, 3.238949 -1.909449 4.875385, 3.211754 -1.909449 4.634016, 3.166597 -1.909449 4.395355, 3.103731 -1.909449 4.160736, 3.023507 -1.909449 3.931471, 2.926375 -1.909449 3.708842, 2.812878 -1.909449 3.494094, 2.683650 -1.909449 3.288429, 2.539413 -1.909449 3.092996, 2.380976 -1.909449 2.908888, 2.209222 -1.909449 2.737135, 2.025115 -1.909449 2.578697, 1.829681 -1.909449 2.434461, 1.624016 -1.909449 2.305232, 1.409268 -1.909449 2.191735, 1.186639 -1.909449 2.094603, 0.957374 -1.909449 2.014380, 0.722755 -1.909449 1.951514, 0.484094 -1.909449 1.906357, 0.242726 -1.909449 1.879161, -0.000000 -1.909449 1.870079, -0.242726 -1.909449 1.879161, -0.484094 -1.909449 1.906357, -0.722755 -1.909449 1.951514, -0.957374 -1.909449 2.014380, -1.186639 -1.909449 2.094603, -1.409268 -1.909449 2.191735, -1.624016 -1.909449 2.305232, -1.829681 -1.909449 2.434461, -2.025115 -1.909449 2.578697, -2.209222 -1.909449 2.737135, -2.380976 -1.909449 2.908888, -2.539413 -1.909449 3.092996, -2.683650 -1.909449 3.288429, -2.812878 -1.909449 3.494094, -2.926375 -1.909449 3.708842, -3.023507 -1.909449 3.931471, -3.103731 -1.909449 4.160736, -3.166597 -1.909449 4.395355, -3.211754 -1.909449 4.634016, -3.238949 -1.909449 4.875385, -3.248031 -1.909449 5.118110, -3.238949 -1.909449 5.360836, -3.211754 -1.909449 5.602204, -3.166597 -1.909449 5.840865, -3.103731 -1.909449 6.075484, -3.023507 -1.909449 6.304749, -2.926375 -1.909449 6.527378, -2.812878 -1.909449 6.742126, -2.683650 -1.909449 6.947792, -2.539413 -1.909449 7.143225, -2.380976 -1.909449 7.327333, -2.209222 -1.909449 7.499086, -2.025115 -1.909449 7.657524, -1.829681 -1.909449 7.801760, -1.624016 -1.909449 7.930988, -1.409268 -1.909449 8.044485, -1.186639 -1.909449 8.141617, -0.957374 -1.909449 8.221841, -0.722755 -1.909449 8.284707, -0.484094 -1.909449 8.329864, -0.242726 -1.909449 8.357060, -0.000000 -1.909449 8.366142, 0.242726 -1.909449 8.357060, 0.484094 -1.909449 8.329864, 0.722755 -1.909449 8.284707, 0.957374 -1.909449 8.221841, 1.186639 -1.909449 8.141617, 1.409268 -1.909449 8.044485, 1.624016 -1.909449 7.930988, 1.829681 -1.909449 7.801760, 2.025115 -1.909449 7.657524, 2.209222 -1.909449 7.499086, 2.380976 -1.909449 7.327333, 2.539413 -1.909449 7.143225, 2.683650 -1.909449 6.947792, 2.812878 -1.909449 6.742126, 2.926375 -1.909449 6.527378, 3.023507 -1.909449 6.304749, 3.103731 -1.909449 6.075484, 3.166597 -1.909449 5.840865, 3.211754 -1.909449 5.602204, 3.238949 -1.909449 5.360836, 3.248031 -1.909449 5.118110, 3.247426 -1.925631 5.118110, 3.245613 -1.941722 5.118110, 3.242603 -1.957632 5.118110, 3.238411 -1.973274 5.118110, 3.233063 -1.988558 5.118110, 3.226588 -2.003400 5.118110, 3.219021 -2.017717 5.118110, 3.210406 -2.031428 5.118110, 3.200790 -2.044456 5.118110, 3.190228 -2.056730 5.118110, 3.178778 -2.068181 5.118110, 3.166504 -2.078743 5.118110, 3.153475 -2.088359 5.118110, 3.139764 -2.096974 5.118110, 3.125447 -2.104541 5.118110, 3.110605 -2.111016 5.118110, 3.095321 -2.116364 5.118110, 3.079680 -2.120555 5.118110, 3.063769 -2.123566 5.118110, 3.047678 -2.125379 5.118110, 3.031496 -2.125984 5.118110, 3.238949 -1.909449 4.875385, 3.211754 -1.909449 4.634016, 3.166597 -1.909449 4.395355, 3.103731 -1.909449 4.160736, 3.023507 -1.909449 3.931471, 2.926375 -1.909449 3.708842, 2.812878 -1.909449 3.494094, 2.683650 -1.909449 3.288429, 2.539413 -1.909449 3.092996, 2.380976 -1.909449 2.908888, 2.209222 -1.909449 2.737135, 2.025115 -1.909449 2.578697, 1.829681 -1.909449 2.434461, 1.624016 -1.909449 2.305232, 1.409268 -1.909449 2.191735, 1.186639 -1.909449 2.094603, 0.957374 -1.909449 2.014380, 0.722755 -1.909449 1.951514, 0.484094 -1.909449 1.906357, 0.242726 -1.909449 1.879161, -0.000000 -1.909449 1.870079, -0.242726 -1.909449 1.879161, -0.484094 -1.909449 1.906357, -0.722755 -1.909449 1.951514, -0.957374 -1.909449 2.014380, -1.186639 -1.909449 2.094603, -1.409268 -1.909449 2.191735, -1.624016 -1.909449 2.305232, -1.829681 -1.909449 2.434461, -2.025115 -1.909449 2.578697, -2.209222 -1.909449 2.737135, -2.380976 -1.909449 2.908888, -2.539413 -1.909449 3.092996, -2.683650 -1.909449 3.288429, -2.812878 -1.909449 3.494094, -2.926375 -1.909449 3.708842, -3.023507 -1.909449 3.931471, -3.103731 -1.909449 4.160736, -3.166597 -1.909449 4.395355, -3.211754 -1.909449 4.634016, -3.238949 -1.909449 4.875385, -3.248031 -1.909449 5.118110, -3.238949 -1.909449 5.360836, -3.211754 -1.909449 5.602204, -3.166597 -1.909449 5.840865, -3.103731 -1.909449 6.075484, -3.023507 -1.909449 6.304749, -2.926375 -1.909449 6.527378, -2.812878 -1.909449 6.742126, -2.683650 -1.909449 6.947792, -2.539413 -1.909449 7.143225, -2.380976 -1.909449 7.327333, -2.209222 -1.909449 7.499086, -2.025115 -1.909449 7.657524, -1.829681 -1.909449 7.801760, -1.624016 -1.909449 7.930988, -1.409268 -1.909449 8.044485, -1.186639 -1.909449 8.141617, -0.957374 -1.909449 8.221841, -0.722755 -1.909449 8.284707, -0.484094 -1.909449 8.329864, -0.242726 -1.909449 8.357060, -0.000000 -1.909449 8.366142, 0.242726 -1.909449 8.357060, 0.484094 -1.909449 8.329864, 0.722755 -1.909449 8.284707, 0.957374 -1.909449 8.221841, 1.186639 -1.909449 8.141617, 1.409268 -1.909449 8.044485, 1.624016 -1.909449 7.930988, 1.829681 -1.909449 7.801760, 2.025115 -1.909449 7.657524, 2.209222 -1.909449 7.499086, 2.380976 -1.909449 7.327333, 2.539413 -1.909449 7.143225, 2.683650 -1.909449 6.947792, 2.812878 -1.909449 6.742126, 2.926375 -1.909449 6.527378, 3.023507 -1.909449 6.304749, 3.103731 -1.909449 6.075484, 3.166597 -1.909449 5.840865, 3.211754 -1.909449 5.602204, 3.238949 -1.909449 5.360836, 3.248031 -1.909449 5.118110, 3.247426 -1.925631 5.118110, 3.245613 -1.941722 5.118110, 3.242603 -1.957632 5.118110, 3.238411 -1.973274 5.118110, 3.233063 -1.988558 5.118110, 3.226588 -2.003400 5.118110, 3.219021 -2.017717 5.118110, 3.210406 -2.031428 5.118110, 3.200790 -2.044456 5.118110, 3.190228 -2.056730 5.118110, 3.178778 -2.068181 5.118110, 3.166504 -2.078743 5.118110, 3.153475 -2.088359 5.118110, 3.139764 -2.096974 5.118110, 3.125447 -2.104541 5.118110, 3.110605 -2.111016 5.118110, 3.095321 -2.116364 5.118110, 3.079680 -2.120555 5.118110, 3.063769 -2.123566 5.118110, 3.047678 -2.125379 5.118110, 3.031496 -2.125984 5.118110, 3.023019 -2.125984 4.891566, 2.997637 -2.125984 4.666289, 2.955490 -2.125984 4.443539, 2.896815 -2.125984 4.224561, 2.821940 -2.125984 4.010580, 2.731284 -2.125984 3.802793, 2.625353 -2.125984 3.602362, 2.504740 -2.125984 3.410408, 2.370119 -2.125984 3.228003, 2.222244 -2.125984 3.056169, 2.061941 -2.125984 2.895866, 1.890107 -2.125984 2.747991, 1.707703 -2.125984 2.613371, 1.515748 -2.125984 2.492758, 1.315317 -2.125984 2.386827, 1.107530 -2.125984 2.296170, 0.893549 -2.125984 2.221295, 0.674571 -2.125984 2.162620, 0.451821 -2.125984 2.120473, 0.226544 -2.125984 2.095091, -0.000000 -2.125984 2.086614, -0.226544 -2.125984 2.095091, -0.451821 -2.125984 2.120473, -0.674571 -2.125984 2.162620, -0.893549 -2.125984 2.221295, -1.107530 -2.125984 2.296170, -1.315317 -2.125984 2.386827, -1.515748 -2.125984 2.492758, -1.707703 -2.125984 2.613371, -1.890107 -2.125984 2.747991, -2.061941 -2.125984 2.895866, -2.222244 -2.125984 3.056169, -2.370119 -2.125984 3.228003, -2.504740 -2.125984 3.410408, -2.625353 -2.125984 3.602362, -2.731284 -2.125984 3.802793, -2.821940 -2.125984 4.010580, -2.896815 -2.125984 4.224561, -2.955490 -2.125984 4.443539, -2.997637 -2.125984 4.666289, -3.023019 -2.125984 4.891566, -3.031496 -2.125984 5.118110, -3.023019 -2.125984 5.344654, -2.997637 -2.125984 5.569931, -2.955490 -2.125984 5.792682, -2.896815 -2.125984 6.011659, -2.821940 -2.125984 6.225640, -2.731284 -2.125984 6.433427, -2.625353 -2.125984 6.633858, -2.504740 -2.125984 6.825813, -2.370119 -2.125984 7.008217, -2.222244 -2.125984 7.180051, -2.061941 -2.125984 7.340354, -1.890107 -2.125984 7.488229, -1.707703 -2.125984 7.622850, -1.515748 -2.125984 7.743463, -1.315317 -2.125984 7.849394, -1.107530 -2.125984 7.940050, -0.893549 -2.125984 8.014925, -0.674571 -2.125984 8.073600, -0.451821 -2.125984 8.115747, -0.226544 -2.125984 8.141130, -0.000000 -2.125984 8.149606, 0.226544 -2.125984 8.141130, 0.451821 -2.125984 8.115747, 0.674571 -2.125984 8.073600, 0.893549 -2.125984 8.014925, 1.107530 -2.125984 7.940050, 1.315317 -2.125984 7.849394, 1.515748 -2.125984 7.743463, 1.707703 -2.125984 7.622850, 1.890107 -2.125984 7.488229, 2.061941 -2.125984 7.340354, 2.222244 -2.125984 7.180051, 2.370119 -2.125984 7.008217, 2.504740 -2.125984 6.825813, 2.625353 -2.125984 6.633858, 2.731284 -2.125984 6.433427, 2.821940 -2.125984 6.225640, 2.896815 -2.125984 6.011659, 2.955490 -2.125984 5.792682, 2.997637 -2.125984 5.569931, 3.023019 -2.125984 5.344654, 3.238346 -1.925631 4.875430, 3.236538 -1.941722 4.875565, 3.233536 -1.957632 4.875790, 3.229356 -1.973274 4.876103, 3.224023 -1.988558 4.876503, 3.217566 -2.003400 4.876987, 3.210020 -2.017717 4.877552, 3.201429 -2.031428 4.878196, 3.191840 -2.044456 4.878915, 3.181307 -2.056730 4.879704, 3.169889 -2.068181 4.880560, 3.157650 -2.078743 4.881477, 3.144657 -2.088359 4.882451, 3.130984 -2.096974 4.883475, 3.116708 -2.104541 4.884545, 3.211155 -1.925631 4.634107, 3.101907 -2.111016 4.885654, 3.209362 -1.941722 4.634377, 3.086666 -2.116364 4.886797, 3.206385 -1.957632 4.634825, 3.071068 -2.120555 4.887965, 3.202241 -1.973274 4.635450, 3.055202 -2.123566 4.889154, 3.196953 -1.988558 4.636247, 3.039156 -2.125379 4.890357, 3.190549 -2.003400 4.637212, 3.183067 -2.017717 4.638340, 3.174548 -2.031428 4.639624, 3.165040 -2.044456 4.641057, 3.154596 -2.056730 4.642631, 3.143273 -2.068181 4.644338, 3.131136 -2.078743 4.646167, 3.118253 -2.088359 4.648109, 3.104695 -2.096974 4.650153, 3.090539 -2.104541 4.652286, 3.166006 -1.925631 4.395490, 3.075862 -2.111016 4.654499, 3.164239 -1.941722 4.395893, 3.060749 -2.116364 4.656777, 3.161304 -1.957632 4.396563, 3.045282 -2.120555 4.659108, 3.157218 -1.973274 4.397496, 3.029549 -2.123566 4.661479, 3.152004 -1.988558 4.398686, 3.013638 -2.125379 4.663877, 3.145690 -2.003400 4.400127, 3.138314 -2.017717 4.401811, 3.129914 -2.031428 4.403728, 3.120540 -2.044456 4.405867, 3.110242 -2.056730 4.408218, 3.099079 -2.068181 4.410766, 3.087113 -2.078743 4.413497, 3.074411 -2.088359 4.416396, 3.061043 -2.096974 4.419447, 3.047086 -2.104541 4.422633, 3.103152 -1.925631 4.160915, 3.032616 -2.111016 4.425935, 3.101419 -1.941722 4.161449, 3.017715 -2.116364 4.429337, 3.098543 -1.957632 4.162336, 3.002466 -2.120555 4.432817, 3.094538 -1.973274 4.163572, 2.986954 -2.123566 4.436357, 3.089427 -1.988558 4.165148, 2.971266 -2.125379 4.439938, 3.083240 -2.003400 4.167057, 3.076009 -2.017717 4.169287, 3.067777 -2.031428 4.171826, 3.058588 -2.044456 4.174661, 3.048495 -2.056730 4.177774, 3.037553 -2.068181 4.181149, 3.025825 -2.078743 4.184767, 3.013375 -2.088359 4.188607, 3.000273 -2.096974 4.192649, 2.986592 -2.104541 4.196868, 3.022944 -1.925631 3.931692, 2.972410 -2.111016 4.201243, 3.021256 -1.941722 3.932355, 2.957805 -2.116364 4.205748, 3.018454 -1.957632 3.933455, 2.942858 -2.120555 4.210359, 3.014552 -1.973274 3.934986, 2.927654 -2.123566 4.215048, 3.009574 -1.988558 3.936940, 2.912278 -2.125379 4.219791, 3.003546 -2.003400 3.939305, 2.996502 -2.017717 3.942070, 2.988483 -2.031428 3.945217, 2.979532 -2.044456 3.948730, 2.969699 -2.056730 3.952589, 2.959041 -2.068181 3.956772, 2.947615 -2.078743 3.961257, 2.935487 -2.088359 3.966017, 2.922724 -2.096974 3.971026, 2.909397 -2.104541 3.976256, 2.925830 -1.925631 3.709105, 2.895581 -2.111016 3.981678, 2.924196 -1.941722 3.709892, 2.881353 -2.116364 3.987262, 2.921484 -1.957632 3.711198, 2.866793 -2.120555 3.992977, 2.917708 -1.973274 3.713016, 2.851982 -2.123566 3.998790, 2.912889 -1.988558 3.715337, 2.837003 -2.125379 4.004669, 2.907055 -2.003400 3.718146, 2.900238 -2.017717 3.721429, 2.892476 -2.031428 3.725167, 2.883812 -2.044456 3.729339, 2.874296 -2.056730 3.733922, 2.863980 -2.068181 3.738890, 2.852921 -2.078743 3.744216, 2.841183 -2.088359 3.749869, 2.828829 -2.096974 3.755818, 2.815931 -2.104541 3.762029, 2.812353 -1.925631 3.494397, 2.802559 -2.111016 3.768469, 2.810783 -1.941722 3.495304, 2.788788 -2.116364 3.775101, 2.808176 -1.957632 3.496809, 2.774696 -2.120555 3.781887, 2.804547 -1.973274 3.498905, 2.760360 -2.123566 3.788791, 2.799915 -1.988558 3.501579, 2.745863 -2.125379 3.795772, 2.794307 -2.003400 3.504816, 2.787754 -2.017717 3.508600, 2.780293 -2.031428 3.512907, 2.771966 -2.044456 3.517715, 2.762818 -2.056730 3.522996, 2.752902 -2.068181 3.528721, 2.742273 -2.078743 3.534858, 2.730989 -2.088359 3.541373, 2.719115 -2.096974 3.548228, 2.706717 -2.104541 3.555387, 2.683149 -1.925631 3.288770, 2.693863 -2.111016 3.562808, 2.681651 -1.941722 3.289791, 2.680627 -2.116364 3.570450, 2.679164 -1.957632 3.291487, 2.667081 -2.120555 3.578270, 2.675701 -1.973274 3.293848, 2.653302 -2.123566 3.586226, 2.671282 -1.988558 3.296861, 2.639366 -2.125379 3.594271, 2.665932 -2.003400 3.300509, 2.659680 -2.017717 3.304771, 2.652562 -2.031428 3.309624, 2.644617 -2.044456 3.315041, 2.635890 -2.056730 3.320991, 2.626429 -2.068181 3.327441, 2.616288 -2.078743 3.334355, 2.605523 -2.088359 3.341695, 2.594195 -2.096974 3.349418, 2.582366 -2.104541 3.357483, 2.538940 -1.925631 3.093373, 2.570103 -2.111016 3.365844, 2.537522 -1.941722 3.094504, 2.557474 -2.116364 3.374454, 2.535169 -1.957632 3.096381, 2.544551 -2.120555 3.383265, 2.531892 -1.973274 3.098994, 2.531405 -2.123566 3.392228, 2.527711 -1.988558 3.102328, 2.518110 -2.125379 3.401292, 2.522648 -2.003400 3.106366, 2.516732 -2.017717 3.111083, 2.509997 -2.031428 3.116455, 2.502479 -2.044456 3.122450, 2.494221 -2.056730 3.129036, 2.485268 -2.068181 3.136175, 2.475672 -2.078743 3.143827, 2.465486 -2.088359 3.151951, 2.454766 -2.096974 3.160500, 2.443573 -2.104541 3.169426, 2.380532 -1.925631 2.909300, 2.431969 -2.111016 3.178680, 2.379203 -1.941722 2.910533, 2.420019 -2.116364 3.188209, 2.376996 -1.957632 2.912580, 2.407791 -2.120555 3.197961, 2.373924 -1.973274 2.915431, 2.395351 -2.123566 3.207882, 2.370003 -1.988558 2.919069, 2.382770 -2.125379 3.217914, 2.365256 -2.003400 2.923473, 2.359710 -2.017717 2.928620, 2.353394 -2.031428 2.934480, 2.346345 -2.044456 2.941020, 2.338602 -2.056730 2.948204, 2.330209 -2.068181 2.955992, 2.321211 -2.078743 2.964341, 2.311661 -2.088359 2.973203, 2.301610 -2.096974 2.982529, 2.291115 -2.104541 2.992266, 2.208811 -1.925631 2.737579, 2.280235 -2.111016 3.002361, 2.207577 -1.941722 2.738908, 2.269031 -2.116364 3.012757, 2.205530 -1.957632 2.741114, 2.257565 -2.120555 3.023396, 2.202679 -1.973274 2.744187, 2.245902 -2.123566 3.034218, 2.199041 -1.988558 2.748107, 2.234106 -2.125379 3.045163, 2.194637 -2.003400 2.752854, 2.189490 -2.017717 2.758401, 2.183631 -2.031428 2.764716, 2.177090 -2.044456 2.771765, 2.169906 -2.056730 2.779508, 2.162118 -2.068181 2.787901, 2.153769 -2.078743 2.796899, 2.144908 -2.088359 2.806450, 2.135582 -2.096974 2.816501, 2.125844 -2.104541 2.826995, 2.024737 -1.925631 2.579170, 2.115749 -2.111016 2.837875, 2.023607 -1.941722 2.580588, 2.105353 -2.116364 2.849079, 2.021730 -1.957632 2.582942, 2.094714 -2.120555 2.860545, 2.019117 -1.973274 2.586218, 2.083892 -2.123566 2.872209, 2.015782 -1.988558 2.590400, 2.072947 -2.125379 2.884004, 2.011745 -2.003400 2.595462, 2.007027 -2.017717 2.601378, 2.001655 -2.031428 2.608114, 1.995660 -2.044456 2.615632, 1.989074 -2.056730 2.623890, 1.981935 -2.068181 2.632842, 1.974283 -2.078743 2.642438, 1.966159 -2.088359 2.652624, 1.957611 -2.096974 2.663344, 1.948684 -2.104541 2.674537, 1.829340 -1.925631 2.434961, 1.939431 -2.111016 2.686141, 1.828319 -1.941722 2.436459, 1.929901 -2.116364 2.698091, 1.826623 -1.957632 2.438946, 1.920149 -2.120555 2.710320, 1.824262 -1.973274 2.442409, 1.910229 -2.123566 2.722759, 1.821249 -1.988558 2.446828, 1.900196 -2.125379 2.735340, 1.817602 -2.003400 2.452178, 1.813339 -2.017717 2.458430, 1.808486 -2.031428 2.465548, 1.803069 -2.044456 2.473493, 1.797119 -2.056730 2.482220, 1.790669 -2.068181 2.491681, 1.783755 -2.078743 2.501822, 1.776416 -2.088359 2.512587, 1.768692 -2.096974 2.523916, 1.760627 -2.104541 2.535745, 1.623713 -1.925631 2.305757, 1.752266 -2.111016 2.548007, 1.622806 -1.941722 2.307327, 1.743656 -2.116364 2.560636, 1.621301 -1.957632 2.309934, 1.734845 -2.120555 2.573559, 1.619206 -1.973274 2.313564, 1.725883 -2.123566 2.586705, 1.616532 -1.988558 2.318195, 1.716818 -2.125379 2.600001, 1.613294 -2.003400 2.323803, 1.609511 -2.017717 2.330356, 1.605203 -2.031428 2.337817, 1.600395 -2.044456 2.346145, 1.595114 -2.056730 2.355292, 1.589389 -2.068181 2.365208, 1.583252 -2.078743 2.375838, 1.576737 -2.088359 2.387121, 1.569882 -2.096974 2.398995, 1.562724 -2.104541 2.411394, 1.409005 -1.925631 2.192280, 1.555303 -2.111016 2.424247, 1.408219 -1.941722 2.193914, 1.547661 -2.116364 2.437484, 1.406912 -1.957632 2.196626, 1.539840 -2.120555 2.451029, 1.405094 -1.973274 2.200402, 1.531884 -2.123566 2.464808, 1.402774 -1.988558 2.205221, 1.523839 -2.125379 2.478744, 1.399964 -2.003400 2.211055, 1.396681 -2.017717 2.217872, 1.392943 -2.031428 2.225634, 1.388771 -2.044456 2.234298, 1.384188 -2.056730 2.243814, 1.379220 -2.068181 2.254131, 1.373894 -2.078743 2.265189, 1.368241 -2.088359 2.276928, 1.362292 -2.096974 2.289281, 1.356081 -2.104541 2.302180, 1.186418 -1.925631 2.095167, 1.349641 -2.111016 2.315552, 1.185756 -1.941722 2.096854, 1.343009 -2.116364 2.329322, 1.184656 -1.957632 2.099657, 1.336223 -2.120555 2.343415, 1.183125 -1.973274 2.103558, 1.329320 -2.123566 2.357750, 1.181171 -1.988558 2.108537, 1.322338 -2.125379 2.372247, 1.178805 -2.003400 2.114564, 1.176041 -2.017717 2.121608, 1.172893 -2.031428 2.129628, 1.169380 -2.044456 2.138579, 1.165521 -2.056730 2.148411, 1.161338 -2.068181 2.159070, 1.156854 -2.078743 2.170495, 1.152094 -2.088359 2.182623, 1.147085 -2.096974 2.195387, 1.141854 -2.104541 2.208713, 0.957196 -1.925631 2.014958, 1.136432 -2.111016 2.222529, 0.956661 -1.941722 2.016691, 1.130848 -2.116364 2.236757, 0.955774 -1.957632 2.019567, 1.125133 -2.120555 2.251317, 0.954539 -1.973274 2.023572, 1.119321 -2.123566 2.266128, 0.952962 -1.988558 2.028683, 1.113442 -2.125379 2.281107, 0.951053 -2.003400 2.034871, 0.948823 -2.017717 2.042101, 0.946284 -2.031428 2.050334, 0.943449 -2.044456 2.059522, 0.940336 -2.056730 2.069615, 0.936961 -2.068181 2.080557, 0.933343 -2.078743 2.092285, 0.929503 -2.088359 2.104735, 0.925462 -2.096974 2.117837, 0.921242 -2.104541 2.131518, 0.722620 -1.925631 1.952104, 0.916867 -2.111016 2.145700, 0.722217 -1.941722 1.953872, 0.912362 -2.116364 2.160306, 0.721547 -1.957632 1.956807, 0.907752 -2.120555 2.175252, 0.720614 -1.973274 1.960893, 0.903062 -2.123566 2.190456, 0.719424 -1.988558 1.966107, 0.898319 -2.125379 2.205832, 0.717983 -2.003400 1.972420, 0.716300 -2.017717 1.979797, 0.714383 -2.031428 1.988196, 0.712243 -2.044456 1.997570, 0.709892 -2.056730 2.007868, 0.707345 -2.068181 2.019031, 0.704613 -2.078743 2.030997, 0.701714 -2.088359 2.043700, 0.698663 -2.096974 2.057067, 0.695477 -2.104541 2.071024, 0.484004 -1.925631 1.906955, 0.692175 -2.111016 2.085494, 0.483734 -1.941722 1.908748, 0.688774 -2.116364 2.100395, 0.483285 -1.957632 1.911725, 0.685293 -2.120555 2.115645, 0.482660 -1.973274 1.915869, 0.681753 -2.123566 2.131156, 0.481863 -1.988558 1.921158, 0.678172 -2.125379 2.146844, 0.480898 -2.003400 1.927561, 0.479770 -2.017717 1.935043, 0.478486 -2.031428 1.943562, 0.477053 -2.044456 1.953070, 0.475479 -2.056730 1.963515, 0.473772 -2.068181 1.974837, 0.471943 -2.078743 1.986974, 0.470001 -2.088359 1.999857, 0.467958 -2.096974 2.013415, 0.465824 -2.104541 2.027572, 0.242680 -1.925631 1.879765, 0.463612 -2.111016 2.042248, 0.242545 -1.941722 1.881573, 0.461334 -2.116364 2.057361, 0.242320 -1.957632 1.884575, 0.459002 -2.120555 2.072828, 0.242007 -1.973274 1.888754, 0.456631 -2.123566 2.088561, 0.241607 -1.988558 1.894087, 0.454233 -2.125379 2.104473, 0.241123 -2.003400 1.900545, 0.240558 -2.017717 1.908090, 0.239914 -2.031428 1.916681, 0.239195 -2.044456 1.926270, 0.238406 -2.056730 1.936803, 0.237550 -2.068181 1.948221, 0.236633 -2.078743 1.960461, 0.235659 -2.088359 1.973453, 0.234635 -2.096974 1.987126, 0.233565 -2.104541 2.001402, 0.000000 -1.925631 1.870684, 0.232456 -2.111016 2.016203, 0.000000 -1.941722 1.872497, 0.231314 -2.116364 2.031444, 0.000000 -1.957632 1.875508, 0.230145 -2.120555 2.047042, 0.000000 -1.973274 1.879699, 0.228956 -2.123566 2.062908, 0.000000 -1.988558 1.885047, 0.227753 -2.125379 2.078954, 0.000000 -2.003400 1.891522, 0.000000 -2.017717 1.899089, 0.000000 -2.031428 1.907704, 0.000000 -2.044456 1.917320, 0.000000 -2.056730 1.927882, 0.000000 -2.068181 1.939333, 0.000000 -2.078743 1.951607, 0.000000 -2.088359 1.964635, 0.000000 -2.096974 1.978346, 0.000000 -2.104541 1.992663, -0.242680 -1.925631 1.879765, 0.000000 -2.111016 2.007505, -0.242545 -1.941722 1.881573, 0.000000 -2.116364 2.022789, -0.242320 -1.957632 1.884575, 0.000000 -2.120555 2.038431, -0.242007 -1.973274 1.888754, 0.000000 -2.123566 2.054341, -0.241607 -1.988558 1.894087, 0.000000 -2.125379 2.070432, -0.241123 -2.003400 1.900545, -0.240558 -2.017717 1.908090, -0.239914 -2.031428 1.916681, -0.239195 -2.044456 1.926270, -0.238406 -2.056730 1.936803, -0.237550 -2.068181 1.948221, -0.236633 -2.078743 1.960461, -0.235659 -2.088359 1.973453, -0.234635 -2.096974 1.987126, -0.233565 -2.104541 2.001402, -0.484004 -1.925631 1.906955, -0.232456 -2.111016 2.016203, -0.483734 -1.941722 1.908748, -0.231314 -2.116364 2.031444, -0.483285 -1.957632 1.911725, -0.230145 -2.120555 2.047042, -0.482660 -1.973274 1.915869, -0.228956 -2.123566 2.062908, -0.481863 -1.988558 1.921158, -0.227753 -2.125379 2.078954, -0.480898 -2.003400 1.927561, -0.479770 -2.017717 1.935043, -0.478486 -2.031428 1.943562, -0.477053 -2.044456 1.953070, -0.475479 -2.056730 1.963515, -0.473772 -2.068181 1.974837, -0.471943 -2.078743 1.986974, -0.470001 -2.088359 1.999857, -0.467958 -2.096974 2.013415, -0.465824 -2.104541 2.027572, -0.722620 -1.925631 1.952104, -0.463612 -2.111016 2.042248, -0.722217 -1.941722 1.953872, -0.461334 -2.116364 2.057361, -0.721547 -1.957632 1.956807, -0.459002 -2.120555 2.072828, -0.720614 -1.973274 1.960893, -0.456631 -2.123566 2.088561, -0.719424 -1.988558 1.966107, -0.454233 -2.125379 2.104473, -0.717983 -2.003400 1.972420, -0.716300 -2.017717 1.979797, -0.714383 -2.031428 1.988196, -0.712243 -2.044456 1.997570, -0.709892 -2.056730 2.007868, -0.707345 -2.068181 2.019031, -0.704613 -2.078743 2.030997, -0.701714 -2.088359 2.043700, -0.698663 -2.096974 2.057067, -0.695477 -2.104541 2.071024, -0.957196 -1.925631 2.014958, -0.692175 -2.111016 2.085494, -0.956661 -1.941722 2.016691, -0.688774 -2.116364 2.100395, -0.955774 -1.957632 2.019567, -0.685293 -2.120555 2.115645, -0.954539 -1.973274 2.023572, -0.681753 -2.123566 2.131156, -0.952962 -1.988558 2.028683, -0.678172 -2.125379 2.146844, -0.951053 -2.003400 2.034871, -0.948823 -2.017717 2.042101, -0.946284 -2.031428 2.050334, -0.943449 -2.044456 2.059522, -0.940336 -2.056730 2.069615, -0.936961 -2.068181 2.080557, -0.933343 -2.078743 2.092285, -0.929503 -2.088359 2.104735, -0.925462 -2.096974 2.117837, -0.921242 -2.104541 2.131518, -1.186418 -1.925631 2.095167, -0.916867 -2.111016 2.145700, -1.185756 -1.941722 2.096854, -0.912362 -2.116364 2.160306, -1.184656 -1.957632 2.099657, -0.907752 -2.120555 2.175252, -1.183125 -1.973274 2.103558, -0.903062 -2.123566 2.190456, -1.181171 -1.988558 2.108537, -0.898319 -2.125379 2.205832, -1.178805 -2.003400 2.114564, -1.176041 -2.017717 2.121608, -1.172893 -2.031428 2.129628, -1.169380 -2.044456 2.138579, -1.165521 -2.056730 2.148411, -1.161338 -2.068181 2.159070, -1.156854 -2.078743 2.170495, -1.152094 -2.088359 2.182623, -1.147085 -2.096974 2.195387, -1.141854 -2.104541 2.208713, -1.409005 -1.925631 2.192280, -1.136432 -2.111016 2.222529, -1.408219 -1.941722 2.193914, -1.130848 -2.116364 2.236757, -1.406912 -1.957632 2.196626, -1.125133 -2.120555 2.251317, -1.405094 -1.973274 2.200402, -1.119321 -2.123566 2.266128, -1.402774 -1.988558 2.205221, -1.113442 -2.125379 2.281107, -1.399964 -2.003400 2.211055, -1.396681 -2.017717 2.217872, -1.392943 -2.031428 2.225634, -1.388771 -2.044456 2.234298, -1.384188 -2.056730 2.243814, -1.379220 -2.068181 2.254131, -1.373894 -2.078743 2.265189, -1.368241 -2.088359 2.276928, -1.362292 -2.096974 2.289281, -1.356081 -2.104541 2.302180, -1.623713 -1.925631 2.305757, -1.349641 -2.111016 2.315552, -1.622806 -1.941722 2.307327, -1.343009 -2.116364 2.329322, -1.621301 -1.957632 2.309934, -1.336223 -2.120555 2.343415, -1.619206 -1.973274 2.313564, -1.329320 -2.123566 2.357750, -1.616532 -1.988558 2.318195, -1.322338 -2.125379 2.372247, -1.613294 -2.003400 2.323803, -1.609511 -2.017717 2.330356, -1.605203 -2.031428 2.337817, -1.600395 -2.044456 2.346145, -1.595114 -2.056730 2.355292, -1.589389 -2.068181 2.365208, -1.583252 -2.078743 2.375838, -1.576737 -2.088359 2.387121, -1.569882 -2.096974 2.398995, -1.562724 -2.104541 2.411394, -1.829340 -1.925631 2.434961, -1.555303 -2.111016 2.424247, -1.828319 -1.941722 2.436459, -1.547661 -2.116364 2.437484, -1.826623 -1.957632 2.438946, -1.539840 -2.120555 2.451029, -1.824262 -1.973274 2.442409, -1.531884 -2.123566 2.464808, -1.821249 -1.988558 2.446828, -1.523839 -2.125379 2.478744, -1.817602 -2.003400 2.452178, -1.813339 -2.017717 2.458430, -1.808486 -2.031428 2.465548, -1.803069 -2.044456 2.473493, -1.797119 -2.056730 2.482220, -1.790669 -2.068181 2.491681, -1.783755 -2.078743 2.501822, -1.776416 -2.088359 2.512587, -1.768692 -2.096974 2.523916, -1.760627 -2.104541 2.535745, -2.024737 -1.925631 2.579170, -1.752266 -2.111016 2.548007, -2.023607 -1.941722 2.580588, -1.743656 -2.116364 2.560636, -2.021730 -1.957632 2.582942, -1.734845 -2.120555 2.573559, -2.019117 -1.973274 2.586218, -1.725883 -2.123566 2.586705, -2.015782 -1.988558 2.590400, -1.716818 -2.125379 2.600001, -2.011745 -2.003400 2.595462, -2.007027 -2.017717 2.601378, -2.001655 -2.031428 2.608114, -1.995660 -2.044456 2.615632, -1.989074 -2.056730 2.623890, -1.981935 -2.068181 2.632842, -1.974283 -2.078743 2.642438, -1.966159 -2.088359 2.652624, -1.957611 -2.096974 2.663344, -1.948684 -2.104541 2.674537, -2.208811 -1.925631 2.737579, -1.939431 -2.111016 2.686141, -2.207577 -1.941722 2.738908, -1.929901 -2.116364 2.698091, -2.205530 -1.957632 2.741114, -1.920149 -2.120555 2.710320, -2.202679 -1.973274 2.744187, -1.910229 -2.123566 2.722759, -2.199041 -1.988558 2.748107, -1.900196 -2.125379 2.735340, -2.194637 -2.003400 2.752854, -2.189490 -2.017717 2.758401, -2.183631 -2.031428 2.764716, -2.177090 -2.044456 2.771765, -2.169906 -2.056730 2.779508, -2.162118 -2.068181 2.787901, -2.153769 -2.078743 2.796899, -2.144908 -2.088359 2.806450, -2.135582 -2.096974 2.816501, -2.125844 -2.104541 2.826995, -2.380532 -1.925631 2.909300, -2.115749 -2.111016 2.837875, -2.379203 -1.941722 2.910533, -2.105353 -2.116364 2.849079, -2.376996 -1.957632 2.912580, -2.094714 -2.120555 2.860545, -2.373924 -1.973274 2.915431, -2.083892 -2.123566 2.872209, -2.370003 -1.988558 2.919069, -2.072947 -2.125379 2.884004, -2.365256 -2.003400 2.923473, -2.359710 -2.017717 2.928620, -2.353394 -2.031428 2.934480, -2.346345 -2.044456 2.941020, -2.338602 -2.056730 2.948204, -2.330209 -2.068181 2.955992, -2.321211 -2.078743 2.964341, -2.311661 -2.088359 2.973203, -2.301610 -2.096974 2.982529, -2.291115 -2.104541 2.992266, -2.538940 -1.925631 3.093373, -2.280235 -2.111016 3.002361, -2.537522 -1.941722 3.094504, -2.269031 -2.116364 3.012757, -2.535169 -1.957632 3.096381, -2.257565 -2.120555 3.023396, -2.531892 -1.973274 3.098994, -2.245902 -2.123566 3.034218, -2.527711 -1.988558 3.102328, -2.234106 -2.125379 3.045163, -2.522648 -2.003400 3.106366, -2.516732 -2.017717 3.111083, -2.509997 -2.031428 3.116455, -2.502479 -2.044456 3.122450, -2.494221 -2.056730 3.129036, -2.485268 -2.068181 3.136175, -2.475672 -2.078743 3.143827, -2.465486 -2.088359 3.151951, -2.454766 -2.096974 3.160500, -2.443573 -2.104541 3.169426, -2.683149 -1.925631 3.288770, -2.431969 -2.111016 3.178680, -2.681651 -1.941722 3.289791, -2.420019 -2.116364 3.188209, -2.679164 -1.957632 3.291487, -2.407791 -2.120555 3.197961, -2.675701 -1.973274 3.293848, -2.395351 -2.123566 3.207882, -2.671282 -1.988558 3.296861, -2.382770 -2.125379 3.217914, -2.665932 -2.003400 3.300509, -2.659680 -2.017717 3.304771, -2.652562 -2.031428 3.309624, -2.644617 -2.044456 3.315041, -2.635890 -2.056730 3.320991, -2.626429 -2.068181 3.327441, -2.616288 -2.078743 3.334355, -2.605523 -2.088359 3.341695, -2.594195 -2.096974 3.349418, -2.582366 -2.104541 3.357483, -2.812353 -1.925631 3.494397, -2.570103 -2.111016 3.365844, -2.810783 -1.941722 3.495304, -2.557474 -2.116364 3.374454, -2.808176 -1.957632 3.496809, -2.544551 -2.120555 3.383265, -2.804547 -1.973274 3.498905, -2.531405 -2.123566 3.392228, -2.799915 -1.988558 3.501579, -2.518110 -2.125379 3.401292, -2.794307 -2.003400 3.504816, -2.787754 -2.017717 3.508600, -2.780293 -2.031428 3.512907, -2.771966 -2.044456 3.517715, -2.762818 -2.056730 3.522996, -2.752902 -2.068181 3.528721, -2.742273 -2.078743 3.534858, -2.730989 -2.088359 3.541373, -2.719115 -2.096974 3.548228, -2.706717 -2.104541 3.555387, -2.925830 -1.925631 3.709105, -2.693863 -2.111016 3.562808, -2.924196 -1.941722 3.709892, -2.680627 -2.116364 3.570450, -2.921484 -1.957632 3.711198, -2.667081 -2.120555 3.578270, -2.917708 -1.973274 3.713016, -2.653302 -2.123566 3.586226, -2.912889 -1.988558 3.715337, -2.639366 -2.125379 3.594271, -2.907055 -2.003400 3.718146, -2.900238 -2.017717 3.721429, -2.892476 -2.031428 3.725167, -2.883812 -2.044456 3.729339, -2.874296 -2.056730 3.733922, -2.863980 -2.068181 3.738890, -2.852921 -2.078743 3.744216, -2.841183 -2.088359 3.749869, -2.828829 -2.096974 3.755818, -2.815931 -2.104541 3.762029, -3.022944 -1.925631 3.931692, -2.802559 -2.111016 3.768469, -3.021256 -1.941722 3.932355, -2.788788 -2.116364 3.775101, -3.018454 -1.957632 3.933455, -2.774696 -2.120555 3.781887, -3.014552 -1.973274 3.934986, -2.760360 -2.123566 3.788791, -3.009574 -1.988558 3.936940, -2.745863 -2.125379 3.795772, -3.003546 -2.003400 3.939305, -2.996502 -2.017717 3.942070, -2.988483 -2.031428 3.945217, -2.979532 -2.044456 3.948730, -2.969699 -2.056730 3.952589, -2.959041 -2.068181 3.956772, -2.947615 -2.078743 3.961257, -2.935487 -2.088359 3.966017, -2.922724 -2.096974 3.971026, -2.909397 -2.104541 3.976256, -3.103152 -1.925631 4.160915, -2.895581 -2.111016 3.981678, -3.101419 -1.941722 4.161449, -2.881353 -2.116364 3.987262, -3.098543 -1.957632 4.162336, -2.866793 -2.120555 3.992977, -3.094538 -1.973274 4.163572, -2.851982 -2.123566 3.998790, -3.089427 -1.988558 4.165148, -2.837003 -2.125379 4.004669, -3.083240 -2.003400 4.167057, -3.076009 -2.017717 4.169287, -3.067777 -2.031428 4.171826, -3.058588 -2.044456 4.174661, -3.048495 -2.056730 4.177774, -3.037553 -2.068181 4.181149, -3.025825 -2.078743 4.184767, -3.013375 -2.088359 4.188607, -3.000273 -2.096974 4.192649, -2.986592 -2.104541 4.196868, -3.166006 -1.925631 4.395490, -2.972410 -2.111016 4.201243, -3.164239 -1.941722 4.395893, -2.957805 -2.116364 4.205748, -3.161304 -1.957632 4.396563, -2.942858 -2.120555 4.210359, -3.157218 -1.973274 4.397496, -2.927654 -2.123566 4.215048, -3.152004 -1.988558 4.398686, -2.912278 -2.125379 4.219791, -3.145690 -2.003400 4.400127, -3.138314 -2.017717 4.401811, -3.129914 -2.031428 4.403728, -3.120540 -2.044456 4.405867, -3.110242 -2.056730 4.408218, -3.099079 -2.068181 4.410766, -3.087113 -2.078743 4.413497, -3.074411 -2.088359 4.416396, -3.061043 -2.096974 4.419447, -3.047086 -2.104541 4.422633, -3.211155 -1.925631 4.634107, -3.032616 -2.111016 4.425935, -3.209362 -1.941722 4.634377, -3.017715 -2.116364 4.429337, -3.206385 -1.957632 4.634825, -3.002466 -2.120555 4.432817, -3.202241 -1.973274 4.635450, -2.986954 -2.123566 4.436357, -3.196953 -1.988558 4.636247, -2.971266 -2.125379 4.439938, -3.190549 -2.003400 4.637212, -3.183067 -2.017717 4.638340, -3.174548 -2.031428 4.639624, -3.165040 -2.044456 4.641057, -3.154596 -2.056730 4.642631, -3.143273 -2.068181 4.644338, -3.131136 -2.078743 4.646167, -3.118253 -2.088359 4.648109, -3.104695 -2.096974 4.650153, -3.090539 -2.104541 4.652286, -3.238346 -1.925631 4.875430, -3.075862 -2.111016 4.654499, -3.236538 -1.941722 4.875565, -3.060749 -2.116364 4.656777, -3.233536 -1.957632 4.875790, -3.045282 -2.120555 4.659108, -3.229356 -1.973274 4.876103, -3.029549 -2.123566 4.661479, -3.224023 -1.988558 4.876503, -3.013638 -2.125379 4.663877, -3.217566 -2.003400 4.876987, -3.210020 -2.017717 4.877552, -3.201429 -2.031428 4.878196, -3.191840 -2.044456 4.878915, -3.181307 -2.056730 4.879704, -3.169889 -2.068181 4.880560, -3.157650 -2.078743 4.881477, -3.144657 -2.088359 4.882451, -3.130984 -2.096974 4.883475, -3.116708 -2.104541 4.884545, -3.247426 -1.925631 5.118110, -3.101907 -2.111016 4.885654, -3.245613 -1.941722 5.118110, -3.086666 -2.116364 4.886797, -3.242603 -1.957632 5.118110, -3.071068 -2.120555 4.887965, -3.238411 -1.973274 5.118110, -3.055202 -2.123566 4.889154, -3.233063 -1.988558 5.118110, -3.039156 -2.125379 4.890357, -3.226588 -2.003400 5.118110, -3.219021 -2.017717 5.118110, -3.210406 -2.031428 5.118110, -3.200790 -2.044456 5.118110, -3.190228 -2.056730 5.118110, -3.178778 -2.068181 5.118110, -3.166504 -2.078743 5.118110, -3.153475 -2.088359 5.118110, -3.139764 -2.096974 5.118110, -3.125447 -2.104541 5.118110, -3.238346 -1.925631 5.360791, -3.110605 -2.111016 5.118110, -3.236538 -1.941722 5.360655, -3.095321 -2.116364 5.118110, -3.233536 -1.957632 5.360430, -3.079680 -2.120555 5.118110, -3.229356 -1.973274 5.360117, -3.063769 -2.123566 5.118110, -3.224023 -1.988558 5.359717, -3.047678 -2.125379 5.118110, -3.217566 -2.003400 5.359233, -3.210020 -2.017717 5.358668, -3.201429 -2.031428 5.358024, -3.191840 -2.044456 5.357306, -3.181307 -2.056730 5.356516, -3.169889 -2.068181 5.355661, -3.157650 -2.078743 5.354743, -3.144657 -2.088359 5.353770, -3.130984 -2.096974 5.352745, -3.116708 -2.104541 5.351675, -3.211155 -1.925631 5.602114, -3.101907 -2.111016 5.350566, -3.209362 -1.941722 5.601844, -3.086666 -2.116364 5.349424, -3.206385 -1.957632 5.601395, -3.071068 -2.120555 5.348255, -3.202241 -1.973274 5.600770, -3.055202 -2.123566 5.347066, -3.196953 -1.988558 5.599973, -3.039156 -2.125379 5.345863, -3.190549 -2.003400 5.599008, -3.183067 -2.017717 5.597880, -3.174548 -2.031428 5.596596, -3.165040 -2.044456 5.595163, -3.154596 -2.056730 5.593589, -3.143273 -2.068181 5.591882, -3.131136 -2.078743 5.590053, -3.118253 -2.088359 5.588111, -3.104695 -2.096974 5.586068, -3.090539 -2.104541 5.583934, -3.166006 -1.925631 5.840731, -3.075862 -2.111016 5.581722, -3.164239 -1.941722 5.840327, -3.060749 -2.116364 5.579444, -3.161304 -1.957632 5.839657, -3.045282 -2.120555 5.577113, -3.157218 -1.973274 5.838725, -3.029549 -2.123566 5.574741, -3.152004 -1.988558 5.837534, -3.013638 -2.125379 5.572343, -3.145690 -2.003400 5.836094, -3.138314 -2.017717 5.834410, -3.129914 -2.031428 5.832493, -3.120540 -2.044456 5.830353, -3.110242 -2.056730 5.828003, -3.099079 -2.068181 5.825455, -3.087113 -2.078743 5.822724, -3.074411 -2.088359 5.819824, -3.061043 -2.096974 5.816773, -3.047086 -2.104541 5.813588, -3.103152 -1.925631 6.075306, -3.032616 -2.111016 5.810285, -3.101419 -1.941722 6.074771, -3.017715 -2.116364 5.806884, -3.098543 -1.957632 6.073884, -3.002466 -2.120555 5.803403, -3.094538 -1.973274 6.072649, -2.986954 -2.123566 5.799863, -3.089427 -1.988558 6.071072, -2.971266 -2.125379 5.796282, -3.083240 -2.003400 6.069164, -3.076009 -2.017717 6.066933, -3.067777 -2.031428 6.064394, -3.058588 -2.044456 6.061560, -3.048495 -2.056730 6.058446, -3.037553 -2.068181 6.055071, -3.025825 -2.078743 6.051454, -3.013375 -2.088359 6.047613, -3.000273 -2.096974 6.043572, -2.986592 -2.104541 6.039352, -3.022944 -1.925631 6.304528, -2.972410 -2.111016 6.034977, -3.021256 -1.941722 6.303866, -2.957805 -2.116364 6.030472, -3.018454 -1.957632 6.302766, -2.942858 -2.120555 6.025862, -3.014552 -1.973274 6.301235, -2.927654 -2.123566 6.021172, -3.009574 -1.988558 6.299281, -2.912278 -2.125379 6.016429, -3.003546 -2.003400 6.296915, -2.996502 -2.017717 6.294151, -2.988483 -2.031428 6.291003, -2.979532 -2.044456 6.287490, -2.969699 -2.056730 6.283631, -2.959041 -2.068181 6.279448, -2.947615 -2.078743 6.274964, -2.935487 -2.088359 6.270204, -2.922724 -2.096974 6.265195, -2.909397 -2.104541 6.259964, -2.925830 -1.925631 6.527116, -2.895581 -2.111016 6.254542, -2.924196 -1.941722 6.526329, -2.881353 -2.116364 6.248958, -2.921484 -1.957632 6.525023, -2.866793 -2.120555 6.243244, -2.917708 -1.973274 6.523204, -2.851982 -2.123566 6.237431, -2.912889 -1.988558 6.520884, -2.837003 -2.125379 6.231552, -2.907055 -2.003400 6.518074, -2.900238 -2.017717 6.514791, -2.892476 -2.031428 6.511053, -2.883812 -2.044456 6.506881, -2.874296 -2.056730 6.502298, -2.863980 -2.068181 6.497330, -2.852921 -2.078743 6.492005, -2.841183 -2.088359 6.486352, -2.828829 -2.096974 6.480403, -2.815931 -2.104541 6.474191, -2.812353 -1.925631 6.741823, -2.802559 -2.111016 6.467751, -2.810783 -1.941722 6.740917, -2.788788 -2.116364 6.461120, -2.808176 -1.957632 6.739411, -2.774696 -2.120555 6.454333, -2.804547 -1.973274 6.737316, -2.760360 -2.123566 6.447430, -2.799915 -1.988558 6.734642, -2.745863 -2.125379 6.440448, -2.794307 -2.003400 6.731404, -2.787754 -2.017717 6.727621, -2.780293 -2.031428 6.723313, -2.771966 -2.044456 6.718505, -2.762818 -2.056730 6.713224, -2.752902 -2.068181 6.707499, -2.742273 -2.078743 6.701362, -2.730989 -2.088359 6.694848, -2.719115 -2.096974 6.687992, -2.706717 -2.104541 6.680834, -2.683149 -1.925631 6.947450, -2.693863 -2.111016 6.673413, -2.681651 -1.941722 6.946429, -2.680627 -2.116364 6.665771, -2.679164 -1.957632 6.944733, -2.667081 -2.120555 6.657950, -2.675701 -1.973274 6.942372, -2.653302 -2.123566 6.649995, -2.671282 -1.988558 6.939360, -2.639366 -2.125379 6.641949, -2.665932 -2.003400 6.935712, -2.659680 -2.017717 6.931449, -2.652562 -2.031428 6.926596, -2.644617 -2.044456 6.921180, -2.635890 -2.056730 6.915230, -2.626429 -2.068181 6.908779, -2.616288 -2.078743 6.901865, -2.605523 -2.088359 6.894526, -2.594195 -2.096974 6.886802, -2.582366 -2.104541 6.878737, -2.538940 -1.925631 7.142847, -2.570103 -2.111016 6.870377, -2.537522 -1.941722 7.141717, -2.557474 -2.116364 6.861767, -2.535169 -1.957632 7.139840, -2.544551 -2.120555 6.852956, -2.531892 -1.973274 7.137227, -2.531405 -2.123566 6.843993, -2.527711 -1.988558 7.133892, -2.518110 -2.125379 6.834928, -2.522648 -2.003400 7.129855, -2.516732 -2.017717 7.125137, -2.509997 -2.031428 7.119766, -2.502479 -2.044456 7.113770, -2.494221 -2.056730 7.107185, -2.485268 -2.068181 7.100046, -2.475672 -2.078743 7.092393, -2.465486 -2.088359 7.084270, -2.454766 -2.096974 7.075721, -2.443573 -2.104541 7.066795, -2.380532 -1.925631 7.326921, -2.431969 -2.111016 7.057541, -2.379203 -1.941722 7.325688, -2.420019 -2.116364 7.048011, -2.376996 -1.957632 7.323640, -2.407791 -2.120555 7.038259, -2.373924 -1.973274 7.320789, -2.395351 -2.123566 7.028339, -2.370003 -1.988558 7.317152, -2.382770 -2.125379 7.018306, -2.365256 -2.003400 7.312747, -2.359710 -2.017717 7.307601, -2.353394 -2.031428 7.301741, -2.346345 -2.044456 7.295201, -2.338602 -2.056730 7.288016, -2.330209 -2.068181 7.280228, -2.321211 -2.078743 7.271880, -2.311661 -2.088359 7.263018, -2.301610 -2.096974 7.253692, -2.291115 -2.104541 7.243954, -2.208811 -1.925631 7.498642, -2.280235 -2.111016 7.233859, -2.207577 -1.941722 7.497313, -2.269031 -2.116364 7.223463, -2.205530 -1.957632 7.495106, -2.257565 -2.120555 7.212824, -2.202679 -1.973274 7.492034, -2.245902 -2.123566 7.202002, -2.199041 -1.988558 7.488113, -2.234106 -2.125379 7.191058, -2.194637 -2.003400 7.483366, -2.189490 -2.017717 7.477820, -2.183631 -2.031428 7.471504, -2.177090 -2.044456 7.464456, -2.169906 -2.056730 7.456713, -2.162118 -2.068181 7.448319, -2.153769 -2.078743 7.439322, -2.144908 -2.088359 7.429771, -2.135582 -2.096974 7.419720, -2.125844 -2.104541 7.409225, -2.024737 -1.925631 7.657050, -2.115749 -2.111016 7.398345, -2.023607 -1.941722 7.655633, -2.105353 -2.116364 7.387141, -2.021730 -1.957632 7.653279, -2.094714 -2.120555 7.375675, -2.019117 -1.973274 7.650002, -2.083892 -2.123566 7.364012, -2.015782 -1.988558 7.645821, -2.072947 -2.125379 7.352216, -2.011745 -2.003400 7.640758, -2.007027 -2.017717 7.634842, -2.001655 -2.031428 7.628107, -1.995660 -2.044456 7.620589, -1.989074 -2.056730 7.612331, -1.981935 -2.068181 7.603379, -1.974283 -2.078743 7.593783, -1.966159 -2.088359 7.583596, -1.957611 -2.096974 7.572876, -1.948684 -2.104541 7.561683, -1.829340 -1.925631 7.801260, -1.939431 -2.111016 7.550079, -1.828319 -1.941722 7.799762, -1.929901 -2.116364 7.538130, -1.826623 -1.957632 7.797274, -1.920149 -2.120555 7.525901, -1.824262 -1.973274 7.793811, -1.910229 -2.123566 7.513461, -1.821249 -1.988558 7.789392, -1.900196 -2.125379 7.500881, -1.817602 -2.003400 7.784042, -1.813339 -2.017717 7.777790, -1.808486 -2.031428 7.770672, -1.803069 -2.044456 7.762727, -1.797119 -2.056730 7.754000, -1.790669 -2.068181 7.744540, -1.783755 -2.078743 7.734398, -1.776416 -2.088359 7.723633, -1.768692 -2.096974 7.712305, -1.760627 -2.104541 7.700476, -1.623713 -1.925631 7.930464, -1.752266 -2.111016 7.688213, -1.622806 -1.941722 7.928894, -1.743656 -2.116364 7.675584, -1.621301 -1.957632 7.926286, -1.734845 -2.120555 7.662661, -1.619206 -1.973274 7.922657, -1.725883 -2.123566 7.649515, -1.616532 -1.988558 7.918025, -1.716818 -2.125379 7.636220, -1.613294 -2.003400 7.912417, -1.609511 -2.017717 7.905864, -1.605203 -2.031428 7.898403, -1.600395 -2.044456 7.890076, -1.595114 -2.056730 7.880929, -1.589389 -2.068181 7.871012, -1.583252 -2.078743 7.860383, -1.576737 -2.088359 7.849100, -1.569882 -2.096974 7.837225, -1.562724 -2.104541 7.824827, -1.409005 -1.925631 8.043940, -1.555303 -2.111016 7.811973, -1.408219 -1.941722 8.042306, -1.547661 -2.116364 7.798737, -1.406912 -1.957632 8.039594, -1.539840 -2.120555 7.785191, -1.405094 -1.973274 8.035818, -1.531884 -2.123566 7.771412, -1.402774 -1.988558 8.031000, -1.523839 -2.125379 7.757477, -1.399964 -2.003400 8.025165, -1.396681 -2.017717 8.018348, -1.392943 -2.031428 8.010586, -1.388771 -2.044456 8.001923, -1.384188 -2.056730 7.992406, -1.379220 -2.068181 7.982090, -1.373894 -2.078743 7.971031, -1.368241 -2.088359 7.959293, -1.362292 -2.096974 7.946940, -1.356081 -2.104541 7.934041, -1.186418 -1.925631 8.141054, -1.349641 -2.111016 7.920669, -1.185756 -1.941722 8.139366, -1.343009 -2.116364 7.906898, -1.184656 -1.957632 8.136564, -1.336223 -2.120555 7.892806, -1.183125 -1.973274 8.132662, -1.329320 -2.123566 7.878471, -1.181171 -1.988558 8.127684, -1.322338 -2.125379 7.863973, -1.178805 -2.003400 8.121656, -1.176041 -2.017717 8.114613, -1.172893 -2.031428 8.106593, -1.169380 -2.044456 8.097642, -1.165521 -2.056730 8.087810, -1.161338 -2.068181 8.077151, -1.156854 -2.078743 8.065725, -1.152094 -2.088359 8.053597, -1.147085 -2.096974 8.040834, -1.141854 -2.104541 8.027507, -0.957196 -1.925631 8.221262, -1.136432 -2.111016 8.013691, -0.956661 -1.941722 8.219530, -1.130848 -2.116364 7.999463, -0.955774 -1.957632 8.216653, -1.125133 -2.120555 7.984903, -0.954539 -1.973274 8.212648, -1.119321 -2.123566 7.970092, -0.952962 -1.988558 8.207538, -1.113442 -2.125379 7.955113, -0.951053 -2.003400 8.201350, -0.948823 -2.017717 8.194119, -0.946284 -2.031428 8.185887, -0.943449 -2.044456 8.176698, -0.940336 -2.056730 8.166605, -0.936961 -2.068181 8.155664, -0.933343 -2.078743 8.143935, -0.929503 -2.088359 8.131485, -0.925462 -2.096974 8.118383, -0.921242 -2.104541 8.104703, -0.722620 -1.925631 8.284117, -0.916867 -2.111016 8.090520, -0.722217 -1.941722 8.282349, -0.912362 -2.116364 8.075915, -0.721547 -1.957632 8.279414, -0.907752 -2.120555 8.060968, -0.720614 -1.973274 8.275328, -0.903062 -2.123566 8.045765, -0.719424 -1.988558 8.270114, -0.898319 -2.125379 8.030388, -0.717983 -2.003400 8.263801, -0.716300 -2.017717 8.256424, -0.714383 -2.031428 8.248025, -0.712243 -2.044456 8.238650, -0.709892 -2.056730 8.228352, -0.707345 -2.068181 8.217189, -0.704613 -2.078743 8.205223, -0.701714 -2.088359 8.192521, -0.698663 -2.096974 8.179154, -0.695477 -2.104541 8.165196, -0.484004 -1.925631 8.329265, -0.692175 -2.111016 8.150726, -0.483734 -1.941722 8.327472, -0.688774 -2.116364 8.135825, -0.483285 -1.957632 8.324496, -0.685293 -2.120555 8.120576, -0.482660 -1.973274 8.320351, -0.681753 -2.123566 8.105064, -0.481863 -1.988558 8.315063, -0.678172 -2.125379 8.089376, -0.480898 -2.003400 8.308660, -0.479770 -2.017717 8.301178, -0.478486 -2.031428 8.292659, -0.477053 -2.044456 8.283150, -0.475479 -2.056730 8.272706, -0.473772 -2.068181 8.261383, -0.471943 -2.078743 8.249247, -0.470001 -2.088359 8.236363, -0.467958 -2.096974 8.222805, -0.465824 -2.104541 8.208649, -0.242680 -1.925631 8.356456, -0.463612 -2.111016 8.193973, -0.242545 -1.941722 8.354648, -0.461334 -2.116364 8.178859, -0.242320 -1.957632 8.351646, -0.459002 -2.120555 8.163392, -0.242007 -1.973274 8.347466, -0.456631 -2.123566 8.147659, -0.241607 -1.988558 8.342133, -0.454233 -2.125379 8.131748, -0.241123 -2.003400 8.335676, -0.240558 -2.017717 8.328130, -0.239914 -2.031428 8.319539, -0.239195 -2.044456 8.309950, -0.238406 -2.056730 8.299417, -0.237550 -2.068181 8.287999, -0.236633 -2.078743 8.275760, -0.235659 -2.088359 8.262767, -0.234635 -2.096974 8.249095, -0.233565 -2.104541 8.234818, -0.000000 -1.925631 8.365536, -0.232456 -2.111016 8.220018, -0.000000 -1.941722 8.363723, -0.231314 -2.116364 8.204776, -0.000000 -1.957632 8.360713, -0.230145 -2.120555 8.189179, -0.000000 -1.973274 8.356522, -0.228956 -2.123566 8.173312, -0.000000 -1.988558 8.351173, -0.227753 -2.125379 8.157266, -0.000000 -2.003400 8.344698, -0.000000 -2.017717 8.337131, -0.000000 -2.031428 8.328516, -0.000000 -2.044456 8.318901, -0.000000 -2.056730 8.308338, -0.000000 -2.068181 8.296888, -0.000000 -2.078743 8.284614, -0.000000 -2.088359 8.271585, -0.000000 -2.096974 8.257874, -0.000000 -2.104541 8.243558, 0.242680 -1.925631 8.356456, -0.000000 -2.111016 8.228716, 0.242545 -1.941722 8.354648, -0.000000 -2.116364 8.213431, 0.242320 -1.957632 8.351646, -0.000000 -2.120555 8.197790, 0.242007 -1.973274 8.347466, -0.000000 -2.123566 8.181879, 0.241607 -1.988558 8.342133, -0.000000 -2.125379 8.165788, 0.241123 -2.003400 8.335676, 0.240558 -2.017717 8.328130, 0.239914 -2.031428 8.319539, 0.239195 -2.044456 8.309950, 0.238406 -2.056730 8.299417, 0.237550 -2.068181 8.287999, 0.236633 -2.078743 8.275760, 0.235659 -2.088359 8.262767, 0.234635 -2.096974 8.249095, 0.233565 -2.104541 8.234818, 0.484004 -1.925631 8.329265, 0.232456 -2.111016 8.220018, 0.483734 -1.941722 8.327472, 0.231314 -2.116364 8.204776, 0.483285 -1.957632 8.324496, 0.230145 -2.120555 8.189179, 0.482660 -1.973274 8.320351, 0.228956 -2.123566 8.173312, 0.481863 -1.988558 8.315063, 0.227753 -2.125379 8.157266, 0.480898 -2.003400 8.308660, 0.479770 -2.017717 8.301178, 0.478486 -2.031428 8.292659, 0.477053 -2.044456 8.283150, 0.475479 -2.056730 8.272706, 0.473772 -2.068181 8.261383, 0.471943 -2.078743 8.249247, 0.470001 -2.088359 8.236363, 0.467958 -2.096974 8.222805, 0.465824 -2.104541 8.208649, 0.722620 -1.925631 8.284117, 0.463612 -2.111016 8.193973, 0.722217 -1.941722 8.282349, 0.461334 -2.116364 8.178859, 0.721547 -1.957632 8.279414, 0.459002 -2.120555 8.163392, 0.720614 -1.973274 8.275328, 0.456631 -2.123566 8.147659, 0.719424 -1.988558 8.270114, 0.454233 -2.125379 8.131748, 0.717983 -2.003400 8.263801, 0.716300 -2.017717 8.256424, 0.714383 -2.031428 8.248025, 0.712243 -2.044456 8.238650, 0.709892 -2.056730 8.228352, 0.707345 -2.068181 8.217189, 0.704613 -2.078743 8.205223, 0.701714 -2.088359 8.192521, 0.698663 -2.096974 8.179154, 0.695477 -2.104541 8.165196, 0.957196 -1.925631 8.221262, 0.692175 -2.111016 8.150726, 0.956661 -1.941722 8.219530, 0.688774 -2.116364 8.135825, 0.955774 -1.957632 8.216653, 0.685293 -2.120555 8.120576, 0.954539 -1.973274 8.212648, 0.681753 -2.123566 8.105064, 0.952962 -1.988558 8.207538, 0.678172 -2.125379 8.089376, 0.951053 -2.003400 8.201350, 0.948823 -2.017717 8.194119, 0.946284 -2.031428 8.185887, 0.943449 -2.044456 8.176698, 0.940336 -2.056730 8.166605, 0.936961 -2.068181 8.155664, 0.933343 -2.078743 8.143935, 0.929503 -2.088359 8.131485, 0.925462 -2.096974 8.118383, 0.921242 -2.104541 8.104703, 1.186418 -1.925631 8.141054, 0.916867 -2.111016 8.090520, 1.185756 -1.941722 8.139366, 0.912362 -2.116364 8.075915, 1.184656 -1.957632 8.136564, 0.907752 -2.120555 8.060968, 1.183125 -1.973274 8.132662, 0.903062 -2.123566 8.045765, 1.181171 -1.988558 8.127684, 0.898319 -2.125379 8.030388, 1.178805 -2.003400 8.121656, 1.176041 -2.017717 8.114613, 1.172893 -2.031428 8.106593, 1.169380 -2.044456 8.097642, 1.165521 -2.056730 8.087810, 1.161338 -2.068181 8.077151, 1.156854 -2.078743 8.065725, 1.152094 -2.088359 8.053597, 1.147085 -2.096974 8.040834, 1.141854 -2.104541 8.027507, 1.409005 -1.925631 8.043940, 1.136432 -2.111016 8.013691, 1.408219 -1.941722 8.042306, 1.130848 -2.116364 7.999463, 1.406912 -1.957632 8.039594, 1.125133 -2.120555 7.984903, 1.405094 -1.973274 8.035818, 1.119321 -2.123566 7.970092, 1.402774 -1.988558 8.031000, 1.113442 -2.125379 7.955113, 1.399964 -2.003400 8.025165, 1.396681 -2.017717 8.018348, 1.392943 -2.031428 8.010586, 1.388771 -2.044456 8.001923, 1.384188 -2.056730 7.992406, 1.379220 -2.068181 7.982090, 1.373894 -2.078743 7.971031, 1.368241 -2.088359 7.959293, 1.362292 -2.096974 7.946940, 1.356081 -2.104541 7.934041, 1.623713 -1.925631 7.930464, 1.349641 -2.111016 7.920669, 1.622806 -1.941722 7.928894, 1.343009 -2.116364 7.906898, 1.621301 -1.957632 7.926286, 1.336223 -2.120555 7.892806, 1.619206 -1.973274 7.922657, 1.329320 -2.123566 7.878471, 1.616532 -1.988558 7.918025, 1.322338 -2.125379 7.863973, 1.613294 -2.003400 7.912417, 1.609511 -2.017717 7.905864, 1.605203 -2.031428 7.898403, 1.600395 -2.044456 7.890076, 1.595114 -2.056730 7.880929, 1.589389 -2.068181 7.871012, 1.583252 -2.078743 7.860383, 1.576737 -2.088359 7.849100, 1.569882 -2.096974 7.837225, 1.562724 -2.104541 7.824827, 1.829340 -1.925631 7.801260, 1.555303 -2.111016 7.811973, 1.828319 -1.941722 7.799762, 1.547661 -2.116364 7.798737, 1.826623 -1.957632 7.797274, 1.539840 -2.120555 7.785191, 1.824262 -1.973274 7.793811, 1.531884 -2.123566 7.771412, 1.821249 -1.988558 7.789392, 1.523839 -2.125379 7.757477, 1.817602 -2.003400 7.784042, 1.813339 -2.017717 7.777790, 1.808486 -2.031428 7.770672, 1.803069 -2.044456 7.762727, 1.797119 -2.056730 7.754000, 1.790669 -2.068181 7.744540, 1.783755 -2.078743 7.734398, 1.776416 -2.088359 7.723633, 1.768692 -2.096974 7.712305, 1.760627 -2.104541 7.700476, 2.024737 -1.925631 7.657050, 1.752266 -2.111016 7.688213, 2.023607 -1.941722 7.655633, 1.743656 -2.116364 7.675584, 2.021730 -1.957632 7.653279, 1.734845 -2.120555 7.662661, 2.019117 -1.973274 7.650002, 1.725883 -2.123566 7.649515, 2.015782 -1.988558 7.645821, 1.716818 -2.125379 7.636220, 2.011745 -2.003400 7.640758, 2.007027 -2.017717 7.634842, 2.001655 -2.031428 7.628107, 1.995660 -2.044456 7.620589, 1.989074 -2.056730 7.612331, 1.981935 -2.068181 7.603379, 1.974283 -2.078743 7.593783, 1.966159 -2.088359 7.583596, 1.957611 -2.096974 7.572876, 1.948684 -2.104541 7.561683, 2.208811 -1.925631 7.498642, 1.939431 -2.111016 7.550079, 2.207577 -1.941722 7.497313, 1.929901 -2.116364 7.538130, 2.205530 -1.957632 7.495106, 1.920149 -2.120555 7.525901, 2.202679 -1.973274 7.492034, 1.910229 -2.123566 7.513461, 2.199041 -1.988558 7.488113, 1.900196 -2.125379 7.500881, 2.194637 -2.003400 7.483366, 2.189490 -2.017717 7.477820, 2.183631 -2.031428 7.471504, 2.177090 -2.044456 7.464456, 2.169906 -2.056730 7.456713, 2.162118 -2.068181 7.448319, 2.153769 -2.078743 7.439322, 2.144908 -2.088359 7.429771, 2.135582 -2.096974 7.419720, 2.125844 -2.104541 7.409225, 2.380532 -1.925631 7.326921, 2.115749 -2.111016 7.398345, 2.379203 -1.941722 7.325688, 2.105353 -2.116364 7.387141, 2.376996 -1.957632 7.323640, 2.094714 -2.120555 7.375675, 2.373924 -1.973274 7.320789, 2.083892 -2.123566 7.364012, 2.370003 -1.988558 7.317152, 2.072947 -2.125379 7.352216, 2.365256 -2.003400 7.312747, 2.359710 -2.017717 7.307601, 2.353394 -2.031428 7.301741, 2.346345 -2.044456 7.295201, 2.338602 -2.056730 7.288016, 2.330209 -2.068181 7.280228, 2.321211 -2.078743 7.271880, 2.311661 -2.088359 7.263018, 2.301610 -2.096974 7.253692, 2.291115 -2.104541 7.243954, 2.538940 -1.925631 7.142847, 2.280235 -2.111016 7.233859, 2.537522 -1.941722 7.141717, 2.269031 -2.116364 7.223463, 2.535169 -1.957632 7.139840, 2.257565 -2.120555 7.212824, 2.531892 -1.973274 7.137227, 2.245902 -2.123566 7.202002, 2.527711 -1.988558 7.133892, 2.234106 -2.125379 7.191058, 2.522648 -2.003400 7.129855, 2.516732 -2.017717 7.125137, 2.509997 -2.031428 7.119766, 2.502479 -2.044456 7.113770, 2.494221 -2.056730 7.107185, 2.485268 -2.068181 7.100046, 2.475672 -2.078743 7.092393, 2.465486 -2.088359 7.084270, 2.454766 -2.096974 7.075721, 2.443573 -2.104541 7.066795, 2.683149 -1.925631 6.947450, 2.431969 -2.111016 7.057541, 2.681651 -1.941722 6.946429, 2.420019 -2.116364 7.048011, 2.679164 -1.957632 6.944733, 2.407791 -2.120555 7.038259, 2.675701 -1.973274 6.942372, 2.395351 -2.123566 7.028339, 2.671282 -1.988558 6.939360, 2.382770 -2.125379 7.018306, 2.665932 -2.003400 6.935712, 2.659680 -2.017717 6.931449, 2.652562 -2.031428 6.926596, 2.644617 -2.044456 6.921180, 2.635890 -2.056730 6.915230, 2.626429 -2.068181 6.908779, 2.616288 -2.078743 6.901865, 2.605523 -2.088359 6.894526, 2.594195 -2.096974 6.886802, 2.582366 -2.104541 6.878737, 2.812353 -1.925631 6.741823, 2.570103 -2.111016 6.870377, 2.810783 -1.941722 6.740917, 2.557474 -2.116364 6.861767, 2.808176 -1.957632 6.739411, 2.544551 -2.120555 6.852956, 2.804547 -1.973274 6.737316, 2.531405 -2.123566 6.843993, 2.799915 -1.988558 6.734642, 2.518110 -2.125379 6.834928, 2.794307 -2.003400 6.731404, 2.787754 -2.017717 6.727621, 2.780293 -2.031428 6.723313, 2.771966 -2.044456 6.718505, 2.762818 -2.056730 6.713224, 2.752902 -2.068181 6.707499, 2.742273 -2.078743 6.701362, 2.730989 -2.088359 6.694848, 2.719115 -2.096974 6.687992, 2.706717 -2.104541 6.680834, 2.925830 -1.925631 6.527116, 2.693863 -2.111016 6.673413, 2.924196 -1.941722 6.526329, 2.680627 -2.116364 6.665771, 2.921484 -1.957632 6.525023, 2.667081 -2.120555 6.657950, 2.917708 -1.973274 6.523204, 2.653302 -2.123566 6.649995, 2.912889 -1.988558 6.520884, 2.639366 -2.125379 6.641949, 2.907055 -2.003400 6.518074, 2.900238 -2.017717 6.514791, 2.892476 -2.031428 6.511053, 2.883812 -2.044456 6.506881, 2.874296 -2.056730 6.502298, 2.863980 -2.068181 6.497330, 2.852921 -2.078743 6.492005, 2.841183 -2.088359 6.486352, 2.828829 -2.096974 6.480403, 2.815931 -2.104541 6.474191, 3.022944 -1.925631 6.304528, 2.802559 -2.111016 6.467751, 3.021256 -1.941722 6.303866, 2.788788 -2.116364 6.461120, 3.018454 -1.957632 6.302766, 2.774696 -2.120555 6.454333, 3.014552 -1.973274 6.301235, 2.760360 -2.123566 6.447430, 3.009574 -1.988558 6.299281, 2.745863 -2.125379 6.440448, 3.003546 -2.003400 6.296915, 2.996502 -2.017717 6.294151, 2.988483 -2.031428 6.291003, 2.979532 -2.044456 6.287490, 2.969699 -2.056730 6.283631, 2.959041 -2.068181 6.279448, 2.947615 -2.078743 6.274964, 2.935487 -2.088359 6.270204, 2.922724 -2.096974 6.265195, 2.909397 -2.104541 6.259964, 3.103152 -1.925631 6.075306, 2.895581 -2.111016 6.254542, 3.101419 -1.941722 6.074771, 2.881353 -2.116364 6.248958, 3.098543 -1.957632 6.073884, 2.866793 -2.120555 6.243244, 3.094538 -1.973274 6.072649, 2.851982 -2.123566 6.237431, 3.089427 -1.988558 6.071072, 2.837003 -2.125379 6.231552, 3.083240 -2.003400 6.069164, 3.076009 -2.017717 6.066933, 3.067777 -2.031428 6.064394, 3.058588 -2.044456 6.061560, 3.048495 -2.056730 6.058446, 3.037553 -2.068181 6.055071, 3.025825 -2.078743 6.051454, 3.013375 -2.088359 6.047613, 3.000273 -2.096974 6.043572, 2.986592 -2.104541 6.039352, 3.166006 -1.925631 5.840731, 2.972410 -2.111016 6.034977, 3.164239 -1.941722 5.840327, 2.957805 -2.116364 6.030472, 3.161304 -1.957632 5.839657, 2.942858 -2.120555 6.025862, 3.157218 -1.973274 5.838725, 2.927654 -2.123566 6.021172, 3.152004 -1.988558 5.837534, 2.912278 -2.125379 6.016429, 3.145690 -2.003400 5.836094, 3.138314 -2.017717 5.834410, 3.129914 -2.031428 5.832493, 3.120540 -2.044456 5.830353, 3.110242 -2.056730 5.828003, 3.099079 -2.068181 5.825455, 3.087113 -2.078743 5.822724, 3.074411 -2.088359 5.819824, 3.061043 -2.096974 5.816773, 3.047086 -2.104541 5.813588, 3.211155 -1.925631 5.602114, 3.032616 -2.111016 5.810285, 3.209362 -1.941722 5.601844, 3.017715 -2.116364 5.806884, 3.206385 -1.957632 5.601395, 3.002466 -2.120555 5.803403, 3.202241 -1.973274 5.600770, 2.986954 -2.123566 5.799863, 3.196953 -1.988558 5.599973, 2.971266 -2.125379 5.796282, 3.190549 -2.003400 5.599008, 3.183067 -2.017717 5.597880, 3.174548 -2.031428 5.596596, 3.165040 -2.044456 5.595163, 3.154596 -2.056730 5.593589, 3.143273 -2.068181 5.591882, 3.131136 -2.078743 5.590053, 3.118253 -2.088359 5.588111, 3.104695 -2.096974 5.586068, 3.090539 -2.104541 5.583934, 3.238346 -1.925631 5.360791, 3.075862 -2.111016 5.581722, 3.236538 -1.941722 5.360655, 3.060749 -2.116364 5.579444, 3.233536 -1.957632 5.360430, 3.045282 -2.120555 5.577113, 3.229356 -1.973274 5.360117, 3.029549 -2.123566 5.574741, 3.224023 -1.988558 5.359717, 3.013638 -2.125379 5.572343, 3.217566 -2.003400 5.359233, 3.210020 -2.017717 5.358668, 3.201429 -2.031428 5.358024, 3.191840 -2.044456 5.357306, 3.181307 -2.056730 5.356516, 3.169889 -2.068181 5.355661, 3.157650 -2.078743 5.354743, 3.144657 -2.088359 5.353770, 3.130984 -2.096974 5.352745, 3.116708 -2.104541 5.351675, 3.101907 -2.111016 5.350566, 3.086666 -2.116364 5.349424, 3.071068 -2.120555 5.348255, 3.055202 -2.123566 5.347066, 3.039156 -2.125379 5.345863, 3.248031 0.570866 5.118110, 3.247426 0.587048 5.118110, 3.245613 0.603139 5.118110, 3.242603 0.619050 5.118110, 3.238411 0.634691 5.118110, 3.233063 0.649975 5.118110, 3.226588 0.664817 5.118110, 3.219021 0.679134 5.118110, 3.210406 0.692845 5.118110, 3.200790 0.705874 5.118110, 3.190228 0.718148 5.118110, 3.178778 0.729598 5.118110, 3.166504 0.740160 5.118110, 3.153475 0.749776 5.118110, 3.139764 0.758391 5.118110, 3.125447 0.765958 5.118110, 3.110605 0.772433 5.118110, 3.095321 0.777782 5.118110, 3.079680 0.781973 5.118110, 3.063769 0.784983 5.118110, 3.047678 0.786796 5.118110, 3.031496 0.787402 5.118110, 3.238949 0.570866 4.875385, 3.211754 0.570866 4.634016, 3.166597 0.570866 4.395355, 3.103731 0.570866 4.160736, 3.023507 0.570866 3.931471, 2.926375 0.570866 3.708842, 2.812878 0.570866 3.494094, 2.683650 0.570866 3.288429, 2.539413 0.570866 3.092996, 2.380976 0.570866 2.908888, 2.209222 0.570866 2.737135, 2.025115 0.570866 2.578697, 1.829681 0.570866 2.434461, 1.624016 0.570866 2.305232, 1.409268 0.570866 2.191735, 1.186639 0.570866 2.094603, 0.957374 0.570866 2.014380, 0.722755 0.570866 1.951514, 0.484094 0.570866 1.906357, 0.242726 0.570866 1.879161, -0.000000 0.570866 1.870079, -0.242726 0.570866 1.879161, -0.484094 0.570866 1.906357, -0.722755 0.570866 1.951514, -0.957374 0.570866 2.014380, -1.186639 0.570866 2.094603, -1.409268 0.570866 2.191735, -1.624016 0.570866 2.305232, -1.829681 0.570866 2.434461, -2.025115 0.570866 2.578697, -2.209222 0.570866 2.737135, -2.380976 0.570866 2.908888, -2.539413 0.570866 3.092996, -2.683650 0.570866 3.288429, -2.812878 0.570866 3.494094, -2.926375 0.570866 3.708842, -3.023507 0.570866 3.931471, -3.103731 0.570866 4.160736, -3.166597 0.570866 4.395355, -3.211754 0.570866 4.634016, -3.238949 0.570866 4.875385, -3.248031 0.570866 5.118110, -3.238949 0.570866 5.360836, -3.211754 0.570866 5.602204, -3.166597 0.570866 5.840865, -3.103731 0.570866 6.075484, -3.023507 0.570866 6.304749, -2.926375 0.570866 6.527378, -2.812878 0.570866 6.742126, -2.683650 0.570866 6.947792, -2.539413 0.570866 7.143225, -2.380976 0.570866 7.327333, -2.209222 0.570866 7.499086, -2.025115 0.570866 7.657524, -1.829681 0.570866 7.801760, -1.624016 0.570866 7.930988, -1.409268 0.570866 8.044485, -1.186639 0.570866 8.141617, -0.957374 0.570866 8.221841, -0.722755 0.570866 8.284707, -0.484094 0.570866 8.329864, -0.242726 0.570866 8.357060, -0.000000 0.570866 8.366142, 0.242726 0.570866 8.357060, 0.484094 0.570866 8.329864, 0.722755 0.570866 8.284707, 0.957374 0.570866 8.221841, 1.186639 0.570866 8.141617, 1.409268 0.570866 8.044485, 1.624016 0.570866 7.930988, 1.829681 0.570866 7.801760, 2.025115 0.570866 7.657524, 2.209222 0.570866 7.499086, 2.380976 0.570866 7.327333, 2.539413 0.570866 7.143225, 2.683650 0.570866 6.947792, 2.812878 0.570866 6.742126, 2.926375 0.570866 6.527378, 3.023507 0.570866 6.304749, 3.103731 0.570866 6.075484, 3.166597 0.570866 5.840865, 3.211754 0.570866 5.602204, 3.238949 0.570866 5.360836, 3.248031 0.570866 5.118110, 3.247426 0.587048 5.118110, 3.245613 0.603139 5.118110, 3.242603 0.619050 5.118110, 3.238411 0.634691 5.118110, 3.233063 0.649975 5.118110, 3.226588 0.664817 5.118110, 3.219021 0.679134 5.118110, 3.210406 0.692845 5.118110, 3.200790 0.705874 5.118110, 3.190228 0.718148 5.118110, 3.178778 0.729598 5.118110, 3.166504 0.740160 5.118110, 3.153475 0.749776 5.118110, 3.139764 0.758391 5.118110, 3.125447 0.765958 5.118110, 3.110605 0.772433 5.118110, 3.095321 0.777782 5.118110, 3.079680 0.781973 5.118110, 3.063769 0.784983 5.118110, 3.047678 0.786796 5.118110, 3.031496 0.787402 5.118110, 3.023019 0.787402 4.891566, 2.997637 0.787402 4.666289, 2.955490 0.787402 4.443539, 2.896815 0.787402 4.224561, 2.821940 0.787402 4.010580, 2.731284 0.787402 3.802793, 2.625353 0.787402 3.602362, 2.504740 0.787402 3.410408, 2.370119 0.787402 3.228003, 2.222244 0.787402 3.056169, 2.061941 0.787402 2.895866, 1.890107 0.787402 2.747991, 1.707703 0.787402 2.613371, 1.515748 0.787402 2.492758, 1.315317 0.787402 2.386827, 1.107530 0.787402 2.296170, 0.893549 0.787402 2.221295, 0.674571 0.787402 2.162620, 0.451821 0.787402 2.120473, 0.226544 0.787402 2.095091, -0.000000 0.787402 2.086614, -0.226544 0.787402 2.095091, -0.451821 0.787402 2.120473, -0.674571 0.787402 2.162620, -0.893549 0.787402 2.221295, -1.107530 0.787402 2.296170, -1.315317 0.787402 2.386827, -1.515748 0.787402 2.492758, -1.707703 0.787402 2.613371, -1.890107 0.787402 2.747991, -2.061941 0.787402 2.895866, -2.222244 0.787402 3.056169, -2.370119 0.787402 3.228003, -2.504740 0.787402 3.410408, -2.625353 0.787402 3.602362, -2.731284 0.787402 3.802793, -2.821940 0.787402 4.010580, -2.896815 0.787402 4.224561, -2.955490 0.787402 4.443539, -2.997637 0.787402 4.666289, -3.023019 0.787402 4.891566, -3.031496 0.787402 5.118110, -3.023019 0.787402 5.344654, -2.997637 0.787402 5.569931, -2.955490 0.787402 5.792682, -2.896815 0.787402 6.011659, -2.821940 0.787402 6.225640, -2.731284 0.787402 6.433427, -2.625353 0.787402 6.633858, -2.504740 0.787402 6.825813, -2.370119 0.787402 7.008217, -2.222244 0.787402 7.180051, -2.061941 0.787402 7.340354, -1.890107 0.787402 7.488229, -1.707703 0.787402 7.622850, -1.515748 0.787402 7.743463, -1.315317 0.787402 7.849394, -1.107530 0.787402 7.940050, -0.893549 0.787402 8.014925, -0.674571 0.787402 8.073600, -0.451821 0.787402 8.115747, -0.226544 0.787402 8.141130, -0.000000 0.787402 8.149606, 0.226544 0.787402 8.141130, 0.451821 0.787402 8.115747, 0.674571 0.787402 8.073600, 0.893549 0.787402 8.014925, 1.107530 0.787402 7.940050, 1.315317 0.787402 7.849394, 1.515748 0.787402 7.743463, 1.707703 0.787402 7.622850, 1.890107 0.787402 7.488229, 2.061941 0.787402 7.340354, 2.222244 0.787402 7.180051, 2.370119 0.787402 7.008217, 2.504740 0.787402 6.825813, 2.625353 0.787402 6.633858, 2.731284 0.787402 6.433427, 2.821940 0.787402 6.225640, 2.896815 0.787402 6.011659, 2.955490 0.787402 5.792682, 2.997637 0.787402 5.569931, 3.023019 0.787402 5.344654, 3.238346 0.587048 4.875430, 3.236538 0.603139 4.875565, 3.233536 0.619050 4.875790, 3.229356 0.634691 4.876103, 3.224023 0.649975 4.876503, 3.217566 0.664817 4.876987, 3.210020 0.679134 4.877552, 3.201429 0.692845 4.878196, 3.191840 0.705874 4.878915, 3.181307 0.718148 4.879704, 3.169889 0.729598 4.880560, 3.157650 0.740160 4.881477, 3.144657 0.749776 4.882451, 3.130984 0.758391 4.883475, 3.116708 0.765958 4.884545, 3.211155 0.587048 4.634107, 3.101907 0.772433 4.885654, 3.209362 0.603139 4.634377, 3.086666 0.777782 4.886797, 3.206385 0.619050 4.634825, 3.071068 0.781973 4.887965, 3.202241 0.634691 4.635450, 3.055202 0.784983 4.889154, 3.196953 0.649975 4.636247, 3.039156 0.786796 4.890357, 3.190549 0.664817 4.637212, 3.183067 0.679134 4.638340, 3.174548 0.692845 4.639624, 3.165040 0.705874 4.641057, 3.154596 0.718148 4.642631, 3.143273 0.729598 4.644338, 3.131136 0.740160 4.646167, 3.118253 0.749776 4.648109, 3.104695 0.758391 4.650153, 3.090539 0.765958 4.652286, 3.166006 0.587048 4.395490, 3.075862 0.772433 4.654499, 3.164239 0.603139 4.395893, 3.060749 0.777782 4.656777, 3.161304 0.619050 4.396563, 3.045282 0.781973 4.659108, 3.157218 0.634691 4.397496, 3.029549 0.784983 4.661479, 3.152004 0.649975 4.398686, 3.013638 0.786796 4.663877, 3.145690 0.664817 4.400127, 3.138314 0.679134 4.401811, 3.129914 0.692845 4.403728, 3.120540 0.705874 4.405867, 3.110242 0.718148 4.408218, 3.099079 0.729598 4.410766, 3.087113 0.740160 4.413497, 3.074411 0.749776 4.416396, 3.061043 0.758391 4.419447, 3.047086 0.765958 4.422633, 3.103152 0.587048 4.160915, 3.032616 0.772433 4.425935, 3.101419 0.603139 4.161449, 3.017715 0.777782 4.429337, 3.098543 0.619050 4.162336, 3.002466 0.781973 4.432817, 3.094538 0.634691 4.163572, 2.986954 0.784983 4.436357, 3.089427 0.649975 4.165148, 2.971266 0.786796 4.439938, 3.083240 0.664817 4.167057, 3.076009 0.679134 4.169287, 3.067777 0.692845 4.171826, 3.058588 0.705874 4.174661, 3.048495 0.718148 4.177774, 3.037553 0.729598 4.181149, 3.025825 0.740160 4.184767, 3.013375 0.749776 4.188607, 3.000273 0.758391 4.192649, 2.986592 0.765958 4.196868, 3.022944 0.587048 3.931692, 2.972410 0.772433 4.201243, 3.021256 0.603139 3.932355, 2.957805 0.777782 4.205748, 3.018454 0.619050 3.933455, 2.942858 0.781973 4.210359, 3.014552 0.634691 3.934986, 2.927654 0.784983 4.215048, 3.009574 0.649975 3.936940, 2.912278 0.786796 4.219791, 3.003546 0.664817 3.939305, 2.996502 0.679134 3.942070, 2.988483 0.692845 3.945217, 2.979532 0.705874 3.948730, 2.969699 0.718148 3.952589, 2.959041 0.729598 3.956772, 2.947615 0.740160 3.961257, 2.935487 0.749776 3.966017, 2.922724 0.758391 3.971026, 2.909397 0.765958 3.976256, 2.925830 0.587048 3.709105, 2.895581 0.772433 3.981678, 2.924196 0.603139 3.709892, 2.881353 0.777782 3.987262, 2.921484 0.619050 3.711198, 2.866793 0.781973 3.992977, 2.917708 0.634691 3.713016, 2.851982 0.784983 3.998790, 2.912889 0.649975 3.715337, 2.837003 0.786796 4.004669, 2.907055 0.664817 3.718146, 2.900238 0.679134 3.721429, 2.892476 0.692845 3.725167, 2.883812 0.705874 3.729339, 2.874296 0.718148 3.733922, 2.863980 0.729598 3.738890, 2.852921 0.740160 3.744216, 2.841183 0.749776 3.749869, 2.828829 0.758391 3.755818, 2.815931 0.765958 3.762029, 2.812353 0.587048 3.494397, 2.802559 0.772433 3.768469, 2.810783 0.603139 3.495304, 2.788788 0.777782 3.775101, 2.808176 0.619050 3.496809, 2.774696 0.781973 3.781887, 2.804547 0.634691 3.498905, 2.760360 0.784983 3.788791, 2.799915 0.649975 3.501579, 2.745863 0.786796 3.795772, 2.794307 0.664817 3.504816, 2.787754 0.679134 3.508600, 2.780293 0.692845 3.512907, 2.771966 0.705874 3.517715, 2.762818 0.718148 3.522996, 2.752902 0.729598 3.528721, 2.742273 0.740160 3.534858, 2.730989 0.749776 3.541373, 2.719115 0.758391 3.548228, 2.706717 0.765958 3.555387, 2.683149 0.587048 3.288770, 2.693863 0.772433 3.562808, 2.681651 0.603139 3.289791, 2.680627 0.777782 3.570450, 2.679164 0.619050 3.291487, 2.667081 0.781973 3.578270, 2.675701 0.634691 3.293848, 2.653302 0.784983 3.586226, 2.671282 0.649975 3.296861, 2.639366 0.786796 3.594271, 2.665932 0.664817 3.300509, 2.659680 0.679134 3.304771, 2.652562 0.692845 3.309624, 2.644617 0.705874 3.315041, 2.635890 0.718148 3.320991, 2.626429 0.729598 3.327441, 2.616288 0.740160 3.334355, 2.605523 0.749776 3.341695, 2.594195 0.758391 3.349418, 2.582366 0.765958 3.357483, 2.538940 0.587048 3.093373, 2.570103 0.772433 3.365844, 2.537522 0.603139 3.094504, 2.557474 0.777782 3.374454, 2.535169 0.619050 3.096381, 2.544551 0.781973 3.383265, 2.531892 0.634691 3.098994, 2.531405 0.784983 3.392228, 2.527711 0.649975 3.102328, 2.518110 0.786796 3.401292, 2.522648 0.664817 3.106366, 2.516732 0.679134 3.111083, 2.509997 0.692845 3.116455, 2.502479 0.705874 3.122450, 2.494221 0.718148 3.129036, 2.485268 0.729598 3.136175, 2.475672 0.740160 3.143827, 2.465486 0.749776 3.151951, 2.454766 0.758391 3.160500, 2.443573 0.765958 3.169426, 2.380532 0.587048 2.909300, 2.431969 0.772433 3.178680, 2.379203 0.603139 2.910533, 2.420019 0.777782 3.188209, 2.376996 0.619050 2.912580, 2.407791 0.781973 3.197961, 2.373924 0.634691 2.915431, 2.395351 0.784983 3.207882, 2.370003 0.649975 2.919069, 2.382770 0.786796 3.217914, 2.365256 0.664817 2.923473, 2.359710 0.679134 2.928620, 2.353394 0.692845 2.934480, 2.346345 0.705874 2.941020, 2.338602 0.718148 2.948204, 2.330209 0.729598 2.955992, 2.321211 0.740160 2.964341, 2.311661 0.749776 2.973203, 2.301610 0.758391 2.982529, 2.291115 0.765958 2.992266, 2.208811 0.587048 2.737579, 2.280235 0.772433 3.002361, 2.207577 0.603139 2.738908, 2.269031 0.777782 3.012757, 2.205530 0.619050 2.741114, 2.257565 0.781973 3.023396, 2.202679 0.634691 2.744187, 2.245902 0.784983 3.034218, 2.199041 0.649975 2.748107, 2.234106 0.786796 3.045163, 2.194637 0.664817 2.752854, 2.189490 0.679134 2.758401, 2.183631 0.692845 2.764716, 2.177090 0.705874 2.771765, 2.169906 0.718148 2.779508, 2.162118 0.729598 2.787901, 2.153769 0.740160 2.796899, 2.144908 0.749776 2.806450, 2.135582 0.758391 2.816501, 2.125844 0.765958 2.826995, 2.024737 0.587048 2.579170, 2.115749 0.772433 2.837875, 2.023607 0.603139 2.580588, 2.105353 0.777782 2.849079, 2.021730 0.619050 2.582942, 2.094714 0.781973 2.860545, 2.019117 0.634691 2.586218, 2.083892 0.784983 2.872209, 2.015782 0.649975 2.590400, 2.072947 0.786796 2.884004, 2.011745 0.664817 2.595462, 2.007027 0.679134 2.601378, 2.001655 0.692845 2.608114, 1.995660 0.705874 2.615632, 1.989074 0.718148 2.623890, 1.981935 0.729598 2.632842, 1.974283 0.740160 2.642438, 1.966159 0.749776 2.652624, 1.957611 0.758391 2.663344, 1.948684 0.765958 2.674537, 1.829340 0.587048 2.434961, 1.939431 0.772433 2.686141, 1.828319 0.603139 2.436459, 1.929901 0.777782 2.698091, 1.826623 0.619050 2.438946, 1.920149 0.781973 2.710320, 1.824262 0.634691 2.442409, 1.910229 0.784983 2.722759, 1.821249 0.649975 2.446828, 1.900196 0.786796 2.735340, 1.817602 0.664817 2.452178, 1.813339 0.679134 2.458430, 1.808486 0.692845 2.465548, 1.803069 0.705874 2.473493, 1.797119 0.718148 2.482220, 1.790669 0.729598 2.491681, 1.783755 0.740160 2.501822, 1.776416 0.749776 2.512587, 1.768692 0.758391 2.523916, 1.760627 0.765958 2.535745, 1.623713 0.587048 2.305757, 1.752266 0.772433 2.548007, 1.622806 0.603139 2.307327, 1.743656 0.777782 2.560636, 1.621301 0.619050 2.309934, 1.734845 0.781973 2.573559, 1.619206 0.634691 2.313564, 1.725883 0.784983 2.586705, 1.616532 0.649975 2.318195, 1.716818 0.786796 2.600001, 1.613294 0.664817 2.323803, 1.609511 0.679134 2.330356, 1.605203 0.692845 2.337817, 1.600395 0.705874 2.346145, 1.595114 0.718148 2.355292, 1.589389 0.729598 2.365208, 1.583252 0.740160 2.375838, 1.576737 0.749776 2.387121, 1.569882 0.758391 2.398995, 1.562724 0.765958 2.411394, 1.409005 0.587048 2.192280, 1.555303 0.772433 2.424247, 1.408219 0.603139 2.193914, 1.547661 0.777782 2.437484, 1.406912 0.619050 2.196626, 1.539840 0.781973 2.451029, 1.405094 0.634691 2.200402, 1.531884 0.784983 2.464808, 1.402774 0.649975 2.205221, 1.523839 0.786796 2.478744, 1.399964 0.664817 2.211055, 1.396681 0.679134 2.217872, 1.392943 0.692845 2.225634, 1.388771 0.705874 2.234298, 1.384188 0.718148 2.243814, 1.379220 0.729598 2.254131, 1.373894 0.740160 2.265189, 1.368241 0.749776 2.276928, 1.362292 0.758391 2.289281, 1.356081 0.765958 2.302180, 1.186418 0.587048 2.095167, 1.349641 0.772433 2.315552, 1.185756 0.603139 2.096854, 1.343009 0.777782 2.329322, 1.184656 0.619050 2.099657, 1.336223 0.781973 2.343415, 1.183125 0.634691 2.103558, 1.329320 0.784983 2.357750, 1.181171 0.649975 2.108537, 1.322338 0.786796 2.372247, 1.178805 0.664817 2.114564, 1.176041 0.679134 2.121608, 1.172893 0.692845 2.129628, 1.169380 0.705874 2.138579, 1.165521 0.718148 2.148411, 1.161338 0.729598 2.159070, 1.156854 0.740160 2.170495, 1.152094 0.749776 2.182623, 1.147085 0.758391 2.195387, 1.141854 0.765958 2.208713, 0.957196 0.587048 2.014958, 1.136432 0.772433 2.222529, 0.956661 0.603139 2.016691, 1.130848 0.777782 2.236757, 0.955774 0.619050 2.019567, 1.125133 0.781973 2.251317, 0.954539 0.634691 2.023572, 1.119321 0.784983 2.266128, 0.952962 0.649975 2.028683, 1.113442 0.786796 2.281107, 0.951053 0.664817 2.034871, 0.948823 0.679134 2.042101, 0.946284 0.692845 2.050334, 0.943449 0.705874 2.059522, 0.940336 0.718148 2.069615, 0.936961 0.729598 2.080557, 0.933343 0.740160 2.092285, 0.929503 0.749776 2.104735, 0.925462 0.758391 2.117837, 0.921242 0.765958 2.131518, 0.722620 0.587048 1.952104, 0.916867 0.772433 2.145700, 0.722217 0.603139 1.953872, 0.912362 0.777782 2.160306, 0.721547 0.619050 1.956807, 0.907752 0.781973 2.175252, 0.720614 0.634691 1.960893, 0.903062 0.784983 2.190456, 0.719424 0.649975 1.966107, 0.898319 0.786796 2.205832, 0.717983 0.664817 1.972420, 0.716300 0.679134 1.979797, 0.714383 0.692845 1.988196, 0.712243 0.705874 1.997570, 0.709892 0.718148 2.007868, 0.707345 0.729598 2.019031, 0.704613 0.740160 2.030997, 0.701714 0.749776 2.043700, 0.698663 0.758391 2.057067, 0.695477 0.765958 2.071024, 0.484004 0.587048 1.906955, 0.692175 0.772433 2.085494, 0.483734 0.603139 1.908748, 0.688774 0.777782 2.100395, 0.483285 0.619050 1.911725, 0.685293 0.781973 2.115645, 0.482660 0.634691 1.915869, 0.681753 0.784983 2.131156, 0.481863 0.649975 1.921158, 0.678172 0.786796 2.146844, 0.480898 0.664817 1.927561, 0.479770 0.679134 1.935043, 0.478486 0.692845 1.943562, 0.477053 0.705874 1.953070, 0.475479 0.718148 1.963515, 0.473772 0.729598 1.974837, 0.471943 0.740160 1.986974, 0.470001 0.749776 1.999857, 0.467958 0.758391 2.013415, 0.465824 0.765958 2.027572, 0.242680 0.587048 1.879765, 0.463612 0.772433 2.042248, 0.242545 0.603139 1.881573, 0.461334 0.777782 2.057361, 0.242320 0.619050 1.884575, 0.459002 0.781973 2.072828, 0.242007 0.634691 1.888754, 0.456631 0.784983 2.088561, 0.241607 0.649975 1.894087, 0.454233 0.786796 2.104473, 0.241123 0.664817 1.900545, 0.240558 0.679134 1.908090, 0.239914 0.692845 1.916681, 0.239195 0.705874 1.926270, 0.238406 0.718148 1.936803, 0.237550 0.729598 1.948221, 0.236633 0.740160 1.960461, 0.235659 0.749776 1.973453, 0.234635 0.758391 1.987126, 0.233565 0.765958 2.001402, -0.000000 0.587048 1.870684, 0.232456 0.772433 2.016203, -0.000000 0.603139 1.872497, 0.231314 0.777782 2.031444, -0.000000 0.619050 1.875508, 0.230145 0.781973 2.047042, -0.000000 0.634691 1.879699, 0.228956 0.784983 2.062908, -0.000000 0.649975 1.885047, 0.227753 0.786796 2.078954, -0.000000 0.664817 1.891522, -0.000000 0.679134 1.899089, -0.000000 0.692845 1.907704, -0.000000 0.705874 1.917320, -0.000000 0.718148 1.927882, -0.000000 0.729598 1.939333, -0.000000 0.740160 1.951607, -0.000000 0.749776 1.964635, -0.000000 0.758391 1.978346, -0.000000 0.765958 1.992663, -0.242680 0.587048 1.879765, -0.000000 0.772433 2.007505, -0.242545 0.603139 1.881573, -0.000000 0.777782 2.022789, -0.242320 0.619050 1.884575, -0.000000 0.781973 2.038431, -0.242007 0.634691 1.888754, -0.000000 0.784983 2.054341, -0.241607 0.649975 1.894087, -0.000000 0.786796 2.070432, -0.241123 0.664817 1.900545, -0.240558 0.679134 1.908090, -0.239914 0.692845 1.916681, -0.239195 0.705874 1.926270, -0.238406 0.718148 1.936803, -0.237550 0.729598 1.948221, -0.236633 0.740160 1.960461, -0.235659 0.749776 1.973453, -0.234635 0.758391 1.987126, -0.233565 0.765958 2.001402, -0.484004 0.587048 1.906955, -0.232456 0.772433 2.016203, -0.483734 0.603139 1.908748, -0.231314 0.777782 2.031444, -0.483285 0.619050 1.911725, -0.230145 0.781973 2.047042, -0.482660 0.634691 1.915869, -0.228956 0.784983 2.062908, -0.481863 0.649975 1.921158, -0.227753 0.786796 2.078954, -0.480898 0.664817 1.927561, -0.479770 0.679134 1.935043, -0.478486 0.692845 1.943562, -0.477053 0.705874 1.953070, -0.475479 0.718148 1.963515, -0.473772 0.729598 1.974837, -0.471943 0.740160 1.986974, -0.470001 0.749776 1.999857, -0.467958 0.758391 2.013415, -0.465824 0.765958 2.027572, -0.722620 0.587048 1.952104, -0.463612 0.772433 2.042248, -0.722217 0.603139 1.953872, -0.461334 0.777782 2.057361, -0.721547 0.619050 1.956807, -0.459002 0.781973 2.072828, -0.720614 0.634691 1.960893, -0.456631 0.784983 2.088561, -0.719424 0.649975 1.966107, -0.454233 0.786796 2.104473, -0.717983 0.664817 1.972420, -0.716300 0.679134 1.979797, -0.714383 0.692845 1.988196, -0.712243 0.705874 1.997570, -0.709892 0.718148 2.007868, -0.707345 0.729598 2.019031, -0.704613 0.740160 2.030997, -0.701714 0.749776 2.043700, -0.698663 0.758391 2.057067, -0.695477 0.765958 2.071024, -0.957196 0.587048 2.014958, -0.692175 0.772433 2.085494, -0.956661 0.603139 2.016691, -0.688774 0.777782 2.100395, -0.955774 0.619050 2.019567, -0.685293 0.781973 2.115645, -0.954539 0.634691 2.023572, -0.681753 0.784983 2.131156, -0.952962 0.649975 2.028683, -0.678172 0.786796 2.146844, -0.951053 0.664817 2.034871, -0.948823 0.679134 2.042101, -0.946284 0.692845 2.050334, -0.943449 0.705874 2.059522, -0.940336 0.718148 2.069615, -0.936961 0.729598 2.080557, -0.933343 0.740160 2.092285, -0.929503 0.749776 2.104735, -0.925462 0.758391 2.117837, -0.921242 0.765958 2.131518, -1.186418 0.587048 2.095167, -0.916867 0.772433 2.145700, -1.185756 0.603139 2.096854, -0.912362 0.777782 2.160306, -1.184656 0.619050 2.099657, -0.907752 0.781973 2.175252, -1.183125 0.634691 2.103558, -0.903062 0.784983 2.190456, -1.181171 0.649975 2.108537, -0.898319 0.786796 2.205832, -1.178805 0.664817 2.114564, -1.176041 0.679134 2.121608, -1.172893 0.692845 2.129628, -1.169380 0.705874 2.138579, -1.165521 0.718148 2.148411, -1.161338 0.729598 2.159070, -1.156854 0.740160 2.170495, -1.152094 0.749776 2.182623, -1.147085 0.758391 2.195387, -1.141854 0.765958 2.208713, -1.409005 0.587048 2.192280, -1.136432 0.772433 2.222529, -1.408219 0.603139 2.193914, -1.130848 0.777782 2.236757, -1.406912 0.619050 2.196626, -1.125133 0.781973 2.251317, -1.405094 0.634691 2.200402, -1.119321 0.784983 2.266128, -1.402774 0.649975 2.205221, -1.113442 0.786796 2.281107, -1.399964 0.664817 2.211055, -1.396681 0.679134 2.217872, -1.392943 0.692845 2.225634, -1.388771 0.705874 2.234298, -1.384188 0.718148 2.243814, -1.379220 0.729598 2.254131, -1.373894 0.740160 2.265189, -1.368241 0.749776 2.276928, -1.362292 0.758391 2.289281, -1.356081 0.765958 2.302180, -1.623713 0.587048 2.305757, -1.349641 0.772433 2.315552, -1.622806 0.603139 2.307327, -1.343009 0.777782 2.329322, -1.621301 0.619050 2.309934, -1.336223 0.781973 2.343415, -1.619206 0.634691 2.313564, -1.329320 0.784983 2.357750, -1.616532 0.649975 2.318195, -1.322338 0.786796 2.372247, -1.613294 0.664817 2.323803, -1.609511 0.679134 2.330356, -1.605203 0.692845 2.337817, -1.600395 0.705874 2.346145, -1.595114 0.718148 2.355292, -1.589389 0.729598 2.365208, -1.583252 0.740160 2.375838, -1.576737 0.749776 2.387121, -1.569882 0.758391 2.398995, -1.562724 0.765958 2.411394, -1.829340 0.587048 2.434961, -1.555303 0.772433 2.424247, -1.828319 0.603139 2.436459, -1.547661 0.777782 2.437484, -1.826623 0.619050 2.438946, -1.539840 0.781973 2.451029, -1.824262 0.634691 2.442409, -1.531884 0.784983 2.464808, -1.821249 0.649975 2.446828, -1.523839 0.786796 2.478744, -1.817602 0.664817 2.452178, -1.813339 0.679134 2.458430, -1.808486 0.692845 2.465548, -1.803069 0.705874 2.473493, -1.797119 0.718148 2.482220, -1.790669 0.729598 2.491681, -1.783755 0.740160 2.501822, -1.776416 0.749776 2.512587, -1.768692 0.758391 2.523916, -1.760627 0.765958 2.535745, -2.024737 0.587048 2.579170, -1.752266 0.772433 2.548007, -2.023607 0.603139 2.580588, -1.743656 0.777782 2.560636, -2.021730 0.619050 2.582942, -1.734845 0.781973 2.573559, -2.019117 0.634691 2.586218, -1.725883 0.784983 2.586705, -2.015782 0.649975 2.590400, -1.716818 0.786796 2.600001, -2.011745 0.664817 2.595462, -2.007027 0.679134 2.601378, -2.001655 0.692845 2.608114, -1.995660 0.705874 2.615632, -1.989074 0.718148 2.623890, -1.981935 0.729598 2.632842, -1.974283 0.740160 2.642438, -1.966159 0.749776 2.652624, -1.957611 0.758391 2.663344, -1.948684 0.765958 2.674537, -2.208811 0.587048 2.737579, -1.939431 0.772433 2.686141, -2.207577 0.603139 2.738908, -1.929901 0.777782 2.698091, -2.205530 0.619050 2.741114, -1.920149 0.781973 2.710320, -2.202679 0.634691 2.744187, -1.910229 0.784983 2.722759, -2.199041 0.649975 2.748107, -1.900196 0.786796 2.735340, -2.194637 0.664817 2.752854, -2.189490 0.679134 2.758401, -2.183631 0.692845 2.764716, -2.177090 0.705874 2.771765, -2.169906 0.718148 2.779508, -2.162118 0.729598 2.787901, -2.153769 0.740160 2.796899, -2.144908 0.749776 2.806450, -2.135582 0.758391 2.816501, -2.125844 0.765958 2.826995, -2.380532 0.587048 2.909300, -2.115749 0.772433 2.837875, -2.379203 0.603139 2.910533, -2.105353 0.777782 2.849079, -2.376996 0.619050 2.912580, -2.094714 0.781973 2.860545, -2.373924 0.634691 2.915431, -2.083892 0.784983 2.872209, -2.370003 0.649975 2.919069, -2.072947 0.786796 2.884004, -2.365256 0.664817 2.923473, -2.359710 0.679134 2.928620, -2.353394 0.692845 2.934480, -2.346345 0.705874 2.941020, -2.338602 0.718148 2.948204, -2.330209 0.729598 2.955992, -2.321211 0.740160 2.964341, -2.311661 0.749776 2.973203, -2.301610 0.758391 2.982529, -2.291115 0.765958 2.992266, -2.538940 0.587048 3.093373, -2.280235 0.772433 3.002361, -2.537522 0.603139 3.094504, -2.269031 0.777782 3.012757, -2.535169 0.619050 3.096381, -2.257565 0.781973 3.023396, -2.531892 0.634691 3.098994, -2.245902 0.784983 3.034218, -2.527711 0.649975 3.102328, -2.234106 0.786796 3.045163, -2.522648 0.664817 3.106366, -2.516732 0.679134 3.111083, -2.509997 0.692845 3.116455, -2.502479 0.705874 3.122450, -2.494221 0.718148 3.129036, -2.485268 0.729598 3.136175, -2.475672 0.740160 3.143827, -2.465486 0.749776 3.151951, -2.454766 0.758391 3.160500, -2.443573 0.765958 3.169426, -2.683149 0.587048 3.288770, -2.431969 0.772433 3.178680, -2.681651 0.603139 3.289791, -2.420019 0.777782 3.188209, -2.679164 0.619050 3.291487, -2.407791 0.781973 3.197961, -2.675701 0.634691 3.293848, -2.395351 0.784983 3.207882, -2.671282 0.649975 3.296861, -2.382770 0.786796 3.217914, -2.665932 0.664817 3.300509, -2.659680 0.679134 3.304771, -2.652562 0.692845 3.309624, -2.644617 0.705874 3.315041, -2.635890 0.718148 3.320991, -2.626429 0.729598 3.327441, -2.616288 0.740160 3.334355, -2.605523 0.749776 3.341695, -2.594195 0.758391 3.349418, -2.582366 0.765958 3.357483, -2.812353 0.587048 3.494397, -2.570103 0.772433 3.365844, -2.810783 0.603139 3.495304, -2.557474 0.777782 3.374454, -2.808176 0.619050 3.496809, -2.544551 0.781973 3.383265, -2.804547 0.634691 3.498905, -2.531405 0.784983 3.392228, -2.799915 0.649975 3.501579, -2.518110 0.786796 3.401292, -2.794307 0.664817 3.504816, -2.787754 0.679134 3.508600, -2.780293 0.692845 3.512907, -2.771966 0.705874 3.517715, -2.762818 0.718148 3.522996, -2.752902 0.729598 3.528721, -2.742273 0.740160 3.534858, -2.730989 0.749776 3.541373, -2.719115 0.758391 3.548228, -2.706717 0.765958 3.555387, -2.925830 0.587048 3.709105, -2.693863 0.772433 3.562808, -2.924196 0.603139 3.709892, -2.680627 0.777782 3.570450, -2.921484 0.619050 3.711198, -2.667081 0.781973 3.578270, -2.917708 0.634691 3.713016, -2.653302 0.784983 3.586226, -2.912889 0.649975 3.715337, -2.639366 0.786796 3.594271, -2.907055 0.664817 3.718146, -2.900238 0.679134 3.721429, -2.892476 0.692845 3.725167, -2.883812 0.705874 3.729339, -2.874296 0.718148 3.733922, -2.863980 0.729598 3.738890, -2.852921 0.740160 3.744216, -2.841183 0.749776 3.749869, -2.828829 0.758391 3.755818, -2.815931 0.765958 3.762029, -3.022944 0.587048 3.931692, -2.802559 0.772433 3.768469, -3.021256 0.603139 3.932355, -2.788788 0.777782 3.775101, -3.018454 0.619050 3.933455, -2.774696 0.781973 3.781887, -3.014552 0.634691 3.934986, -2.760360 0.784983 3.788791, -3.009574 0.649975 3.936940, -2.745863 0.786796 3.795772, -3.003546 0.664817 3.939305, -2.996502 0.679134 3.942070, -2.988483 0.692845 3.945217, -2.979532 0.705874 3.948730, -2.969699 0.718148 3.952589, -2.959041 0.729598 3.956772, -2.947615 0.740160 3.961257, -2.935487 0.749776 3.966017, -2.922724 0.758391 3.971026, -2.909397 0.765958 3.976256, -3.103152 0.587048 4.160915, -2.895581 0.772433 3.981678, -3.101419 0.603139 4.161449, -2.881353 0.777782 3.987262, -3.098543 0.619050 4.162336, -2.866793 0.781973 3.992977, -3.094538 0.634691 4.163572, -2.851982 0.784983 3.998790, -3.089427 0.649975 4.165148, -2.837003 0.786796 4.004669, -3.083240 0.664817 4.167057, -3.076009 0.679134 4.169287, -3.067777 0.692845 4.171826, -3.058588 0.705874 4.174661, -3.048495 0.718148 4.177774, -3.037553 0.729598 4.181149, -3.025825 0.740160 4.184767, -3.013375 0.749776 4.188607, -3.000273 0.758391 4.192649, -2.986592 0.765958 4.196868, -3.166006 0.587048 4.395490, -2.972410 0.772433 4.201243, -3.164239 0.603139 4.395893, -2.957805 0.777782 4.205748, -3.161304 0.619050 4.396563, -2.942858 0.781973 4.210359, -3.157218 0.634691 4.397496, -2.927654 0.784983 4.215048, -3.152004 0.649975 4.398686, -2.912278 0.786796 4.219791, -3.145690 0.664817 4.400127, -3.138314 0.679134 4.401811, -3.129914 0.692845 4.403728, -3.120540 0.705874 4.405867, -3.110242 0.718148 4.408218, -3.099079 0.729598 4.410766, -3.087113 0.740160 4.413497, -3.074411 0.749776 4.416396, -3.061043 0.758391 4.419447, -3.047086 0.765958 4.422633, -3.211155 0.587048 4.634107, -3.032616 0.772433 4.425935, -3.209362 0.603139 4.634377, -3.017715 0.777782 4.429337, -3.206385 0.619050 4.634825, -3.002466 0.781973 4.432817, -3.202241 0.634691 4.635450, -2.986954 0.784983 4.436357, -3.196953 0.649975 4.636247, -2.971266 0.786796 4.439938, -3.190549 0.664817 4.637212, -3.183067 0.679134 4.638340, -3.174548 0.692845 4.639624, -3.165040 0.705874 4.641057, -3.154596 0.718148 4.642631, -3.143273 0.729598 4.644338, -3.131136 0.740160 4.646167, -3.118253 0.749776 4.648109, -3.104695 0.758391 4.650153, -3.090539 0.765958 4.652286, -3.238346 0.587048 4.875430, -3.075862 0.772433 4.654499, -3.236538 0.603139 4.875565, -3.060749 0.777782 4.656777, -3.233536 0.619050 4.875790, -3.045282 0.781973 4.659108, -3.229356 0.634691 4.876103, -3.029549 0.784983 4.661479, -3.224023 0.649975 4.876503, -3.013638 0.786796 4.663877, -3.217566 0.664817 4.876987, -3.210020 0.679134 4.877552, -3.201429 0.692845 4.878196, -3.191840 0.705874 4.878915, -3.181307 0.718148 4.879704, -3.169889 0.729598 4.880560, -3.157650 0.740160 4.881477, -3.144657 0.749776 4.882451, -3.130984 0.758391 4.883475, -3.116708 0.765958 4.884545, -3.247426 0.587048 5.118110, -3.101907 0.772433 4.885654, -3.245613 0.603139 5.118110, -3.086666 0.777782 4.886797, -3.242603 0.619050 5.118110, -3.071068 0.781973 4.887965, -3.238411 0.634691 5.118110, -3.055202 0.784983 4.889154, -3.233063 0.649975 5.118110, -3.039156 0.786796 4.890357, -3.226588 0.664817 5.118110, -3.219021 0.679134 5.118110, -3.210406 0.692845 5.118110, -3.200790 0.705874 5.118110, -3.190228 0.718148 5.118110, -3.178778 0.729598 5.118110, -3.166504 0.740160 5.118110, -3.153475 0.749776 5.118110, -3.139764 0.758391 5.118110, -3.125447 0.765958 5.118110, -3.238346 0.587048 5.360791, -3.110605 0.772433 5.118110, -3.236538 0.603139 5.360655, -3.095321 0.777782 5.118110, -3.233536 0.619050 5.360430, -3.079680 0.781973 5.118110, -3.229356 0.634691 5.360117, -3.063769 0.784983 5.118110, -3.224023 0.649975 5.359717, -3.047678 0.786796 5.118110, -3.217566 0.664817 5.359233, -3.210020 0.679134 5.358668, -3.201429 0.692845 5.358024, -3.191840 0.705874 5.357306, -3.181307 0.718148 5.356516, -3.169889 0.729598 5.355661, -3.157650 0.740160 5.354743, -3.144657 0.749776 5.353770, -3.130984 0.758391 5.352745, -3.116708 0.765958 5.351675, -3.211155 0.587048 5.602114, -3.101907 0.772433 5.350566, -3.209362 0.603139 5.601844, -3.086666 0.777782 5.349424, -3.206385 0.619050 5.601395, -3.071068 0.781973 5.348255, -3.202241 0.634691 5.600770, -3.055202 0.784983 5.347066, -3.196953 0.649975 5.599973, -3.039156 0.786796 5.345863, -3.190549 0.664817 5.599008, -3.183067 0.679134 5.597880, -3.174548 0.692845 5.596596, -3.165040 0.705874 5.595163, -3.154596 0.718148 5.593589, -3.143273 0.729598 5.591882, -3.131136 0.740160 5.590053, -3.118253 0.749776 5.588111, -3.104695 0.758391 5.586068, -3.090539 0.765958 5.583934, -3.166006 0.587048 5.840731, -3.075862 0.772433 5.581722, -3.164239 0.603139 5.840327, -3.060749 0.777782 5.579444, -3.161304 0.619050 5.839657, -3.045282 0.781973 5.577113, -3.157218 0.634691 5.838725, -3.029549 0.784983 5.574741, -3.152004 0.649975 5.837534, -3.013638 0.786796 5.572343, -3.145690 0.664817 5.836094, -3.138314 0.679134 5.834410, -3.129914 0.692845 5.832493, -3.120540 0.705874 5.830353, -3.110242 0.718148 5.828003, -3.099079 0.729598 5.825455, -3.087113 0.740160 5.822724, -3.074411 0.749776 5.819824, -3.061043 0.758391 5.816773, -3.047086 0.765958 5.813588, -3.103152 0.587048 6.075306, -3.032616 0.772433 5.810285, -3.101419 0.603139 6.074771, -3.017715 0.777782 5.806884, -3.098543 0.619050 6.073884, -3.002466 0.781973 5.803403, -3.094538 0.634691 6.072649, -2.986954 0.784983 5.799863, -3.089427 0.649975 6.071072, -2.971266 0.786796 5.796282, -3.083240 0.664817 6.069164, -3.076009 0.679134 6.066933, -3.067777 0.692845 6.064394, -3.058588 0.705874 6.061560, -3.048495 0.718148 6.058446, -3.037553 0.729598 6.055071, -3.025825 0.740160 6.051454, -3.013375 0.749776 6.047613, -3.000273 0.758391 6.043572, -2.986592 0.765958 6.039352, -3.022944 0.587048 6.304528, -2.972410 0.772433 6.034977, -3.021256 0.603139 6.303866, -2.957805 0.777782 6.030472, -3.018454 0.619050 6.302766, -2.942858 0.781973 6.025862, -3.014552 0.634691 6.301235, -2.927654 0.784983 6.021172, -3.009574 0.649975 6.299281, -2.912278 0.786796 6.016429, -3.003546 0.664817 6.296915, -2.996502 0.679134 6.294151, -2.988483 0.692845 6.291003, -2.979532 0.705874 6.287490, -2.969699 0.718148 6.283631, -2.959041 0.729598 6.279448, -2.947615 0.740160 6.274964, -2.935487 0.749776 6.270204, -2.922724 0.758391 6.265195, -2.909397 0.765958 6.259964, -2.925830 0.587048 6.527116, -2.895581 0.772433 6.254542, -2.924196 0.603139 6.526329, -2.881353 0.777782 6.248958, -2.921484 0.619050 6.525023, -2.866793 0.781973 6.243244, -2.917708 0.634691 6.523204, -2.851982 0.784983 6.237431, -2.912889 0.649975 6.520884, -2.837003 0.786796 6.231552, -2.907055 0.664817 6.518074, -2.900238 0.679134 6.514791, -2.892476 0.692845 6.511053, -2.883812 0.705874 6.506881, -2.874296 0.718148 6.502298, -2.863980 0.729598 6.497330, -2.852921 0.740160 6.492005, -2.841183 0.749776 6.486352, -2.828829 0.758391 6.480403, -2.815931 0.765958 6.474191, -2.812353 0.587048 6.741823, -2.802559 0.772433 6.467751, -2.810783 0.603139 6.740917, -2.788788 0.777782 6.461120, -2.808176 0.619050 6.739411, -2.774696 0.781973 6.454333, -2.804547 0.634691 6.737316, -2.760360 0.784983 6.447430, -2.799915 0.649975 6.734642, -2.745863 0.786796 6.440448, -2.794307 0.664817 6.731404, -2.787754 0.679134 6.727621, -2.780293 0.692845 6.723313, -2.771966 0.705874 6.718505, -2.762818 0.718148 6.713224, -2.752902 0.729598 6.707499, -2.742273 0.740160 6.701362, -2.730989 0.749776 6.694848, -2.719115 0.758391 6.687992, -2.706717 0.765958 6.680834, -2.683149 0.587048 6.947450, -2.693863 0.772433 6.673413, -2.681651 0.603139 6.946429, -2.680627 0.777782 6.665771, -2.679164 0.619050 6.944733, -2.667081 0.781973 6.657950, -2.675701 0.634691 6.942372, -2.653302 0.784983 6.649995, -2.671282 0.649975 6.939360, -2.639366 0.786796 6.641949, -2.665932 0.664817 6.935712, -2.659680 0.679134 6.931449, -2.652562 0.692845 6.926596, -2.644617 0.705874 6.921180, -2.635890 0.718148 6.915230, -2.626429 0.729598 6.908779, -2.616288 0.740160 6.901865, -2.605523 0.749776 6.894526, -2.594195 0.758391 6.886802, -2.582366 0.765958 6.878737, -2.538940 0.587048 7.142847, -2.570103 0.772433 6.870377, -2.537522 0.603139 7.141717, -2.557474 0.777782 6.861767, -2.535169 0.619050 7.139840, -2.544551 0.781973 6.852956, -2.531892 0.634691 7.137227, -2.531405 0.784983 6.843993, -2.527711 0.649975 7.133892, -2.518110 0.786796 6.834928, -2.522648 0.664817 7.129855, -2.516732 0.679134 7.125137, -2.509997 0.692845 7.119766, -2.502479 0.705874 7.113770, -2.494221 0.718148 7.107185, -2.485268 0.729598 7.100046, -2.475672 0.740160 7.092393, -2.465486 0.749776 7.084270, -2.454766 0.758391 7.075721, -2.443573 0.765958 7.066795, -2.380532 0.587048 7.326921, -2.431969 0.772433 7.057541, -2.379203 0.603139 7.325688, -2.420019 0.777782 7.048011, -2.376996 0.619050 7.323640, -2.407791 0.781973 7.038259, -2.373924 0.634691 7.320789, -2.395351 0.784983 7.028339, -2.370003 0.649975 7.317152, -2.382770 0.786796 7.018306, -2.365256 0.664817 7.312747, -2.359710 0.679134 7.307601, -2.353394 0.692845 7.301741, -2.346345 0.705874 7.295201, -2.338602 0.718148 7.288016, -2.330209 0.729598 7.280228, -2.321211 0.740160 7.271880, -2.311661 0.749776 7.263018, -2.301610 0.758391 7.253692, -2.291115 0.765958 7.243954, -2.208811 0.587048 7.498642, -2.280235 0.772433 7.233859, -2.207577 0.603139 7.497313, -2.269031 0.777782 7.223463, -2.205530 0.619050 7.495106, -2.257565 0.781973 7.212824, -2.202679 0.634691 7.492034, -2.245902 0.784983 7.202002, -2.199041 0.649975 7.488113, -2.234106 0.786796 7.191058, -2.194637 0.664817 7.483366, -2.189490 0.679134 7.477820, -2.183631 0.692845 7.471504, -2.177090 0.705874 7.464456, -2.169906 0.718148 7.456713, -2.162118 0.729598 7.448319, -2.153769 0.740160 7.439322, -2.144908 0.749776 7.429771, -2.135582 0.758391 7.419720, -2.125844 0.765958 7.409225, -2.024737 0.587048 7.657050, -2.115749 0.772433 7.398345, -2.023607 0.603139 7.655633, -2.105353 0.777782 7.387141, -2.021730 0.619050 7.653279, -2.094714 0.781973 7.375675, -2.019117 0.634691 7.650002, -2.083892 0.784983 7.364012, -2.015782 0.649975 7.645821, -2.072947 0.786796 7.352216, -2.011745 0.664817 7.640758, -2.007027 0.679134 7.634842, -2.001655 0.692845 7.628107, -1.995660 0.705874 7.620589, -1.989074 0.718148 7.612331, -1.981935 0.729598 7.603379, -1.974283 0.740160 7.593783, -1.966159 0.749776 7.583596, -1.957611 0.758391 7.572876, -1.948684 0.765958 7.561683, -1.829340 0.587048 7.801260, -1.939431 0.772433 7.550079, -1.828319 0.603139 7.799762, -1.929901 0.777782 7.538130, -1.826623 0.619050 7.797274, -1.920149 0.781973 7.525901, -1.824262 0.634691 7.793811, -1.910229 0.784983 7.513461, -1.821249 0.649975 7.789392, -1.900196 0.786796 7.500881, -1.817602 0.664817 7.784042, -1.813339 0.679134 7.777790, -1.808486 0.692845 7.770672, -1.803069 0.705874 7.762727, -1.797119 0.718148 7.754000, -1.790669 0.729598 7.744540, -1.783755 0.740160 7.734398, -1.776416 0.749776 7.723633, -1.768692 0.758391 7.712305, -1.760627 0.765958 7.700476, -1.623713 0.587048 7.930464, -1.752266 0.772433 7.688213, -1.622806 0.603139 7.928894, -1.743656 0.777782 7.675584, -1.621301 0.619050 7.926286, -1.734845 0.781973 7.662661, -1.619206 0.634691 7.922657, -1.725883 0.784983 7.649515, -1.616532 0.649975 7.918025, -1.716818 0.786796 7.636220, -1.613294 0.664817 7.912417, -1.609511 0.679134 7.905864, -1.605203 0.692845 7.898403, -1.600395 0.705874 7.890076, -1.595114 0.718148 7.880929, -1.589389 0.729598 7.871012, -1.583252 0.740160 7.860383, -1.576737 0.749776 7.849100, -1.569882 0.758391 7.837225, -1.562724 0.765958 7.824827, -1.409005 0.587048 8.043940, -1.555303 0.772433 7.811973, -1.408219 0.603139 8.042306, -1.547661 0.777782 7.798737, -1.406912 0.619050 8.039594, -1.539840 0.781973 7.785191, -1.405094 0.634691 8.035818, -1.531884 0.784983 7.771412, -1.402774 0.649975 8.031000, -1.523839 0.786796 7.757477, -1.399964 0.664817 8.025165, -1.396681 0.679134 8.018348, -1.392943 0.692845 8.010586, -1.388771 0.705874 8.001923, -1.384188 0.718148 7.992406, -1.379220 0.729598 7.982090, -1.373894 0.740160 7.971031, -1.368241 0.749776 7.959293, -1.362292 0.758391 7.946940, -1.356081 0.765958 7.934041, -1.186418 0.587048 8.141054, -1.349641 0.772433 7.920669, -1.185756 0.603139 8.139366, -1.343009 0.777782 7.906898, -1.184656 0.619050 8.136564, -1.336223 0.781973 7.892806, -1.183125 0.634691 8.132662, -1.329320 0.784983 7.878471, -1.181171 0.649975 8.127684, -1.322338 0.786796 7.863973, -1.178805 0.664817 8.121656, -1.176041 0.679134 8.114613, -1.172893 0.692845 8.106593, -1.169380 0.705874 8.097642, -1.165521 0.718148 8.087810, -1.161338 0.729598 8.077151, -1.156854 0.740160 8.065725, -1.152094 0.749776 8.053597, -1.147085 0.758391 8.040834, -1.141854 0.765958 8.027507, -0.957196 0.587048 8.221262, -1.136432 0.772433 8.013691, -0.956661 0.603139 8.219530, -1.130848 0.777782 7.999463, -0.955774 0.619050 8.216653, -1.125133 0.781973 7.984903, -0.954539 0.634691 8.212648, -1.119321 0.784983 7.970092, -0.952962 0.649975 8.207538, -1.113442 0.786796 7.955113, -0.951053 0.664817 8.201350, -0.948823 0.679134 8.194119, -0.946284 0.692845 8.185887, -0.943449 0.705874 8.176698, -0.940336 0.718148 8.166605, -0.936961 0.729598 8.155664, -0.933343 0.740160 8.143935, -0.929503 0.749776 8.131485, -0.925462 0.758391 8.118383, -0.921242 0.765958 8.104703, -0.722620 0.587048 8.284117, -0.916867 0.772433 8.090520, -0.722217 0.603139 8.282349, -0.912362 0.777782 8.075915, -0.721547 0.619050 8.279414, -0.907752 0.781973 8.060968, -0.720614 0.634691 8.275328, -0.903062 0.784983 8.045765, -0.719424 0.649975 8.270114, -0.898319 0.786796 8.030388, -0.717983 0.664817 8.263801, -0.716300 0.679134 8.256424, -0.714383 0.692845 8.248025, -0.712243 0.705874 8.238650, -0.709892 0.718148 8.228352, -0.707345 0.729598 8.217189, -0.704613 0.740160 8.205223, -0.701714 0.749776 8.192521, -0.698663 0.758391 8.179154, -0.695477 0.765958 8.165196, -0.484004 0.587048 8.329265, -0.692175 0.772433 8.150726, -0.483734 0.603139 8.327472, -0.688774 0.777782 8.135825, -0.483285 0.619050 8.324496, -0.685293 0.781973 8.120576, -0.482660 0.634691 8.320351, -0.681753 0.784983 8.105064, -0.481863 0.649975 8.315063, -0.678172 0.786796 8.089376, -0.480898 0.664817 8.308660, -0.479770 0.679134 8.301178, -0.478486 0.692845 8.292659, -0.477053 0.705874 8.283150, -0.475479 0.718148 8.272706, -0.473772 0.729598 8.261383, -0.471943 0.740160 8.249247, -0.470001 0.749776 8.236363, -0.467958 0.758391 8.222805, -0.465824 0.765958 8.208649, -0.242680 0.587048 8.356456, -0.463612 0.772433 8.193973, -0.242545 0.603139 8.354648, -0.461334 0.777782 8.178859, -0.242320 0.619050 8.351646, -0.459002 0.781973 8.163392, -0.242007 0.634691 8.347466, -0.456631 0.784983 8.147659, -0.241607 0.649975 8.342133, -0.454233 0.786796 8.131748, -0.241123 0.664817 8.335676, -0.240558 0.679134 8.328130, -0.239914 0.692845 8.319539, -0.239195 0.705874 8.309950, -0.238406 0.718148 8.299417, -0.237550 0.729598 8.287999, -0.236633 0.740160 8.275760, -0.235659 0.749776 8.262767, -0.234635 0.758391 8.249095, -0.233565 0.765958 8.234818, 0.000000 0.587048 8.365536, -0.232456 0.772433 8.220018, 0.000000 0.603139 8.363723, -0.231314 0.777782 8.204776, 0.000000 0.619050 8.360713, -0.230145 0.781973 8.189179, 0.000000 0.634691 8.356522, -0.228956 0.784983 8.173312, 0.000000 0.649975 8.351173, -0.227753 0.786796 8.157266, 0.000000 0.664817 8.344698, 0.000000 0.679134 8.337131, 0.000000 0.692845 8.328516, 0.000000 0.705874 8.318901, 0.000000 0.718148 8.308338, 0.000000 0.729598 8.296888, 0.000000 0.740160 8.284614, 0.000000 0.749776 8.271585, 0.000000 0.758391 8.257874, 0.000000 0.765958 8.243558, 0.242680 0.587048 8.356456, 0.000000 0.772433 8.228716, 0.242545 0.603139 8.354648, 0.000000 0.777782 8.213431, 0.242320 0.619050 8.351646, 0.000000 0.781973 8.197790, 0.242007 0.634691 8.347466, 0.000000 0.784983 8.181879, 0.241607 0.649975 8.342133, 0.000000 0.786796 8.165788, 0.241123 0.664817 8.335676, 0.240558 0.679134 8.328130, 0.239914 0.692845 8.319539, 0.239195 0.705874 8.309950, 0.238406 0.718148 8.299417, 0.237550 0.729598 8.287999, 0.236633 0.740160 8.275760, 0.235659 0.749776 8.262767, 0.234635 0.758391 8.249095, 0.233565 0.765958 8.234818, 0.484004 0.587048 8.329265, 0.232456 0.772433 8.220018, 0.483734 0.603139 8.327472, 0.231314 0.777782 8.204776, 0.483285 0.619050 8.324496, 0.230145 0.781973 8.189179, 0.482660 0.634691 8.320351, 0.228956 0.784983 8.173312, 0.481863 0.649975 8.315063, 0.227753 0.786796 8.157266, 0.480898 0.664817 8.308660, 0.479770 0.679134 8.301178, 0.478486 0.692845 8.292659, 0.477053 0.705874 8.283150, 0.475479 0.718148 8.272706, 0.473772 0.729598 8.261383, 0.471943 0.740160 8.249247, 0.470001 0.749776 8.236363, 0.467958 0.758391 8.222805, 0.465824 0.765958 8.208649, 0.722620 0.587048 8.284117, 0.463612 0.772433 8.193973, 0.722217 0.603139 8.282349, 0.461334 0.777782 8.178859, 0.721547 0.619050 8.279414, 0.459002 0.781973 8.163392, 0.720614 0.634691 8.275328, 0.456631 0.784983 8.147659, 0.719424 0.649975 8.270114, 0.454233 0.786796 8.131748, 0.717983 0.664817 8.263801, 0.716300 0.679134 8.256424, 0.714383 0.692845 8.248025, 0.712243 0.705874 8.238650, 0.709892 0.718148 8.228352, 0.707345 0.729598 8.217189, 0.704613 0.740160 8.205223, 0.701714 0.749776 8.192521, 0.698663 0.758391 8.179154, 0.695477 0.765958 8.165196, 0.957196 0.587048 8.221262, 0.692175 0.772433 8.150726, 0.956661 0.603139 8.219530, 0.688774 0.777782 8.135825, 0.955774 0.619050 8.216653, 0.685293 0.781973 8.120576, 0.954539 0.634691 8.212648, 0.681753 0.784983 8.105064, 0.952962 0.649975 8.207538, 0.678172 0.786796 8.089376, 0.951053 0.664817 8.201350, 0.948823 0.679134 8.194119, 0.946284 0.692845 8.185887, 0.943449 0.705874 8.176698, 0.940336 0.718148 8.166605, 0.936961 0.729598 8.155664, 0.933343 0.740160 8.143935, 0.929503 0.749776 8.131485, 0.925462 0.758391 8.118383, 0.921242 0.765958 8.104703, 1.186418 0.587048 8.141054, 0.916867 0.772433 8.090520, 1.185756 0.603139 8.139366, 0.912362 0.777782 8.075915, 1.184656 0.619050 8.136564, 0.907752 0.781973 8.060968, 1.183125 0.634691 8.132662, 0.903062 0.784983 8.045765, 1.181171 0.649975 8.127684, 0.898319 0.786796 8.030388, 1.178805 0.664817 8.121656, 1.176041 0.679134 8.114613, 1.172893 0.692845 8.106593, 1.169380 0.705874 8.097642, 1.165521 0.718148 8.087810, 1.161338 0.729598 8.077151, 1.156854 0.740160 8.065725, 1.152094 0.749776 8.053597, 1.147085 0.758391 8.040834, 1.141854 0.765958 8.027507, 1.409005 0.587048 8.043940, 1.136432 0.772433 8.013691, 1.408219 0.603139 8.042306, 1.130848 0.777782 7.999463, 1.406912 0.619050 8.039594, 1.125133 0.781973 7.984903, 1.405094 0.634691 8.035818, 1.119321 0.784983 7.970092, 1.402774 0.649975 8.031000, 1.113442 0.786796 7.955113, 1.399964 0.664817 8.025165, 1.396681 0.679134 8.018348, 1.392943 0.692845 8.010586, 1.388771 0.705874 8.001923, 1.384188 0.718148 7.992406, 1.379220 0.729598 7.982090, 1.373894 0.740160 7.971031, 1.368241 0.749776 7.959293, 1.362292 0.758391 7.946940, 1.356081 0.765958 7.934041, 1.623713 0.587048 7.930464, 1.349641 0.772433 7.920669, 1.622806 0.603139 7.928894, 1.343009 0.777782 7.906898, 1.621301 0.619050 7.926286, 1.336223 0.781973 7.892806, 1.619206 0.634691 7.922657, 1.329320 0.784983 7.878471, 1.616532 0.649975 7.918025, 1.322338 0.786796 7.863973, 1.613294 0.664817 7.912417, 1.609511 0.679134 7.905864, 1.605203 0.692845 7.898403, 1.600395 0.705874 7.890076, 1.595114 0.718148 7.880929, 1.589389 0.729598 7.871012, 1.583252 0.740160 7.860383, 1.576737 0.749776 7.849100, 1.569882 0.758391 7.837225, 1.562724 0.765958 7.824827, 1.829340 0.587048 7.801260, 1.555303 0.772433 7.811973, 1.828319 0.603139 7.799762, 1.547661 0.777782 7.798737, 1.826623 0.619050 7.797274, 1.539840 0.781973 7.785191, 1.824262 0.634691 7.793811, 1.531884 0.784983 7.771412, 1.821249 0.649975 7.789392, 1.523839 0.786796 7.757477, 1.817602 0.664817 7.784042, 1.813339 0.679134 7.777790, 1.808486 0.692845 7.770672, 1.803069 0.705874 7.762727, 1.797119 0.718148 7.754000, 1.790669 0.729598 7.744540, 1.783755 0.740160 7.734398, 1.776416 0.749776 7.723633, 1.768692 0.758391 7.712305, 1.760627 0.765958 7.700476, 2.024737 0.587048 7.657050, 1.752266 0.772433 7.688213, 2.023607 0.603139 7.655633, 1.743656 0.777782 7.675584, 2.021730 0.619050 7.653279, 1.734845 0.781973 7.662661, 2.019117 0.634691 7.650002, 1.725883 0.784983 7.649515, 2.015782 0.649975 7.645821, 1.716818 0.786796 7.636220, 2.011745 0.664817 7.640758, 2.007027 0.679134 7.634842, 2.001655 0.692845 7.628107, 1.995660 0.705874 7.620589, 1.989074 0.718148 7.612331, 1.981935 0.729598 7.603379, 1.974283 0.740160 7.593783, 1.966159 0.749776 7.583596, 1.957611 0.758391 7.572876, 1.948684 0.765958 7.561683, 2.208811 0.587048 7.498642, 1.939431 0.772433 7.550079, 2.207577 0.603139 7.497313, 1.929901 0.777782 7.538130, 2.205530 0.619050 7.495106, 1.920149 0.781973 7.525901, 2.202679 0.634691 7.492034, 1.910229 0.784983 7.513461, 2.199041 0.649975 7.488113, 1.900196 0.786796 7.500881, 2.194637 0.664817 7.483366, 2.189490 0.679134 7.477820, 2.183631 0.692845 7.471504, 2.177090 0.705874 7.464456, 2.169906 0.718148 7.456713, 2.162118 0.729598 7.448319, 2.153769 0.740160 7.439322, 2.144908 0.749776 7.429771, 2.135582 0.758391 7.419720, 2.125844 0.765958 7.409225, 2.380532 0.587048 7.326921, 2.115749 0.772433 7.398345, 2.379203 0.603139 7.325688, 2.105353 0.777782 7.387141, 2.376996 0.619050 7.323640, 2.094714 0.781973 7.375675, 2.373924 0.634691 7.320789, 2.083892 0.784983 7.364012, 2.370003 0.649975 7.317152, 2.072947 0.786796 7.352216, 2.365256 0.664817 7.312747, 2.359710 0.679134 7.307601, 2.353394 0.692845 7.301741, 2.346345 0.705874 7.295201, 2.338602 0.718148 7.288016, 2.330209 0.729598 7.280228, 2.321211 0.740160 7.271880, 2.311661 0.749776 7.263018, 2.301610 0.758391 7.253692, 2.291115 0.765958 7.243954, 2.538940 0.587048 7.142847, 2.280235 0.772433 7.233859, 2.537522 0.603139 7.141717, 2.269031 0.777782 7.223463, 2.535169 0.619050 7.139840, 2.257565 0.781973 7.212824, 2.531892 0.634691 7.137227, 2.245902 0.784983 7.202002, 2.527711 0.649975 7.133892, 2.234106 0.786796 7.191058, 2.522648 0.664817 7.129855, 2.516732 0.679134 7.125137, 2.509997 0.692845 7.119766, 2.502479 0.705874 7.113770, 2.494221 0.718148 7.107185, 2.485268 0.729598 7.100046, 2.475672 0.740160 7.092393, 2.465486 0.749776 7.084270, 2.454766 0.758391 7.075721, 2.443573 0.765958 7.066795, 2.683149 0.587048 6.947450, 2.431969 0.772433 7.057541, 2.681651 0.603139 6.946429, 2.420019 0.777782 7.048011, 2.679164 0.619050 6.944733, 2.407791 0.781973 7.038259, 2.675701 0.634691 6.942372, 2.395351 0.784983 7.028339, 2.671282 0.649975 6.939360, 2.382770 0.786796 7.018306, 2.665932 0.664817 6.935712, 2.659680 0.679134 6.931449, 2.652562 0.692845 6.926596, 2.644617 0.705874 6.921180, 2.635890 0.718148 6.915230, 2.626429 0.729598 6.908779, 2.616288 0.740160 6.901865, 2.605523 0.749776 6.894526, 2.594195 0.758391 6.886802, 2.582366 0.765958 6.878737, 2.812353 0.587048 6.741823, 2.570103 0.772433 6.870377, 2.810783 0.603139 6.740917, 2.557474 0.777782 6.861767, 2.808176 0.619050 6.739411, 2.544551 0.781973 6.852956, 2.804547 0.634691 6.737316, 2.531405 0.784983 6.843993, 2.799915 0.649975 6.734642, 2.518110 0.786796 6.834928, 2.794307 0.664817 6.731404, 2.787754 0.679134 6.727621, 2.780293 0.692845 6.723313, 2.771966 0.705874 6.718505, 2.762818 0.718148 6.713224, 2.752902 0.729598 6.707499, 2.742273 0.740160 6.701362, 2.730989 0.749776 6.694848, 2.719115 0.758391 6.687992, 2.706717 0.765958 6.680834, 2.925830 0.587048 6.527116, 2.693863 0.772433 6.673413, 2.924196 0.603139 6.526329, 2.680627 0.777782 6.665771, 2.921484 0.619050 6.525023, 2.667081 0.781973 6.657950, 2.917708 0.634691 6.523204, 2.653302 0.784983 6.649995, 2.912889 0.649975 6.520884, 2.639366 0.786796 6.641949, 2.907055 0.664817 6.518074, 2.900238 0.679134 6.514791, 2.892476 0.692845 6.511053, 2.883812 0.705874 6.506881, 2.874296 0.718148 6.502298, 2.863980 0.729598 6.497330, 2.852921 0.740160 6.492005, 2.841183 0.749776 6.486352, 2.828829 0.758391 6.480403, 2.815931 0.765958 6.474191, 3.022944 0.587048 6.304528, 2.802559 0.772433 6.467751, 3.021256 0.603139 6.303866, 2.788788 0.777782 6.461120, 3.018454 0.619050 6.302766, 2.774696 0.781973 6.454333, 3.014552 0.634691 6.301235, 2.760360 0.784983 6.447430, 3.009574 0.649975 6.299281, 2.745863 0.786796 6.440448, 3.003546 0.664817 6.296915, 2.996502 0.679134 6.294151, 2.988483 0.692845 6.291003, 2.979532 0.705874 6.287490, 2.969699 0.718148 6.283631, 2.959041 0.729598 6.279448, 2.947615 0.740160 6.274964, 2.935487 0.749776 6.270204, 2.922724 0.758391 6.265195, 2.909397 0.765958 6.259964, 3.103152 0.587048 6.075306, 2.895581 0.772433 6.254542, 3.101419 0.603139 6.074771, 2.881353 0.777782 6.248958, 3.098543 0.619050 6.073884, 2.866793 0.781973 6.243244, 3.094538 0.634691 6.072649, 2.851982 0.784983 6.237431, 3.089427 0.649975 6.071072, 2.837003 0.786796 6.231552, 3.083240 0.664817 6.069164, 3.076009 0.679134 6.066933, 3.067777 0.692845 6.064394, 3.058588 0.705874 6.061560, 3.048495 0.718148 6.058446, 3.037553 0.729598 6.055071, 3.025825 0.740160 6.051454, 3.013375 0.749776 6.047613, 3.000273 0.758391 6.043572, 2.986592 0.765958 6.039352, 3.166006 0.587048 5.840731, 2.972410 0.772433 6.034977, 3.164239 0.603139 5.840327, 2.957805 0.777782 6.030472, 3.161304 0.619050 5.839657, 2.942858 0.781973 6.025862, 3.157218 0.634691 5.838725, 2.927654 0.784983 6.021172, 3.152004 0.649975 5.837534, 2.912278 0.786796 6.016429, 3.145690 0.664817 5.836094, 3.138314 0.679134 5.834410, 3.129914 0.692845 5.832493, 3.120540 0.705874 5.830353, 3.110242 0.718148 5.828003, 3.099079 0.729598 5.825455, 3.087113 0.740160 5.822724, 3.074411 0.749776 5.819824, 3.061043 0.758391 5.816773, 3.047086 0.765958 5.813588, 3.211155 0.587048 5.602114, 3.032616 0.772433 5.810285, 3.209362 0.603139 5.601844, 3.017715 0.777782 5.806884, 3.206385 0.619050 5.601395, 3.002466 0.781973 5.803403, 3.202241 0.634691 5.600770, 2.986954 0.784983 5.799863, 3.196953 0.649975 5.599973, 2.971266 0.786796 5.796282, 3.190549 0.664817 5.599008, 3.183067 0.679134 5.597880, 3.174548 0.692845 5.596596, 3.165040 0.705874 5.595163, 3.154596 0.718148 5.593589, 3.143273 0.729598 5.591882, 3.131136 0.740160 5.590053, 3.118253 0.749776 5.588111, 3.104695 0.758391 5.586068, 3.090539 0.765958 5.583934, 3.238346 0.587048 5.360791, 3.075862 0.772433 5.581722, 3.236538 0.603139 5.360655, 3.060749 0.777782 5.579444, 3.233536 0.619050 5.360430, 3.045282 0.781973 5.577113, 3.229356 0.634691 5.360117, 3.029549 0.784983 5.574741, 3.224023 0.649975 5.359717, 3.013638 0.786796 5.572343, 3.217566 0.664817 5.359233, 3.210020 0.679134 5.358668, 3.201429 0.692845 5.358024, 3.191840 0.705874 5.357306, 3.181307 0.718148 5.356516, 3.169889 0.729598 5.355661, 3.157650 0.740160 5.354743, 3.144657 0.749776 5.353770, 3.130984 0.758391 5.352745, 3.116708 0.765958 5.351675, 3.101907 0.772433 5.350566, 3.086666 0.777782 5.349424, 3.071068 0.781973 5.348255, 3.055202 0.784983 5.347066, 3.039156 0.786796 5.345863, 3.031496 -2.125984 5.118110, 3.023019 -2.125984 4.891566, 2.997637 -2.125984 4.666289, 2.955490 -2.125984 4.443539, 2.896815 -2.125984 4.224561, 2.821940 -2.125984 4.010580, 2.731284 -2.125984 3.802793, 2.625353 -2.125984 3.602362, 2.504740 -2.125984 3.410408, 2.370119 -2.125984 3.228003, 2.222244 -2.125984 3.056169, 2.061941 -2.125984 2.895866, 1.890107 -2.125984 2.747991, 1.707703 -2.125984 2.613371, 1.515748 -2.125984 2.492758, 1.315317 -2.125984 2.386827, 1.107530 -2.125984 2.296170, 0.893549 -2.125984 2.221295, 0.674571 -2.125984 2.162620, 0.451821 -2.125984 2.120473, 0.226544 -2.125984 2.095091, -0.000000 -2.125984 2.086614, -0.226544 -2.125984 2.095091, -0.451821 -2.125984 2.120473, -0.674571 -2.125984 2.162620, -0.893549 -2.125984 2.221295, -1.107530 -2.125984 2.296170, -1.315317 -2.125984 2.386827, -1.515748 -2.125984 2.492758, -1.707703 -2.125984 2.613371, -1.890107 -2.125984 2.747991, -2.061941 -2.125984 2.895866, -2.222244 -2.125984 3.056169, -2.370119 -2.125984 3.228003, -2.504740 -2.125984 3.410408, -2.625353 -2.125984 3.602362, -2.731284 -2.125984 3.802793, -2.821940 -2.125984 4.010580, -2.896815 -2.125984 4.224561, -2.955490 -2.125984 4.443539, -2.997637 -2.125984 4.666289, -3.023019 -2.125984 4.891566, -3.031496 -2.125984 5.118110, -3.023019 -2.125984 5.344654, -2.997637 -2.125984 5.569931, -2.955490 -2.125984 5.792682, -2.896815 -2.125984 6.011659, -2.821940 -2.125984 6.225640, -2.731284 -2.125984 6.433427, -2.625353 -2.125984 6.633858, -2.504740 -2.125984 6.825813, -2.370119 -2.125984 7.008217, -2.222244 -2.125984 7.180051, -2.061941 -2.125984 7.340354, -1.890107 -2.125984 7.488229, -1.707703 -2.125984 7.622850, -1.515748 -2.125984 7.743463, -1.315317 -2.125984 7.849394, -1.107530 -2.125984 7.940050, -0.893549 -2.125984 8.014925, -0.674571 -2.125984 8.073600, -0.451821 -2.125984 8.115747, -0.226544 -2.125984 8.141130, -0.000000 -2.125984 8.149606, 0.226544 -2.125984 8.141130, 0.451821 -2.125984 8.115747, 0.674571 -2.125984 8.073600, 0.893549 -2.125984 8.014925, 1.107530 -2.125984 7.940050, 1.315317 -2.125984 7.849394, 1.515748 -2.125984 7.743463, 1.707703 -2.125984 7.622850, 1.890107 -2.125984 7.488229, 2.061941 -2.125984 7.340354, 2.222244 -2.125984 7.180051, 2.370119 -2.125984 7.008217, 2.504740 -2.125984 6.825813, 2.625353 -2.125984 6.633858, 2.731284 -2.125984 6.433427, 2.821940 -2.125984 6.225640, 2.896815 -2.125984 6.011659, 2.955490 -2.125984 5.792682, 2.997637 -2.125984 5.569931, 3.023019 -2.125984 5.344654, 3.031496 0.787402 5.118110, 3.023019 0.787402 4.891566, 2.997637 0.787402 4.666289, 2.955490 0.787402 4.443539, 2.896815 0.787402 4.224561, 2.821940 0.787402 4.010580, 2.731284 0.787402 3.802793, 2.625353 0.787402 3.602362, 2.504740 0.787402 3.410408, 2.370119 0.787402 3.228003, 2.222244 0.787402 3.056169, 2.061941 0.787402 2.895866, 1.890107 0.787402 2.747991, 1.707703 0.787402 2.613371, 1.515748 0.787402 2.492758, 1.315317 0.787402 2.386827, 1.107530 0.787402 2.296170, 0.893549 0.787402 2.221295, 0.674571 0.787402 2.162620, 0.451821 0.787402 2.120473, 0.226544 0.787402 2.095091, -0.000000 0.787402 2.086614, -0.226544 0.787402 2.095091, -0.451821 0.787402 2.120473, -0.674571 0.787402 2.162620, -0.893549 0.787402 2.221295, -1.107530 0.787402 2.296170, -1.315317 0.787402 2.386827, -1.515748 0.787402 2.492758, -1.707703 0.787402 2.613371, -1.890107 0.787402 2.747991, -2.061941 0.787402 2.895866, -2.222244 0.787402 3.056169, -2.370119 0.787402 3.228003, -2.504740 0.787402 3.410408, -2.625353 0.787402 3.602362, -2.731284 0.787402 3.802793, -2.821940 0.787402 4.010580, -2.896815 0.787402 4.224561, -2.955490 0.787402 4.443539, -2.997637 0.787402 4.666289, -3.023019 0.787402 4.891566, -3.031496 0.787402 5.118110, -3.023019 0.787402 5.344654, -2.997637 0.787402 5.569931, -2.955490 0.787402 5.792682, -2.896815 0.787402 6.011659, -2.821940 0.787402 6.225640, -2.731284 0.787402 6.433427, -2.625353 0.787402 6.633858, -2.504740 0.787402 6.825813, -2.370119 0.787402 7.008217, -2.222244 0.787402 7.180051, -2.061941 0.787402 7.340354, -1.890107 0.787402 7.488229, -1.707703 0.787402 7.622850, -1.515748 0.787402 7.743463, -1.315317 0.787402 7.849394, -1.107530 0.787402 7.940050, -0.893549 0.787402 8.014925, -0.674571 0.787402 8.073600, -0.451821 0.787402 8.115747, -0.226544 0.787402 8.141130, -0.000000 0.787402 8.149606, 0.226544 0.787402 8.141130, 0.451821 0.787402 8.115747, 0.674571 0.787402 8.073600, 0.893549 0.787402 8.014925, 1.107530 0.787402 7.940050, 1.315317 0.787402 7.849394, 1.515748 0.787402 7.743463, 1.707703 0.787402 7.622850, 1.890107 0.787402 7.488229, 2.061941 0.787402 7.340354, 2.222244 0.787402 7.180051, 2.370119 0.787402 7.008217, 2.504740 0.787402 6.825813, 2.625353 0.787402 6.633858, 2.731284 0.787402 6.433427, 2.821940 0.787402 6.225640, 2.896815 0.787402 6.011659, 2.955490 0.787402 5.792682, 2.997637 0.787402 5.569931, 3.023019 0.787402 5.344654 ] } coordIndex [ 87 1 0 -1, 87 2 1 -1, 88 3 2 -1, 88 2 87 -1, 89 4 3 -1, 89 3 88 -1, 90 5 4 -1, 90 4 89 -1, 91 6 5 -1, 91 5 90 -1, 92 7 6 -1, 92 8 7 -1, 92 6 91 -1, 93 8 92 -1, 94 8 93 -1, 94 9 8 -1, 94 10 9 -1, 95 10 94 -1, 96 11 10 -1, 96 12 11 -1, 96 10 95 -1, 97 12 96 -1, 98 13 12 -1, 98 12 97 -1, 99 14 13 -1, 99 13 98 -1, 100 15 14 -1, 100 16 15 -1, 100 14 99 -1, 101 16 100 -1, 102 17 16 -1, 102 16 101 -1, 103 18 17 -1, 103 17 102 -1, 104 19 18 -1, 104 18 103 -1, 105 20 19 -1, 105 21 20 -1, 105 19 104 -1, 106 21 105 -1, 107 22 21 -1, 107 23 22 -1, 107 21 106 -1, 108 23 107 -1, 109 24 23 -1, 109 23 108 -1, 110 25 24 -1, 110 24 109 -1, 111 26 25 -1, 111 25 110 -1, 112 27 26 -1, 112 26 111 -1, 113 28 27 -1, 113 27 112 -1, 114 29 28 -1, 114 30 29 -1, 114 28 113 -1, 115 31 30 -1, 115 30 114 -1, 116 31 115 -1, 117 32 31 -1, 117 31 116 -1, 118 32 117 -1, 118 33 32 -1, 119 33 118 -1, 119 34 33 -1, 120 34 119 -1, 120 35 34 -1, 120 36 35 -1, 121 36 120 -1, 122 36 121 -1, 122 37 36 -1, 123 37 122 -1, 123 38 37 -1, 123 39 38 -1, 124 39 123 -1, 125 39 124 -1, 125 40 39 -1, 126 40 125 -1, 126 41 40 -1, 127 41 126 -1, 127 42 41 -1, 128 42 127 -1, 128 43 42 -1, 129 44 43 -1, 129 45 44 -1, 129 43 128 -1, 130 46 45 -1, 130 45 129 -1, 131 47 46 -1, 131 46 130 -1, 132 47 131 -1, 133 48 47 -1, 133 47 132 -1, 134 49 48 -1, 134 48 133 -1, 135 50 49 -1, 135 51 50 -1, 135 49 134 -1, 136 51 135 -1, 137 52 51 -1, 137 51 136 -1, 138 53 52 -1, 138 52 137 -1, 139 54 53 -1, 139 53 138 -1, 140 55 54 -1, 140 54 139 -1, 141 56 55 -1, 141 55 140 -1, 142 57 56 -1, 142 56 141 -1, 143 58 57 -1, 143 57 142 -1, 144 58 143 -1, 144 59 58 -1, 145 59 144 -1, 145 60 59 -1, 146 60 145 -1, 146 61 60 -1, 147 61 146 -1, 147 62 61 -1, 148 62 147 -1, 148 63 62 -1, 149 63 148 -1, 149 64 63 -1, 150 64 149 -1, 150 65 64 -1, 151 65 150 -1, 151 66 65 -1, 152 66 151 -1, 152 67 66 -1, 153 67 152 -1, 153 68 67 -1, 154 68 153 -1, 154 69 68 -1, 155 69 154 -1, 155 70 69 -1, 156 70 155 -1, 156 71 70 -1, 157 71 156 -1, 157 72 71 -1, 158 72 157 -1, 158 73 72 -1, 159 73 158 -1, 159 74 73 -1, 160 74 159 -1, 160 75 74 -1, 161 75 160 -1, 161 76 75 -1, 162 76 161 -1, 162 77 76 -1, 163 78 77 -1, 163 77 162 -1, 164 79 78 -1, 164 78 163 -1, 165 80 79 -1, 165 79 164 -1, 166 81 80 -1, 166 80 165 -1, 167 82 81 -1, 167 81 166 -1, 168 83 82 -1, 168 82 167 -1, 169 83 168 -1, 169 84 83 -1, 86 84 169 -1, 86 85 84 -1, 380 170 171 -1, 380 192 170 -1, 381 171 172 -1, 381 380 171 -1, 382 172 173 -1, 382 381 172 -1, 383 173 174 -1, 383 382 173 -1, 384 174 175 -1, 384 383 174 -1, 385 175 176 -1, 385 384 175 -1, 386 176 177 -1, 386 385 176 -1, 387 177 178 -1, 387 386 177 -1, 388 178 179 -1, 388 387 178 -1, 389 179 180 -1, 389 388 179 -1, 390 180 181 -1, 390 389 180 -1, 391 181 182 -1, 391 390 181 -1, 392 182 183 -1, 392 391 182 -1, 393 392 183 -1, 393 183 184 -1, 394 184 185 -1, 394 393 184 -1, 395 193 192 -1, 395 192 380 -1, 396 185 186 -1, 396 394 185 -1, 397 395 380 -1, 397 380 381 -1, 398 186 187 -1, 398 396 186 -1, 399 397 381 -1, 399 381 382 -1, 400 398 187 -1, 400 187 188 -1, 401 382 383 -1, 401 399 382 -1, 402 188 189 -1, 402 400 188 -1, 403 401 383 -1, 403 383 384 -1, 404 189 190 -1, 404 190 191 -1, 404 191 297 -1, 404 402 189 -1, 405 384 385 -1, 405 403 384 -1, 406 405 385 -1, 406 385 386 -1, 407 386 387 -1, 407 406 386 -1, 408 387 388 -1, 408 407 387 -1, 409 408 388 -1, 409 388 389 -1, 410 389 390 -1, 410 409 389 -1, 411 390 391 -1, 411 410 390 -1, 412 391 392 -1, 412 411 391 -1, 413 412 392 -1, 413 392 393 -1, 414 393 394 -1, 414 413 393 -1, 415 194 193 -1, 415 193 395 -1, 416 394 396 -1, 416 414 394 -1, 417 395 397 -1, 417 415 395 -1, 418 396 398 -1, 418 416 396 -1, 419 417 397 -1, 419 397 399 -1, 420 398 400 -1, 420 418 398 -1, 421 419 399 -1, 421 399 401 -1, 422 420 400 -1, 422 400 402 -1, 423 401 403 -1, 423 421 401 -1, 424 297 298 -1, 424 422 402 -1, 424 402 404 -1, 424 404 297 -1, 425 423 403 -1, 425 403 405 -1, 426 405 406 -1, 426 425 405 -1, 427 406 407 -1, 427 426 406 -1, 428 427 407 -1, 428 407 408 -1, 429 428 408 -1, 429 408 409 -1, 430 409 410 -1, 430 429 409 -1, 431 410 411 -1, 431 430 410 -1, 432 411 412 -1, 432 431 411 -1, 433 432 412 -1, 433 412 413 -1, 434 413 414 -1, 434 433 413 -1, 435 195 194 -1, 435 194 415 -1, 436 414 416 -1, 436 434 414 -1, 437 435 415 -1, 437 415 417 -1, 438 416 418 -1, 438 436 416 -1, 439 419 421 -1, 439 437 417 -1, 439 417 419 -1, 440 418 420 -1, 440 438 418 -1, 441 439 421 -1, 442 440 420 -1, 442 420 422 -1, 443 421 423 -1, 443 441 421 -1, 444 424 298 -1, 444 422 424 -1, 444 298 299 -1, 444 442 422 -1, 445 423 425 -1, 445 443 423 -1, 446 445 425 -1, 446 425 426 -1, 447 426 427 -1, 447 446 426 -1, 448 447 427 -1, 448 427 428 -1, 449 448 428 -1, 449 428 429 -1, 450 449 429 -1, 450 429 430 -1, 451 450 430 -1, 451 430 431 -1, 452 451 431 -1, 452 431 432 -1, 453 452 432 -1, 453 432 433 -1, 454 453 433 -1, 454 433 434 -1, 455 195 435 -1, 455 196 195 -1, 456 454 434 -1, 456 434 436 -1, 457 455 435 -1, 457 435 437 -1, 458 436 438 -1, 458 456 436 -1, 459 457 437 -1, 459 437 439 -1, 460 458 438 -1, 460 438 440 -1, 461 459 439 -1, 461 439 441 -1, 462 460 440 -1, 462 440 442 -1, 463 461 441 -1, 463 441 443 -1, 464 299 300 -1, 464 300 301 -1, 464 462 442 -1, 464 444 299 -1, 464 442 444 -1, 465 463 443 -1, 465 443 445 -1, 466 445 446 -1, 466 465 445 -1, 467 446 447 -1, 467 466 446 -1, 468 467 447 -1, 468 447 448 -1, 469 448 449 -1, 469 468 448 -1, 470 449 450 -1, 470 469 449 -1, 471 450 451 -1, 471 470 450 -1, 472 451 452 -1, 472 471 451 -1, 473 472 452 -1, 473 452 453 -1, 474 453 454 -1, 474 473 453 -1, 475 197 196 -1, 475 196 455 -1, 475 455 457 -1, 476 454 456 -1, 476 474 454 -1, 477 475 457 -1, 477 457 459 -1, 478 458 460 -1, 478 456 458 -1, 478 476 456 -1, 479 477 459 -1, 480 478 460 -1, 481 459 461 -1, 481 479 459 -1, 482 480 460 -1, 482 460 462 -1, 483 481 461 -1, 483 461 463 -1, 484 482 462 -1, 484 462 464 -1, 484 464 301 -1, 485 463 465 -1, 485 483 463 -1, 486 485 465 -1, 486 465 466 -1, 487 486 466 -1, 487 466 467 -1, 487 467 468 -1, 488 487 468 -1, 489 488 468 -1, 489 468 469 -1, 490 469 470 -1, 490 489 469 -1, 490 470 471 -1, 491 490 471 -1, 492 491 471 -1, 492 471 472 -1, 493 492 472 -1, 493 472 473 -1, 493 473 474 -1, 494 493 474 -1, 495 198 197 -1, 495 197 475 -1, 496 474 476 -1, 496 494 474 -1, 497 495 475 -1, 497 477 479 -1, 497 475 477 -1, 498 476 478 -1, 498 496 476 -1, 499 497 479 -1, 500 478 480 -1, 500 480 482 -1, 500 498 478 -1, 501 499 479 -1, 501 479 481 -1, 502 500 482 -1, 503 481 483 -1, 503 501 481 -1, 504 482 484 -1, 504 484 301 -1, 504 301 302 -1, 504 502 482 -1, 505 483 485 -1, 505 503 483 -1, 506 485 486 -1, 506 505 485 -1, 507 486 487 -1, 507 506 486 -1, 508 507 487 -1, 508 487 488 -1, 509 488 489 -1, 509 508 488 -1, 510 489 490 -1, 510 509 489 -1, 511 490 491 -1, 511 510 490 -1, 512 491 492 -1, 512 511 491 -1, 513 512 492 -1, 513 492 493 -1, 514 493 494 -1, 514 513 493 -1, 515 198 495 -1, 515 199 198 -1, 516 514 494 -1, 516 494 496 -1, 517 515 495 -1, 517 495 497 -1, 518 496 498 -1, 518 516 496 -1, 519 497 499 -1, 519 517 497 -1, 520 518 498 -1, 520 498 500 -1, 521 519 499 -1, 521 499 501 -1, 522 520 500 -1, 522 500 502 -1, 523 521 501 -1, 523 501 503 -1, 524 302 303 -1, 524 522 502 -1, 524 504 302 -1, 524 502 504 -1, 525 503 505 -1, 525 523 503 -1, 526 525 505 -1, 526 505 506 -1, 527 526 506 -1, 527 506 507 -1, 528 527 507 -1, 528 507 508 -1, 529 528 508 -1, 529 508 509 -1, 530 529 509 -1, 530 509 510 -1, 531 511 512 -1, 531 510 511 -1, 531 530 510 -1, 532 531 512 -1, 533 512 513 -1, 533 532 512 -1, 534 513 514 -1, 534 533 513 -1, 535 515 517 -1, 535 200 199 -1, 535 199 515 -1, 536 514 516 -1, 536 534 514 -1, 537 535 517 -1, 538 516 518 -1, 538 536 516 -1, 539 537 517 -1, 539 517 519 -1, 540 518 520 -1, 540 538 518 -1, 541 521 523 -1, 541 519 521 -1, 541 539 519 -1, 542 540 520 -1, 542 520 522 -1, 543 541 523 -1, 544 542 522 -1, 544 303 304 -1, 544 522 524 -1, 544 524 303 -1, 545 523 525 -1, 545 543 523 -1, 546 525 526 -1, 546 545 525 -1, 547 526 527 -1, 547 527 528 -1, 547 546 526 -1, 548 547 528 -1, 549 548 528 -1, 549 528 529 -1, 550 549 529 -1, 550 529 530 -1, 551 550 530 -1, 551 530 531 -1, 552 531 532 -1, 552 551 531 -1, 553 532 533 -1, 553 552 532 -1, 554 553 533 -1, 554 533 534 -1, 554 534 536 -1, 555 201 200 -1, 555 200 535 -1, 556 554 536 -1, 556 536 538 -1, 557 555 535 -1, 557 535 537 -1, 558 556 538 -1, 559 557 537 -1, 559 537 539 -1, 559 539 541 -1, 560 558 538 -1, 560 540 542 -1, 560 538 540 -1, 561 559 541 -1, 562 560 542 -1, 563 561 541 -1, 563 541 543 -1, 564 304 305 -1, 564 544 304 -1, 564 562 542 -1, 564 542 544 -1, 565 563 543 -1, 565 543 545 -1, 566 546 547 -1, 566 545 546 -1, 566 565 545 -1, 567 547 548 -1, 567 566 547 -1, 568 567 548 -1, 569 568 548 -1, 569 548 549 -1, 570 549 550 -1, 570 569 549 -1, 571 550 551 -1, 571 551 552 -1, 571 570 550 -1, 572 571 552 -1, 573 552 553 -1, 573 572 552 -1, 574 553 554 -1, 574 573 553 -1, 575 202 201 -1, 575 555 557 -1, 575 201 555 -1, 576 554 556 -1, 576 574 554 -1, 577 557 559 -1, 577 575 557 -1, 578 556 558 -1, 578 576 556 -1, 579 559 561 -1, 579 577 559 -1, 580 578 558 -1, 580 560 562 -1, 580 558 560 -1, 581 579 561 -1, 582 580 562 -1, 583 561 563 -1, 583 581 561 -1, 584 582 562 -1, 584 305 306 -1, 584 306 307 -1, 584 564 305 -1, 584 562 564 -1, 585 563 565 -1, 585 583 563 -1, 586 585 565 -1, 586 565 566 -1, 587 586 566 -1, 587 566 567 -1, 588 587 567 -1, 588 567 568 -1, 589 569 570 -1, 589 588 568 -1, 589 568 569 -1, 590 589 570 -1, 591 590 570 -1, 591 570 571 -1, 592 591 571 -1, 592 571 572 -1, 593 592 572 -1, 593 572 573 -1, 594 593 573 -1, 594 573 574 -1, 595 203 202 -1, 595 202 575 -1, 596 594 574 -1, 596 574 576 -1, 597 595 575 -1, 597 577 579 -1, 597 575 577 -1, 598 576 578 -1, 598 596 576 -1, 599 597 579 -1, 600 578 580 -1, 600 598 578 -1, 601 581 583 -1, 601 579 581 -1, 601 599 579 -1, 602 580 582 -1, 602 600 580 -1, 603 583 585 -1, 603 601 583 -1, 604 582 584 -1, 604 584 307 -1, 604 602 582 -1, 605 603 585 -1, 606 585 586 -1, 606 605 585 -1, 607 586 587 -1, 607 606 586 -1, 608 587 588 -1, 608 607 587 -1, 609 588 589 -1, 609 608 588 -1, 610 589 590 -1, 610 590 591 -1, 610 609 589 -1, 611 610 591 -1, 612 591 592 -1, 612 592 593 -1, 612 611 591 -1, 613 612 593 -1, 614 593 594 -1, 614 594 596 -1, 614 613 593 -1, 615 203 595 -1, 615 204 203 -1, 616 614 596 -1, 617 595 597 -1, 617 615 595 -1, 618 616 596 -1, 618 596 598 -1, 618 598 600 -1, 619 617 597 -1, 619 597 599 -1, 620 618 600 -1, 621 599 601 -1, 621 619 599 -1, 622 620 600 -1, 622 600 602 -1, 623 621 601 -1, 623 601 603 -1, 624 622 602 -1, 624 307 308 -1, 624 604 307 -1, 624 602 604 -1, 625 623 603 -1, 625 603 605 -1, 625 605 606 -1, 626 625 606 -1, 627 606 607 -1, 627 626 606 -1, 628 627 607 -1, 628 607 608 -1, 629 628 608 -1, 629 608 609 -1, 630 629 609 -1, 630 609 610 -1, 631 630 610 -1, 631 610 611 -1, 632 611 612 -1, 632 631 611 -1, 633 612 613 -1, 633 632 612 -1, 634 613 614 -1, 634 633 613 -1, 635 204 615 -1, 635 205 204 -1, 636 614 616 -1, 636 634 614 -1, 637 617 619 -1, 637 635 615 -1, 637 615 617 -1, 638 616 618 -1, 638 636 616 -1, 639 637 619 -1, 640 618 620 -1, 640 638 618 -1, 641 621 623 -1, 641 639 619 -1, 641 619 621 -1, 642 620 622 -1, 642 622 624 -1, 642 640 620 -1, 643 623 625 -1, 643 641 623 -1, 644 642 624 -1, 644 308 309 -1, 644 624 308 -1, 645 643 625 -1, 646 645 625 -1, 646 625 626 -1, 647 627 628 -1, 647 626 627 -1, 647 646 626 -1, 648 647 628 -1, 649 628 629 -1, 649 648 628 -1, 649 629 630 -1, 650 630 631 -1, 650 649 630 -1, 651 650 631 -1, 652 651 631 -1, 652 631 632 -1, 652 632 633 -1, 653 652 633 -1, 654 633 634 -1, 654 634 636 -1, 654 653 633 -1, 655 205 635 -1, 655 206 205 -1, 656 654 636 -1, 657 635 637 -1, 657 655 635 -1, 658 656 636 -1, 658 636 638 -1, 658 638 640 -1, 659 657 637 -1, 659 637 639 -1, 660 658 640 -1, 661 659 639 -1, 661 639 641 -1, 662 642 644 -1, 662 660 640 -1, 662 640 642 -1, 663 661 641 -1, 663 641 643 -1, 664 309 310 -1, 664 662 644 -1, 664 644 309 -1, 665 663 643 -1, 665 643 645 -1, 666 665 645 -1, 666 645 646 -1, 667 646 647 -1, 667 666 646 -1, 668 647 648 -1, 668 667 647 -1, 669 648 649 -1, 669 668 648 -1, 670 649 650 -1, 670 669 649 -1, 671 650 651 -1, 671 670 650 -1, 672 651 652 -1, 672 671 651 -1, 673 652 653 -1, 673 672 652 -1, 674 673 653 -1, 674 653 654 -1, 675 206 655 -1, 675 207 206 -1, 676 654 656 -1, 676 674 654 -1, 677 655 657 -1, 677 675 655 -1, 677 657 659 -1, 678 656 658 -1, 678 676 656 -1, 679 677 659 -1, 680 678 658 -1, 680 658 660 -1, 681 659 661 -1, 681 679 659 -1, 682 680 660 -1, 682 660 662 -1, 683 681 661 -1, 683 661 663 -1, 684 682 662 -1, 684 310 311 -1, 684 311 312 -1, 684 664 310 -1, 684 662 664 -1, 685 663 665 -1, 685 683 663 -1, 686 685 665 -1, 686 665 666 -1, 687 686 666 -1, 687 666 667 -1, 688 667 668 -1, 688 687 667 -1, 688 668 669 -1, 689 688 669 -1, 690 669 670 -1, 690 689 669 -1, 691 690 670 -1, 691 670 671 -1, 691 671 672 -1, 692 691 672 -1, 693 692 672 -1, 693 672 673 -1, 694 693 673 -1, 694 673 674 -1, 695 207 675 -1, 695 675 677 -1, 695 208 207 -1, 696 694 674 -1, 696 674 676 -1, 697 695 677 -1, 698 696 676 -1, 698 676 678 -1, 699 697 677 -1, 699 677 679 -1, 700 678 680 -1, 700 698 678 -1, 701 681 683 -1, 701 679 681 -1, 701 699 679 -1, 702 680 682 -1, 702 700 680 -1, 703 701 683 -1, 704 684 312 -1, 704 682 684 -1, 704 312 313 -1, 704 702 682 -1, 705 683 685 -1, 705 685 686 -1, 705 703 683 -1, 706 705 686 -1, 707 686 687 -1, 707 687 688 -1, 707 706 686 -1, 708 688 689 -1, 708 707 688 -1, 709 708 689 -1, 710 689 690 -1, 710 690 691 -1, 710 709 689 -1, 711 710 691 -1, 712 692 693 -1, 712 691 692 -1, 712 711 691 -1, 713 693 694 -1, 713 712 693 -1, 714 713 694 -1, 715 209 208 -1, 715 210 209 -1, 715 208 695 -1, 716 694 696 -1, 716 714 694 -1, 716 696 698 -1, 717 695 697 -1, 717 715 695 -1, 718 716 698 -1, 719 717 697 -1, 719 697 699 -1, 720 718 698 -1, 720 698 700 -1, 721 719 699 -1, 721 699 701 -1, 722 720 700 -1, 722 700 702 -1, 722 702 704 -1, 723 721 701 -1, 723 701 703 -1, 724 722 704 -1, 724 313 314 -1, 724 704 313 -1, 725 703 705 -1, 725 723 703 -1, 726 725 705 -1, 726 705 706 -1, 727 726 706 -1, 727 706 707 -1, 728 707 708 -1, 728 727 707 -1, 729 728 708 -1, 729 708 709 -1, 730 729 709 -1, 730 709 710 -1, 731 730 710 -1, 731 710 711 -1, 732 711 712 -1, 732 712 713 -1, 732 731 711 -1, 733 732 713 -1, 734 713 714 -1, 734 733 713 -1, 735 211 210 -1, 735 210 715 -1, 736 714 716 -1, 736 734 714 -1, 737 715 717 -1, 737 735 715 -1, 738 716 718 -1, 738 736 716 -1, 739 717 719 -1, 739 719 721 -1, 739 737 717 -1, 740 738 718 -1, 740 718 720 -1, 741 721 723 -1, 741 739 721 -1, 742 720 722 -1, 742 740 720 -1, 743 741 723 -1, 744 722 724 -1, 744 724 314 -1, 744 314 315 -1, 744 742 722 -1, 745 723 725 -1, 745 725 726 -1, 745 743 723 -1, 746 745 726 -1, 747 726 727 -1, 747 746 726 -1, 748 747 727 -1, 748 727 728 -1, 749 728 729 -1, 749 748 728 -1, 750 749 729 -1, 750 729 730 -1, 751 750 730 -1, 751 731 732 -1, 751 730 731 -1, 752 751 732 -1, 753 752 732 -1, 753 732 733 -1, 753 733 734 -1, 754 753 734 -1, 755 211 735 -1, 756 754 734 -1, 756 734 736 -1, 756 736 738 -1, 757 737 739 -1, 757 755 735 -1, 757 735 737 -1, 758 756 738 -1, 759 757 739 -1, 760 738 740 -1, 760 758 738 -1, 761 759 739 -1, 761 739 741 -1, 761 741 743 -1, 762 760 740 -1, 762 740 742 -1, 762 742 744 -1, 763 761 743 -1, 764 762 744 -1, 764 744 315 -1, 765 763 743 -1, 765 743 745 -1, 766 745 746 -1, 766 765 745 -1, 767 747 748 -1, 767 746 747 -1, 767 766 746 -1, 768 748 749 -1, 768 767 748 -1, 769 768 749 -1, 770 749 750 -1, 770 750 751 -1, 770 769 749 -1, 771 770 751 -1, 772 751 752 -1, 772 771 751 -1, 773 752 753 -1, 773 772 752 -1, 774 773 753 -1, 774 753 754 -1, 775 212 211 -1, 775 213 212 -1, 775 211 755 -1, 776 754 756 -1, 776 774 754 -1, 777 755 757 -1, 777 775 755 -1, 778 756 758 -1, 778 776 756 -1, 779 757 759 -1, 779 777 757 -1, 780 778 758 -1, 780 758 760 -1, 781 779 759 -1, 781 759 761 -1, 782 760 762 -1, 782 780 760 -1, 783 763 765 -1, 783 761 763 -1, 783 781 761 -1, 784 782 762 -1, 784 762 764 -1, 784 315 316 -1, 784 764 315 -1, 785 783 765 -1, 786 785 765 -1, 786 765 766 -1, 786 766 767 -1, 787 786 767 -1, 788 767 768 -1, 788 787 767 -1, 789 768 769 -1, 789 769 770 -1, 789 788 768 -1, 790 789 770 -1, 791 770 771 -1, 791 790 770 -1, 792 791 771 -1, 792 771 772 -1, 793 792 772 -1, 793 773 774 -1, 793 772 773 -1, 794 793 774 -1, 795 213 775 -1, 796 794 774 -1, 796 774 776 -1, 797 777 779 -1, 797 795 775 -1, 797 775 777 -1, 798 796 776 -1, 798 776 778 -1, 799 797 779 -1, 800 798 778 -1, 800 778 780 -1, 801 799 779 -1, 801 779 781 -1, 802 780 782 -1, 802 800 780 -1, 803 781 783 -1, 803 801 781 -1, 804 782 784 -1, 804 784 316 -1, 804 802 782 -1, 804 316 317 -1, 805 783 785 -1, 805 803 783 -1, 806 785 786 -1, 806 805 785 -1, 807 786 787 -1, 807 806 786 -1, 808 787 788 -1, 808 807 787 -1, 809 808 788 -1, 809 789 790 -1, 809 788 789 -1, 810 809 790 -1, 811 790 791 -1, 811 810 790 -1, 812 811 791 -1, 812 791 792 -1, 813 812 792 -1, 813 792 793 -1, 814 793 794 -1, 814 813 793 -1, 815 214 213 -1, 815 213 795 -1, 816 814 794 -1, 816 794 796 -1, 817 815 795 -1, 817 795 797 -1, 818 796 798 -1, 818 816 796 -1, 819 797 799 -1, 819 817 797 -1, 820 818 798 -1, 820 798 800 -1, 821 819 799 -1, 821 799 801 -1, 821 801 803 -1, 822 820 800 -1, 822 800 802 -1, 823 821 803 -1, 823 803 805 -1, 824 822 802 -1, 824 317 318 -1, 824 802 804 -1, 824 804 317 -1, 825 823 805 -1, 826 825 805 -1, 826 805 806 -1, 827 806 807 -1, 827 807 808 -1, 827 826 806 -1, 828 827 808 -1, 829 808 809 -1, 829 828 808 -1, 830 829 809 -1, 830 809 810 -1, 830 810 811 -1, 831 830 811 -1, 832 831 811 -1, 832 811 812 -1, 833 813 814 -1, 833 812 813 -1, 833 832 812 -1, 834 833 814 -1, 835 215 214 -1, 835 216 215 -1, 835 214 815 -1, 836 814 816 -1, 836 834 814 -1, 837 815 817 -1, 837 835 815 -1, 838 816 818 -1, 838 836 816 -1, 839 817 819 -1, 839 837 817 -1, 840 838 818 -1, 840 818 820 -1, 840 820 822 -1, 841 819 821 -1, 841 839 819 -1, 842 840 822 -1, 843 821 823 -1, 843 841 821 -1, 844 822 824 -1, 844 824 318 -1, 844 318 319 -1, 844 842 822 -1, 845 823 825 -1, 845 843 823 -1, 846 826 827 -1, 846 825 826 -1, 846 845 825 -1, 847 846 827 -1, 848 827 828 -1, 848 847 827 -1, 849 828 829 -1, 849 848 828 -1, 850 849 829 -1, 850 829 830 -1, 851 850 830 -1, 851 830 831 -1, 851 831 832 -1, 852 851 832 -1, 853 852 832 -1, 853 832 833 -1, 854 833 834 -1, 854 853 833 -1, 855 216 835 -1, 856 854 834 -1, 856 834 836 -1, 857 835 837 -1, 857 855 835 -1, 857 837 839 -1, 858 856 836 -1, 858 836 838 -1, 859 857 839 -1, 860 858 838 -1, 860 838 840 -1, 861 839 841 -1, 861 859 839 -1, 862 860 840 -1, 862 840 842 -1, 863 861 841 -1, 863 843 845 -1, 863 841 843 -1, 864 862 842 -1, 864 319 320 -1, 864 844 319 -1, 864 842 844 -1, 865 863 845 -1, 866 845 846 -1, 866 865 845 -1, 867 846 847 -1, 867 847 848 -1, 867 866 846 -1, 868 867 848 -1, 868 848 849 -1, 869 868 849 -1, 870 849 850 -1, 870 850 851 -1, 870 869 849 -1, 871 870 851 -1, 872 851 852 -1, 872 852 853 -1, 872 871 851 -1, 873 872 853 -1, 874 853 854 -1, 874 873 853 -1, 875 217 216 -1, 875 218 217 -1, 875 216 855 -1, 876 854 856 -1, 876 874 854 -1, 877 855 857 -1, 877 875 855 -1, 878 856 858 -1, 878 858 860 -1, 878 876 856 -1, 879 877 857 -1, 879 857 859 -1, 880 878 860 -1, 881 859 861 -1, 881 879 859 -1, 882 860 862 -1, 882 880 860 -1, 883 861 863 -1, 883 881 861 -1, 884 882 862 -1, 884 862 864 -1, 884 320 321 -1, 884 864 320 -1, 885 883 863 -1, 885 863 865 -1, 886 865 866 -1, 886 885 865 -1, 887 866 867 -1, 887 886 866 -1, 888 867 868 -1, 888 887 867 -1, 889 888 868 -1, 889 868 869 -1, 890 889 869 -1, 890 869 870 -1, 891 890 870 -1, 891 870 871 -1, 892 891 871 -1, 892 871 872 -1, 893 872 873 -1, 893 892 872 -1, 894 893 873 -1, 894 873 874 -1, 895 218 875 -1, 896 894 874 -1, 896 874 876 -1, 897 877 879 -1, 897 875 877 -1, 897 895 875 -1, 898 896 876 -1, 898 876 878 -1, 899 897 879 -1, 900 878 880 -1, 900 898 878 -1, 901 879 881 -1, 901 899 879 -1, 901 881 883 -1, 902 880 882 -1, 902 900 880 -1, 903 901 883 -1, 904 882 884 -1, 904 884 321 -1, 904 902 882 -1, 904 321 322 -1, 905 883 885 -1, 905 885 886 -1, 905 903 883 -1, 906 905 886 -1, 907 886 887 -1, 907 887 888 -1, 907 906 886 -1, 908 907 888 -1, 909 888 889 -1, 909 889 890 -1, 909 908 888 -1, 910 909 890 -1, 911 890 891 -1, 911 910 890 -1, 912 891 892 -1, 912 911 891 -1, 913 893 894 -1, 913 892 893 -1, 913 912 892 -1, 914 913 894 -1, 915 219 218 -1, 915 220 219 -1, 915 218 895 -1, 916 894 896 -1, 916 914 894 -1, 917 895 897 -1, 917 915 895 -1, 918 916 896 -1, 918 896 898 -1, 919 897 899 -1, 919 917 897 -1, 920 918 898 -1, 920 898 900 -1, 920 900 902 -1, 921 919 899 -1, 921 899 901 -1, 922 920 902 -1, 923 921 901 -1, 923 901 903 -1, 924 922 902 -1, 924 322 323 -1, 924 323 324 -1, 924 902 904 -1, 924 904 322 -1, 925 923 903 -1, 925 903 905 -1, 926 925 905 -1, 926 905 906 -1, 926 906 907 -1, 927 926 907 -1, 928 927 907 -1, 928 907 908 -1, 929 908 909 -1, 929 928 908 -1, 930 929 909 -1, 930 909 910 -1, 931 930 910 -1, 931 910 911 -1, 931 911 912 -1, 932 931 912 -1, 933 932 912 -1, 933 912 913 -1, 934 913 914 -1, 934 933 913 -1, 935 220 915 -1, 936 934 914 -1, 936 914 916 -1, 937 935 915 -1, 937 915 917 -1, 938 916 918 -1, 938 936 916 -1, 939 917 919 -1, 939 937 917 -1, 940 918 920 -1, 940 938 918 -1, 941 939 919 -1, 941 919 921 -1, 942 920 922 -1, 942 940 920 -1, 943 921 923 -1, 943 941 921 -1, 944 922 924 -1, 944 924 324 -1, 944 942 922 -1, 945 943 923 -1, 945 923 925 -1, 946 926 927 -1, 946 925 926 -1, 946 945 925 -1, 947 946 927 -1, 948 927 928 -1, 948 928 929 -1, 948 947 927 -1, 949 948 929 -1, 949 929 930 -1, 950 949 930 -1, 951 950 930 -1, 951 930 931 -1, 952 951 931 -1, 952 931 932 -1, 952 932 933 -1, 953 952 933 -1, 954 953 933 -1, 954 933 934 -1, 955 221 220 -1, 955 222 221 -1, 955 220 935 -1, 956 954 934 -1, 956 936 938 -1, 956 934 936 -1, 957 955 935 -1, 957 935 937 -1, 958 956 938 -1, 958 938 940 -1, 959 957 937 -1, 959 937 939 -1, 960 958 940 -1, 961 941 943 -1, 961 959 939 -1, 961 939 941 -1, 962 960 940 -1, 962 940 942 -1, 962 942 944 -1, 963 961 943 -1, 964 962 944 -1, 964 324 325 -1, 964 325 326 -1, 964 944 324 -1, 965 963 943 -1, 965 943 945 -1, 965 945 946 -1, 966 965 946 -1, 967 966 946 -1, 967 946 947 -1, 968 967 947 -1, 968 947 948 -1, 969 948 949 -1, 969 968 948 -1, 969 949 950 -1, 970 969 950 -1, 971 951 952 -1, 971 970 950 -1, 971 950 951 -1, 972 971 952 -1, 973 952 953 -1, 973 953 954 -1, 973 972 952 -1, 974 973 954 -1, 975 223 222 -1, 975 222 955 -1, 976 954 956 -1, 976 956 958 -1, 976 974 954 -1, 977 957 959 -1, 977 955 957 -1, 977 975 955 -1, 978 976 958 -1, 979 977 959 -1, 980 958 960 -1, 980 960 962 -1, 980 978 958 -1, 981 959 961 -1, 981 979 959 -1, 982 962 964 -1, 982 980 962 -1, 983 961 963 -1, 983 981 961 -1, 984 964 326 -1, 984 982 964 -1, 985 983 963 -1, 985 963 965 -1, 986 965 966 -1, 986 985 965 -1, 987 966 967 -1, 987 986 966 -1, 988 967 968 -1, 988 987 967 -1, 989 968 969 -1, 989 988 968 -1, 990 989 969 -1, 990 969 970 -1, 991 970 971 -1, 991 990 970 -1, 992 991 971 -1, 992 971 972 -1, 992 972 973 -1, 993 992 973 -1, 994 973 974 -1, 994 993 973 -1, 995 224 223 -1, 995 223 975 -1, 996 994 974 -1, 996 974 976 -1, 997 995 975 -1, 997 975 977 -1, 997 977 979 -1, 998 996 976 -1, 998 976 978 -1, 999 997 979 -1, 1000 998 978 -1, 1000 978 980 -1, 1001 999 979 -1, 1001 979 981 -1, 1001 981 983 -1, 1002 980 982 -1, 1002 1000 980 -1, 1003 1001 983 -1, 1004 982 984 -1, 1004 984 326 -1, 1004 1002 982 -1, 1004 326 327 -1, 1004 327 328 -1, 1005 983 985 -1, 1005 1003 983 -1, 1005 985 986 -1, 1006 1005 986 -1, 1007 986 987 -1, 1007 1006 986 -1, 1008 988 989 -1, 1008 1007 987 -1, 1008 987 988 -1, 1009 989 990 -1, 1009 1008 989 -1, 1010 1009 990 -1, 1011 990 991 -1, 1011 991 992 -1, 1011 1010 990 -1, 1012 1011 992 -1, 1013 992 993 -1, 1013 993 994 -1, 1013 1012 992 -1, 1014 1013 994 -1, 1015 224 995 -1, 1016 996 998 -1, 1016 994 996 -1, 1016 1014 994 -1, 1017 995 997 -1, 1017 997 999 -1, 1017 1015 995 -1, 1018 1016 998 -1, 1019 1017 999 -1, 1020 1018 998 -1, 1020 998 1000 -1, 1020 1000 1002 -1, 1021 1019 999 -1, 1021 999 1001 -1, 1021 1001 1003 -1, 1022 1020 1002 -1, 1022 1002 1004 -1, 1023 1021 1003 -1, 1024 1022 1004 -1, 1024 1004 328 -1, 1025 1023 1003 -1, 1025 1003 1005 -1, 1026 1025 1005 -1, 1026 1005 1006 -1, 1026 1006 1007 -1, 1027 1026 1007 -1, 1028 1007 1008 -1, 1028 1008 1009 -1, 1028 1027 1007 -1, 1029 1028 1009 -1, 1029 1009 1010 -1, 1030 1029 1010 -1, 1031 1010 1011 -1, 1031 1030 1010 -1, 1031 1011 1012 -1, 1032 1031 1012 -1, 1032 1012 1013 -1, 1033 1032 1013 -1, 1033 1013 1014 -1, 1034 1033 1014 -1, 1035 225 224 -1, 1035 224 1015 -1, 1036 1014 1016 -1, 1036 1016 1018 -1, 1036 1034 1014 -1, 1037 1035 1015 -1, 1037 1015 1017 -1, 1038 1036 1018 -1, 1039 1017 1019 -1, 1039 1037 1017 -1, 1040 1018 1020 -1, 1040 1020 1022 -1, 1040 1038 1018 -1, 1041 1019 1021 -1, 1041 1039 1019 -1, 1042 1022 1024 -1, 1042 1040 1022 -1, 1043 1021 1023 -1, 1043 1041 1021 -1, 1044 1024 328 -1, 1044 328 329 -1, 1044 1042 1024 -1, 1045 1023 1025 -1, 1045 1043 1023 -1, 1046 1025 1026 -1, 1046 1045 1025 -1, 1047 1026 1027 -1, 1047 1046 1026 -1, 1048 1027 1028 -1, 1048 1047 1027 -1, 1049 1028 1029 -1, 1049 1048 1028 -1, 1050 1029 1030 -1, 1050 1049 1029 -1, 1051 1050 1030 -1, 1051 1030 1031 -1, 1052 1032 1033 -1, 1052 1031 1032 -1, 1052 1051 1031 -1, 1053 1052 1033 -1, 1054 1053 1033 -1, 1054 1033 1034 -1, 1055 226 225 -1, 1055 227 226 -1, 1055 225 1035 -1, 1056 1034 1036 -1, 1056 1054 1034 -1, 1057 1035 1037 -1, 1057 1055 1035 -1, 1058 1056 1036 -1, 1058 1036 1038 -1, 1059 1057 1037 -1, 1059 1037 1039 -1, 1060 1058 1038 -1, 1060 1038 1040 -1, 1061 1039 1041 -1, 1061 1059 1039 -1, 1062 1060 1040 -1, 1062 1040 1042 -1, 1063 1061 1041 -1, 1063 1041 1043 -1, 1064 1062 1042 -1, 1064 329 330 -1, 1064 330 331 -1, 1064 1044 329 -1, 1064 1042 1044 -1, 1065 1063 1043 -1, 1065 1043 1045 -1, 1066 1065 1045 -1, 1066 1045 1046 -1, 1066 1046 1047 -1, 1067 1066 1047 -1, 1068 1067 1047 -1, 1068 1047 1048 -1, 1069 1049 1050 -1, 1069 1068 1048 -1, 1069 1048 1049 -1, 1070 1069 1050 -1, 1071 1050 1051 -1, 1071 1070 1050 -1, 1072 1051 1052 -1, 1072 1071 1051 -1, 1073 1052 1053 -1, 1073 1072 1052 -1, 1074 1053 1054 -1, 1074 1073 1053 -1, 1075 228 227 -1, 1075 227 1055 -1, 1076 1054 1056 -1, 1076 1056 1058 -1, 1076 1074 1054 -1, 1077 1075 1055 -1, 1077 1055 1057 -1, 1078 1076 1058 -1, 1079 1077 1057 -1, 1079 1057 1059 -1, 1080 1058 1060 -1, 1080 1078 1058 -1, 1081 1061 1063 -1, 1081 1059 1061 -1, 1081 1079 1059 -1, 1082 1080 1060 -1, 1082 1060 1062 -1, 1082 1062 1064 -1, 1083 1081 1063 -1, 1084 1082 1064 -1, 1084 1064 331 -1, 1085 1063 1065 -1, 1085 1083 1063 -1, 1085 1065 1066 -1, 1086 1085 1066 -1, 1087 1067 1068 -1, 1087 1066 1067 -1, 1087 1086 1066 -1, 1088 1068 1069 -1, 1088 1087 1068 -1, 1089 1088 1069 -1, 1090 1089 1069 -1, 1090 1069 1070 -1, 1091 1070 1071 -1, 1091 1071 1072 -1, 1091 1090 1070 -1, 1092 1091 1072 -1, 1093 1092 1072 -1, 1093 1072 1073 -1, 1093 1073 1074 -1, 1094 1093 1074 -1, 1095 228 1075 -1, 1095 1075 1077 -1, 1096 1094 1074 -1, 1096 1074 1076 -1, 1097 1095 1077 -1, 1098 1096 1076 -1, 1098 1076 1078 -1, 1098 1078 1080 -1, 1099 1077 1079 -1, 1099 1097 1077 -1, 1100 1098 1080 -1, 1101 1099 1079 -1, 1101 1079 1081 -1, 1102 1082 1084 -1, 1102 1100 1080 -1, 1102 1080 1082 -1, 1103 1081 1083 -1, 1103 1101 1081 -1, 1104 1102 1084 -1, 1104 1084 331 -1, 1104 331 332 -1, 1105 1083 1085 -1, 1105 1103 1083 -1, 1106 1105 1085 -1, 1106 1085 1086 -1, 1107 1086 1087 -1, 1107 1106 1086 -1, 1108 1087 1088 -1, 1108 1107 1087 -1, 1109 1088 1089 -1, 1109 1108 1088 -1, 1110 1109 1089 -1, 1110 1089 1090 -1, 1111 1090 1091 -1, 1111 1110 1090 -1, 1112 1091 1092 -1, 1112 1111 1091 -1, 1113 1092 1093 -1, 1113 1112 1092 -1, 1114 1093 1094 -1, 1114 1113 1093 -1, 1115 228 1095 -1, 1115 229 228 -1, 1116 1094 1096 -1, 1116 1114 1094 -1, 1117 1095 1097 -1, 1117 1115 1095 -1, 1118 1096 1098 -1, 1118 1098 1100 -1, 1118 1116 1096 -1, 1119 1117 1097 -1, 1119 1097 1099 -1, 1120 1118 1100 -1, 1121 1099 1101 -1, 1121 1101 1103 -1, 1121 1119 1099 -1, 1122 1120 1100 -1, 1122 1100 1102 -1, 1123 1121 1103 -1, 1124 1102 1104 -1, 1124 1122 1102 -1, 1124 332 333 -1, 1124 1104 332 -1, 1125 1103 1105 -1, 1125 1123 1103 -1, 1125 1105 1106 -1, 1126 1125 1106 -1, 1127 1126 1106 -1, 1127 1106 1107 -1, 1128 1127 1107 -1, 1128 1107 1108 -1, 1128 1108 1109 -1, 1129 1128 1109 -1, 1130 1129 1109 -1, 1130 1109 1110 -1, 1131 1110 1111 -1, 1131 1111 1112 -1, 1131 1130 1110 -1, 1132 1131 1112 -1, 1133 1132 1112 -1, 1133 1112 1113 -1, 1134 1133 1113 -1, 1134 1113 1114 -1, 1135 229 1115 -1, 1135 1115 1117 -1, 1135 230 229 -1, 1136 1116 1118 -1, 1136 1114 1116 -1, 1136 1134 1114 -1, 1137 1135 1117 -1, 1138 1136 1118 -1, 1139 1119 1121 -1, 1139 1137 1117 -1, 1139 1117 1119 -1, 1140 1138 1118 -1, 1140 1118 1120 -1, 1140 1120 1122 -1, 1141 1139 1121 -1, 1142 1140 1122 -1, 1143 1121 1123 -1, 1143 1141 1121 -1, 1143 1123 1125 -1, 1144 1124 333 -1, 1144 333 334 -1, 1144 1122 1124 -1, 1144 1142 1122 -1, 1145 1143 1125 -1, 1146 1125 1126 -1, 1146 1145 1125 -1, 1147 1126 1127 -1, 1147 1127 1128 -1, 1147 1146 1126 -1, 1148 1147 1128 -1, 1149 1129 1130 -1, 1149 1148 1128 -1, 1149 1128 1129 -1, 1150 1149 1130 -1, 1151 1130 1131 -1, 1151 1150 1130 -1, 1152 1132 1133 -1, 1152 1131 1132 -1, 1152 1151 1131 -1, 1153 1152 1133 -1, 1154 1153 1133 -1, 1154 1133 1134 -1, 1155 230 1135 -1, 1155 231 230 -1, 1156 1154 1134 -1, 1156 1134 1136 -1, 1156 1136 1138 -1, 1157 1155 1135 -1, 1157 1135 1137 -1, 1158 1156 1138 -1, 1159 1157 1137 -1, 1159 1137 1139 -1, 1160 1138 1140 -1, 1160 1158 1138 -1, 1161 1139 1141 -1, 1161 1159 1139 -1, 1162 1160 1140 -1, 1162 1140 1142 -1, 1163 1161 1141 -1, 1163 1141 1143 -1, 1164 1144 334 -1, 1164 1162 1142 -1, 1164 334 335 -1, 1164 335 336 -1, 1164 1142 1144 -1, 1165 1143 1145 -1, 1165 1163 1143 -1, 1166 1165 1145 -1, 1166 1145 1146 -1, 1167 1166 1146 -1, 1167 1146 1147 -1, 1168 1167 1147 -1, 1168 1147 1148 -1, 1169 1148 1149 -1, 1169 1168 1148 -1, 1170 1149 1150 -1, 1170 1169 1149 -1, 1171 1150 1151 -1, 1171 1170 1150 -1, 1172 1151 1152 -1, 1172 1171 1151 -1, 1173 1152 1153 -1, 1173 1172 1152 -1, 1174 1153 1154 -1, 1174 1173 1153 -1, 1175 231 1155 -1, 1175 232 231 -1, 1175 1155 1157 -1, 1176 1154 1156 -1, 1176 1174 1154 -1, 1177 1175 1157 -1, 1178 1156 1158 -1, 1178 1176 1156 -1, 1179 1177 1157 -1, 1179 1157 1159 -1, 1179 1159 1161 -1, 1180 1178 1158 -1, 1180 1158 1160 -1, 1181 1179 1161 -1, 1182 1160 1162 -1, 1182 1180 1160 -1, 1183 1161 1163 -1, 1183 1181 1161 -1, 1184 1164 336 -1, 1184 1162 1164 -1, 1184 1182 1162 -1, 1185 1163 1165 -1, 1185 1183 1163 -1, 1186 1185 1165 -1, 1186 1165 1166 -1, 1187 1186 1166 -1, 1187 1166 1167 -1, 1188 1187 1167 -1, 1188 1167 1168 -1, 1189 1188 1168 -1, 1189 1168 1169 -1, 1190 1189 1169 -1, 1190 1169 1170 -1, 1191 1170 1171 -1, 1191 1190 1170 -1, 1192 1191 1171 -1, 1192 1172 1173 -1, 1192 1171 1172 -1, 1193 1192 1173 -1, 1194 1193 1173 -1, 1194 1173 1174 -1, 1195 233 232 -1, 1195 234 233 -1, 1195 232 1175 -1, 1196 1194 1174 -1, 1196 1174 1176 -1, 1197 1195 1175 -1, 1197 1175 1177 -1, 1198 1196 1176 -1, 1198 1176 1178 -1, 1199 1197 1177 -1, 1199 1177 1179 -1, 1200 1198 1178 -1, 1200 1178 1180 -1, 1201 1181 1183 -1, 1201 1199 1179 -1, 1201 1179 1181 -1, 1202 1200 1180 -1, 1202 1180 1182 -1, 1203 1183 1185 -1, 1203 1201 1183 -1, 1204 1182 1184 -1, 1204 1184 336 -1, 1204 336 337 -1, 1204 1202 1182 -1, 1205 1185 1186 -1, 1205 1203 1185 -1, 1206 1205 1186 -1, 1207 1206 1186 -1, 1207 1187 1188 -1, 1207 1186 1187 -1, 1208 1207 1188 -1, 1209 1188 1189 -1, 1209 1208 1188 -1, 1210 1189 1190 -1, 1210 1190 1191 -1, 1210 1209 1189 -1, 1211 1210 1191 -1, 1212 1191 1192 -1, 1212 1211 1191 -1, 1213 1212 1192 -1, 1213 1192 1193 -1, 1213 1193 1194 -1, 1214 1213 1194 -1, 1215 234 1195 -1, 1215 1195 1197 -1, 1216 1194 1196 -1, 1216 1196 1198 -1, 1216 1214 1194 -1, 1217 1215 1197 -1, 1218 1216 1198 -1, 1219 1197 1199 -1, 1219 1217 1197 -1, 1220 1218 1198 -1, 1220 1198 1200 -1, 1221 1219 1199 -1, 1221 1199 1201 -1, 1222 1220 1200 -1, 1222 1200 1202 -1, 1223 1201 1203 -1, 1223 1221 1201 -1, 1224 1222 1202 -1, 1224 1202 1204 -1, 1224 1204 337 -1, 1224 337 338 -1, 1224 338 339 -1, 1225 1223 1203 -1, 1225 1203 1205 -1, 1226 1225 1205 -1, 1226 1205 1206 -1, 1227 1206 1207 -1, 1227 1226 1206 -1, 1228 1227 1207 -1, 1228 1208 1209 -1, 1228 1207 1208 -1, 1229 1228 1209 -1, 1230 1229 1209 -1, 1230 1209 1210 -1, 1231 1230 1210 -1, 1231 1210 1211 -1, 1232 1211 1212 -1, 1232 1231 1211 -1, 1233 1232 1212 -1, 1233 1212 1213 -1, 1234 1233 1213 -1, 1234 1213 1214 -1, 1235 235 234 -1, 1235 234 1215 -1, 1236 1234 1214 -1, 1236 1214 1216 -1, 1237 1215 1217 -1, 1237 1235 1215 -1, 1238 1216 1218 -1, 1238 1218 1220 -1, 1238 1236 1216 -1, 1239 1217 1219 -1, 1239 1237 1217 -1, 1240 1238 1220 -1, 1241 1219 1221 -1, 1241 1239 1219 -1, 1242 1220 1222 -1, 1242 1240 1220 -1, 1243 1221 1223 -1, 1243 1241 1221 -1, 1244 1224 339 -1, 1244 1222 1224 -1, 1244 1242 1222 -1, 1245 1223 1225 -1, 1245 1243 1223 -1, 1246 1225 1226 -1, 1246 1245 1225 -1, 1247 1226 1227 -1, 1247 1246 1226 -1, 1248 1227 1228 -1, 1248 1247 1227 -1, 1249 1228 1229 -1, 1249 1248 1228 -1, 1250 1229 1230 -1, 1250 1249 1229 -1, 1251 1230 1231 -1, 1251 1250 1230 -1, 1252 1251 1231 -1, 1252 1231 1232 -1, 1253 1252 1232 -1, 1253 1232 1233 -1, 1254 1233 1234 -1, 1254 1253 1233 -1, 1255 235 1235 -1, 1255 236 235 -1, 1256 1234 1236 -1, 1256 1254 1234 -1, 1257 1235 1237 -1, 1257 1255 1235 -1, 1258 1256 1236 -1, 1258 1236 1238 -1, 1259 1257 1237 -1, 1259 1237 1239 -1, 1260 1238 1240 -1, 1260 1258 1238 -1, 1261 1239 1241 -1, 1261 1259 1239 -1, 1262 1260 1240 -1, 1262 1240 1242 -1, 1263 1261 1241 -1, 1263 1241 1243 -1, 1263 1243 1245 -1, 1264 1244 339 -1, 1264 1262 1242 -1, 1264 339 340 -1, 1264 1242 1244 -1, 1265 1263 1245 -1, 1265 1245 1246 -1, 1266 1265 1246 -1, 1267 1266 1246 -1, 1267 1246 1247 -1, 1267 1247 1248 -1, 1268 1267 1248 -1, 1269 1268 1248 -1, 1269 1248 1249 -1, 1270 1249 1250 -1, 1270 1269 1249 -1, 1271 1270 1250 -1, 1271 1250 1251 -1, 1272 1251 1252 -1, 1272 1271 1251 -1, 1273 1272 1252 -1, 1273 1252 1253 -1, 1274 1253 1254 -1, 1274 1254 1256 -1, 1274 1273 1253 -1, 1275 237 236 -1, 1275 236 1255 -1, 1276 1256 1258 -1, 1276 1274 1256 -1, 1277 1255 1257 -1, 1277 1275 1255 -1, 1278 1276 1258 -1, 1279 1257 1259 -1, 1279 1277 1257 -1, 1280 1278 1258 -1, 1280 1258 1260 -1, 1280 1260 1262 -1, 1281 1259 1261 -1, 1281 1279 1259 -1, 1282 1280 1262 -1, 1283 1261 1263 -1, 1283 1281 1261 -1, 1284 1264 340 -1, 1284 340 341 -1, 1284 341 342 -1, 1284 1262 1264 -1, 1284 1282 1262 -1, 1285 1283 1263 -1, 1285 1263 1265 -1, 1286 1265 1266 -1, 1286 1285 1265 -1, 1287 1266 1267 -1, 1287 1286 1266 -1, 1288 1267 1268 -1, 1288 1268 1269 -1, 1288 1287 1267 -1, 1289 1288 1269 -1, 1290 1269 1270 -1, 1290 1289 1269 -1, 1291 1290 1270 -1, 1291 1270 1271 -1, 1291 1271 1272 -1, 1292 1291 1272 -1, 1293 1292 1272 -1, 1293 1272 1273 -1, 1294 1293 1273 -1, 1294 1273 1274 -1, 1295 1275 1277 -1, 1295 238 237 -1, 1295 237 1275 -1, 1296 1294 1274 -1, 1296 1274 1276 -1, 1297 1295 1277 -1, 1298 1296 1276 -1, 1298 1276 1278 -1, 1299 1279 1281 -1, 1299 1297 1277 -1, 1299 1277 1279 -1, 1300 1298 1278 -1, 1300 1278 1280 -1, 1301 1299 1281 -1, 1302 1300 1280 -1, 1302 1280 1282 -1, 1303 1301 1281 -1, 1303 1281 1283 -1, 1304 1282 1284 -1, 1304 1302 1282 -1, 1304 1284 342 -1, 1305 1283 1285 -1, 1305 1303 1283 -1, 1306 1285 1286 -1, 1306 1305 1285 -1, 1307 1286 1287 -1, 1307 1306 1286 -1, 1308 1287 1288 -1, 1308 1307 1287 -1, 1309 1288 1289 -1, 1309 1289 1290 -1, 1309 1308 1288 -1, 1310 1309 1290 -1, 1311 1290 1291 -1, 1311 1310 1290 -1, 1312 1291 1292 -1, 1312 1311 1291 -1, 1313 1292 1293 -1, 1313 1312 1292 -1, 1314 1293 1294 -1, 1314 1313 1293 -1, 1315 238 1295 -1, 1315 239 238 -1, 1316 1294 1296 -1, 1316 1314 1294 -1, 1316 1296 1298 -1, 1317 1295 1297 -1, 1317 1315 1295 -1, 1318 1316 1298 -1, 1319 1317 1297 -1, 1319 1297 1299 -1, 1320 1298 1300 -1, 1320 1318 1298 -1, 1321 1299 1301 -1, 1321 1319 1299 -1, 1322 1320 1300 -1, 1322 1302 1304 -1, 1322 1300 1302 -1, 1323 1301 1303 -1, 1323 1303 1305 -1, 1323 1321 1301 -1, 1324 1322 1304 -1, 1324 1304 342 -1, 1324 342 343 -1, 1324 343 344 -1, 1325 1323 1305 -1, 1326 1325 1305 -1, 1326 1305 1306 -1, 1327 1326 1306 -1, 1327 1306 1307 -1, 1327 1307 1308 -1, 1328 1327 1308 -1, 1329 1308 1309 -1, 1329 1309 1310 -1, 1329 1328 1308 -1, 1330 1329 1310 -1, 1331 1330 1310 -1, 1331 1310 1311 -1, 1332 1331 1311 -1, 1332 1311 1312 -1, 1333 1332 1312 -1, 1333 1312 1313 -1, 1334 1333 1313 -1, 1334 1314 1316 -1, 1334 1313 1314 -1, 1335 239 1315 -1, 1335 240 239 -1, 1336 1334 1316 -1, 1336 1316 1318 -1, 1337 1335 1315 -1, 1337 1315 1317 -1, 1338 1336 1318 -1, 1339 1337 1317 -1, 1339 1317 1319 -1, 1340 1318 1320 -1, 1340 1338 1318 -1, 1341 1339 1319 -1, 1341 1319 1321 -1, 1342 1320 1322 -1, 1342 1322 1324 -1, 1342 1340 1320 -1, 1343 1321 1323 -1, 1343 1341 1321 -1, 1344 1342 1324 -1, 1344 1324 344 -1, 1345 1323 1325 -1, 1345 1343 1323 -1, 1346 1325 1326 -1, 1346 1345 1325 -1, 1347 1326 1327 -1, 1347 1346 1326 -1, 1348 1327 1328 -1, 1348 1347 1327 -1, 1349 1328 1329 -1, 1349 1348 1328 -1, 1350 1329 1330 -1, 1350 1349 1329 -1, 1351 1331 1332 -1, 1351 1330 1331 -1, 1351 1350 1330 -1, 1352 1351 1332 -1, 1353 1332 1333 -1, 1353 1352 1332 -1, 1354 1333 1334 -1, 1354 1353 1333 -1, 1355 240 1335 -1, 1355 241 240 -1, 1355 242 241 -1, 1356 1334 1336 -1, 1356 1354 1334 -1, 1357 1335 1337 -1, 1357 1355 1335 -1, 1358 1336 1338 -1, 1358 1356 1336 -1, 1359 1337 1339 -1, 1359 1357 1337 -1, 1360 1358 1338 -1, 1360 1338 1340 -1, 1361 1359 1339 -1, 1361 1339 1341 -1, 1362 1360 1340 -1, 1362 1340 1342 -1, 1363 1361 1341 -1, 1363 1341 1343 -1, 1364 344 345 -1, 1364 1362 1342 -1, 1364 1342 1344 -1, 1364 1344 344 -1, 1365 1343 1345 -1, 1365 1363 1343 -1, 1366 1365 1345 -1, 1366 1345 1346 -1, 1367 1366 1346 -1, 1367 1346 1347 -1, 1368 1367 1347 -1, 1368 1347 1348 -1, 1368 1348 1349 -1, 1369 1368 1349 -1, 1370 1369 1349 -1, 1370 1349 1350 -1, 1371 1350 1351 -1, 1371 1370 1350 -1, 1372 1371 1351 -1, 1372 1351 1352 -1, 1373 1352 1353 -1, 1373 1372 1352 -1, 1374 1353 1354 -1, 1374 1373 1353 -1, 1375 242 1355 -1, 1375 1355 1357 -1, 1376 1354 1356 -1, 1376 1374 1354 -1, 1377 1375 1357 -1, 1378 1356 1358 -1, 1378 1376 1356 -1, 1379 1357 1359 -1, 1379 1377 1357 -1, 1379 1359 1361 -1, 1380 1358 1360 -1, 1380 1378 1358 -1, 1381 1379 1361 -1, 1382 1360 1362 -1, 1382 1380 1360 -1, 1383 1363 1365 -1, 1383 1361 1363 -1, 1383 1381 1361 -1, 1384 1382 1362 -1, 1384 1362 1364 -1, 1384 345 346 -1, 1384 1364 345 -1, 1385 1383 1365 -1, 1386 1365 1366 -1, 1386 1385 1365 -1, 1387 1367 1368 -1, 1387 1366 1367 -1, 1387 1386 1366 -1, 1388 1387 1368 -1, 1389 1368 1369 -1, 1389 1388 1368 -1, 1390 1389 1369 -1, 1390 1370 1371 -1, 1390 1369 1370 -1, 1391 1390 1371 -1, 1392 1391 1371 -1, 1392 1371 1372 -1, 1393 1372 1373 -1, 1393 1392 1372 -1, 1394 1393 1373 -1, 1394 1373 1374 -1, 1394 1374 1376 -1, 1395 242 1375 -1, 1395 243 242 -1, 1396 1376 1378 -1, 1396 1394 1376 -1, 1397 1375 1377 -1, 1397 1395 1375 -1, 1398 1378 1380 -1, 1398 1396 1378 -1, 1399 1397 1377 -1, 1399 1377 1379 -1, 1400 1398 1380 -1, 1401 1379 1381 -1, 1401 1399 1379 -1, 1402 1382 1384 -1, 1402 1400 1380 -1, 1402 1380 1382 -1, 1403 1401 1381 -1, 1403 1381 1383 -1, 1404 1402 1384 -1, 1404 346 347 -1, 1404 347 348 -1, 1404 1384 346 -1, 1405 1383 1385 -1, 1405 1403 1383 -1, 1406 1385 1386 -1, 1406 1405 1385 -1, 1407 1387 1388 -1, 1407 1386 1387 -1, 1407 1406 1386 -1, 1408 1407 1388 -1, 1409 1388 1389 -1, 1409 1408 1388 -1, 1410 1389 1390 -1, 1410 1409 1389 -1, 1411 1390 1391 -1, 1411 1410 1390 -1, 1412 1391 1392 -1, 1412 1411 1391 -1, 1413 1392 1393 -1, 1413 1412 1392 -1, 1414 1393 1394 -1, 1414 1413 1393 -1, 1415 243 1395 -1, 1415 244 243 -1, 1415 245 244 -1, 1416 1414 1394 -1, 1416 1394 1396 -1, 1417 1395 1397 -1, 1417 1415 1395 -1, 1418 1396 1398 -1, 1418 1416 1396 -1, 1419 1397 1399 -1, 1419 1417 1397 -1, 1420 1398 1400 -1, 1420 1418 1398 -1, 1421 1419 1399 -1, 1421 1399 1401 -1, 1422 1400 1402 -1, 1422 1420 1400 -1, 1423 1421 1401 -1, 1423 1401 1403 -1, 1424 1422 1402 -1, 1424 1402 1404 -1, 1424 1404 348 -1, 1425 1403 1405 -1, 1425 1423 1403 -1, 1426 1425 1405 -1, 1426 1405 1406 -1, 1427 1426 1406 -1, 1427 1406 1407 -1, 1428 1407 1408 -1, 1428 1427 1407 -1, 1429 1428 1408 -1, 1429 1408 1409 -1, 1430 1429 1409 -1, 1430 1409 1410 -1, 1431 1410 1411 -1, 1431 1430 1410 -1, 1432 1431 1411 -1, 1432 1412 1413 -1, 1432 1411 1412 -1, 1433 1432 1413 -1, 1434 1433 1413 -1, 1434 1413 1414 -1, 1435 1415 1417 -1, 1435 245 1415 -1, 1436 1434 1414 -1, 1436 1414 1416 -1, 1437 1435 1417 -1, 1437 1417 1419 -1, 1438 1418 1420 -1, 1438 1436 1416 -1, 1438 1416 1418 -1, 1439 1437 1419 -1, 1440 1438 1420 -1, 1441 1419 1421 -1, 1441 1421 1423 -1, 1441 1439 1419 -1, 1442 1420 1422 -1, 1442 1440 1420 -1, 1443 1441 1423 -1, 1444 1424 348 -1, 1444 1442 1422 -1, 1444 1422 1424 -1, 1444 348 349 -1, 1444 349 350 -1, 1445 1423 1425 -1, 1445 1443 1423 -1, 1445 1425 1426 -1, 1446 1445 1426 -1, 1447 1446 1426 -1, 1447 1427 1428 -1, 1447 1426 1427 -1, 1448 1447 1428 -1, 1449 1428 1429 -1, 1449 1429 1430 -1, 1449 1448 1428 -1, 1450 1449 1430 -1, 1451 1430 1431 -1, 1451 1431 1432 -1, 1451 1450 1430 -1, 1452 1451 1432 -1, 1453 1432 1433 -1, 1453 1452 1432 -1, 1454 1433 1434 -1, 1454 1453 1433 -1, 1455 245 1435 -1, 1455 246 245 -1, 1455 247 246 -1, 1456 1434 1436 -1, 1456 1436 1438 -1, 1456 1454 1434 -1, 1457 1435 1437 -1, 1457 1455 1435 -1, 1458 1456 1438 -1, 1459 1457 1437 -1, 1459 1437 1439 -1, 1460 1458 1438 -1, 1460 1438 1440 -1, 1460 1440 1442 -1, 1461 1439 1441 -1, 1461 1459 1439 -1, 1462 1460 1442 -1, 1463 1441 1443 -1, 1463 1461 1441 -1, 1464 1462 1442 -1, 1464 1442 1444 -1, 1464 1444 350 -1, 1465 1443 1445 -1, 1465 1463 1443 -1, 1466 1465 1445 -1, 1466 1445 1446 -1, 1467 1466 1446 -1, 1467 1446 1447 -1, 1468 1447 1448 -1, 1468 1467 1447 -1, 1469 1468 1448 -1, 1469 1448 1449 -1, 1470 1469 1449 -1, 1470 1449 1450 -1, 1471 1470 1450 -1, 1471 1450 1451 -1, 1472 1451 1452 -1, 1472 1471 1451 -1, 1473 1452 1453 -1, 1473 1472 1452 -1, 1474 1453 1454 -1, 1474 1473 1453 -1, 1475 247 1455 -1, 1475 1455 1457 -1, 1476 1474 1454 -1, 1476 1454 1456 -1, 1477 1457 1459 -1, 1477 1475 1457 -1, 1478 1456 1458 -1, 1478 1476 1456 -1, 1479 1477 1459 -1, 1480 1458 1460 -1, 1480 1478 1458 -1, 1481 1459 1461 -1, 1481 1461 1463 -1, 1481 1479 1459 -1, 1482 1460 1462 -1, 1482 1480 1460 -1, 1483 1481 1463 -1, 1484 1462 1464 -1, 1484 1464 350 -1, 1484 350 351 -1, 1484 1482 1462 -1, 1485 1463 1465 -1, 1485 1483 1463 -1, 1486 1465 1466 -1, 1486 1485 1465 -1, 1487 1467 1468 -1, 1487 1466 1467 -1, 1487 1486 1466 -1, 1488 1468 1469 -1, 1488 1487 1468 -1, 1489 1488 1469 -1, 1489 1469 1470 -1, 1490 1489 1470 -1, 1491 1490 1470 -1, 1491 1470 1471 -1, 1492 1471 1472 -1, 1492 1491 1471 -1, 1493 1492 1472 -1, 1493 1472 1473 -1, 1493 1473 1474 -1, 1494 1493 1474 -1, 1495 1475 1477 -1, 1495 248 247 -1, 1495 249 248 -1, 1495 247 1475 -1, 1496 1494 1474 -1, 1496 1474 1476 -1, 1496 1476 1478 -1, 1497 1495 1477 -1, 1498 1496 1478 -1, 1499 1477 1479 -1, 1499 1497 1477 -1, 1500 1498 1478 -1, 1500 1478 1480 -1, 1500 1480 1482 -1, 1501 1479 1481 -1, 1501 1499 1479 -1, 1502 1500 1482 -1, 1503 1501 1481 -1, 1503 1481 1483 -1, 1504 1502 1482 -1, 1504 351 352 -1, 1504 1484 351 -1, 1504 1482 1484 -1, 1505 1503 1483 -1, 1505 1483 1485 -1, 1506 1505 1485 -1, 1506 1485 1486 -1, 1507 1486 1487 -1, 1507 1506 1486 -1, 1508 1507 1487 -1, 1508 1487 1488 -1, 1509 1488 1489 -1, 1509 1508 1488 -1, 1510 1489 1490 -1, 1510 1509 1489 -1, 1511 1490 1491 -1, 1511 1510 1490 -1, 1512 1491 1492 -1, 1512 1511 1491 -1, 1513 1492 1493 -1, 1513 1493 1494 -1, 1513 1512 1492 -1, 1514 1513 1494 -1, 1515 250 249 -1, 1515 249 1495 -1, 1516 1494 1496 -1, 1516 1496 1498 -1, 1516 1514 1494 -1, 1517 1515 1495 -1, 1517 1495 1497 -1, 1518 1516 1498 -1, 1519 1497 1499 -1, 1519 1517 1497 -1, 1520 1518 1498 -1, 1520 1498 1500 -1, 1521 1499 1501 -1, 1521 1501 1503 -1, 1521 1519 1499 -1, 1522 1500 1502 -1, 1522 1520 1500 -1, 1523 1521 1503 -1, 1524 1502 1504 -1, 1524 352 353 -1, 1524 1522 1502 -1, 1524 1504 352 -1, 1525 1503 1505 -1, 1525 1523 1503 -1, 1526 1525 1505 -1, 1526 1505 1506 -1, 1527 1526 1506 -1, 1527 1506 1507 -1, 1528 1507 1508 -1, 1528 1508 1509 -1, 1528 1527 1507 -1, 1529 1509 1510 -1, 1529 1528 1509 -1, 1530 1529 1510 -1, 1531 1530 1510 -1, 1531 1510 1511 -1, 1531 1511 1512 -1, 1532 1531 1512 -1, 1533 1532 1512 -1, 1533 1512 1513 -1, 1534 1513 1514 -1, 1534 1533 1513 -1, 1535 250 1515 -1, 1535 1515 1517 -1, 1536 1534 1514 -1, 1536 1514 1516 -1, 1537 1517 1519 -1, 1537 1535 1517 -1, 1538 1536 1516 -1, 1538 1516 1518 -1, 1539 1537 1519 -1, 1540 1520 1522 -1, 1540 1538 1518 -1, 1540 1518 1520 -1, 1541 1521 1523 -1, 1541 1519 1521 -1, 1541 1539 1519 -1, 1542 1540 1522 -1, 1543 1541 1523 -1, 1544 1522 1524 -1, 1544 1524 353 -1, 1544 1542 1522 -1, 1544 353 354 -1, 1545 1543 1523 -1, 1545 1523 1525 -1, 1546 1525 1526 -1, 1546 1545 1525 -1, 1547 1526 1527 -1, 1547 1527 1528 -1, 1547 1546 1526 -1, 1548 1547 1528 -1, 1549 1528 1529 -1, 1549 1548 1528 -1, 1550 1549 1529 -1, 1550 1529 1530 -1, 1551 1530 1531 -1, 1551 1550 1530 -1, 1552 1531 1532 -1, 1552 1551 1531 -1, 1553 1532 1533 -1, 1553 1533 1534 -1, 1553 1552 1532 -1, 1554 1553 1534 -1, 1555 1535 1537 -1, 1555 251 250 -1, 1555 250 1535 -1, 1556 1534 1536 -1, 1556 1536 1538 -1, 1556 1554 1534 -1, 1557 1555 1537 -1, 1558 1556 1538 -1, 1559 1557 1537 -1, 1559 1537 1539 -1, 1560 1558 1538 -1, 1560 1538 1540 -1, 1561 1539 1541 -1, 1561 1559 1539 -1, 1562 1560 1540 -1, 1562 1540 1542 -1, 1563 1561 1541 -1, 1563 1541 1543 -1, 1564 1562 1542 -1, 1564 1542 1544 -1, 1564 1544 354 -1, 1564 354 355 -1, 1565 1563 1543 -1, 1565 1543 1545 -1, 1566 1546 1547 -1, 1566 1545 1546 -1, 1566 1565 1545 -1, 1567 1566 1547 -1, 1568 1547 1548 -1, 1568 1548 1549 -1, 1568 1567 1547 -1, 1569 1568 1549 -1, 1570 1569 1549 -1, 1570 1549 1550 -1, 1571 1570 1550 -1, 1571 1550 1551 -1, 1572 1571 1551 -1, 1572 1551 1552 -1, 1573 1552 1553 -1, 1573 1572 1552 -1, 1574 1553 1554 -1, 1574 1573 1553 -1, 1575 251 1555 -1, 1575 252 251 -1, 1576 1574 1554 -1, 1576 1554 1556 -1, 1577 1555 1557 -1, 1577 1575 1555 -1, 1578 1556 1558 -1, 1578 1576 1556 -1, 1579 1557 1559 -1, 1579 1577 1557 -1, 1580 1558 1560 -1, 1580 1560 1562 -1, 1580 1578 1558 -1, 1581 1559 1561 -1, 1581 1579 1559 -1, 1582 1580 1562 -1, 1583 1561 1563 -1, 1583 1581 1561 -1, 1584 1562 1564 -1, 1584 1564 355 -1, 1584 355 356 -1, 1584 1582 1562 -1, 1584 356 357 -1, 1585 1563 1565 -1, 1585 1583 1563 -1, 1586 1565 1566 -1, 1586 1585 1565 -1, 1587 1566 1567 -1, 1587 1586 1566 -1, 1588 1587 1567 -1, 1588 1567 1568 -1, 1589 1568 1569 -1, 1589 1588 1568 -1, 1590 1589 1569 -1, 1590 1569 1570 -1, 1591 1570 1571 -1, 1591 1590 1570 -1, 1592 1591 1571 -1, 1592 1571 1572 -1, 1593 1572 1573 -1, 1593 1592 1572 -1, 1594 1593 1573 -1, 1594 1573 1574 -1, 1595 252 1575 -1, 1595 1575 1577 -1, 1595 253 252 -1, 1595 254 253 -1, 1596 1574 1576 -1, 1596 1594 1574 -1, 1597 1595 1577 -1, 1598 1596 1576 -1, 1598 1576 1578 -1, 1599 1577 1579 -1, 1599 1597 1577 -1, 1600 1578 1580 -1, 1600 1598 1578 -1, 1601 1599 1579 -1, 1601 1579 1581 -1, 1601 1581 1583 -1, 1602 1600 1580 -1, 1602 1580 1582 -1, 1603 1601 1583 -1, 1604 1602 1582 -1, 1604 1582 1584 -1, 1604 1584 357 -1, 1605 1603 1583 -1, 1605 1583 1585 -1, 1606 1605 1585 -1, 1606 1585 1586 -1, 1607 1586 1587 -1, 1607 1606 1586 -1, 1608 1588 1589 -1, 1608 1607 1587 -1, 1608 1587 1588 -1, 1609 1589 1590 -1, 1609 1608 1589 -1, 1610 1609 1590 -1, 1611 1590 1591 -1, 1611 1591 1592 -1, 1611 1610 1590 -1, 1612 1611 1592 -1, 1613 1592 1593 -1, 1613 1612 1592 -1, 1614 1593 1594 -1, 1614 1613 1593 -1, 1615 1595 1597 -1, 1615 254 1595 -1, 1616 1614 1594 -1, 1616 1594 1596 -1, 1617 1597 1599 -1, 1617 1615 1597 -1, 1618 1596 1598 -1, 1618 1616 1596 -1, 1619 1617 1599 -1, 1620 1598 1600 -1, 1620 1600 1602 -1, 1620 1618 1598 -1, 1621 1601 1603 -1, 1621 1599 1601 -1, 1621 1619 1599 -1, 1622 1620 1602 -1, 1623 1621 1603 -1, 1624 1602 1604 -1, 1624 1604 357 -1, 1624 357 358 -1, 1624 358 359 -1, 1624 1622 1602 -1, 1625 1623 1603 -1, 1625 1603 1605 -1, 1626 1625 1605 -1, 1626 1605 1606 -1, 1626 1606 1607 -1, 1627 1626 1607 -1, 1628 1627 1607 -1, 1628 1608 1609 -1, 1628 1607 1608 -1, 1629 1628 1609 -1, 1630 1629 1609 -1, 1630 1609 1610 -1, 1631 1610 1611 -1, 1631 1630 1610 -1, 1632 1611 1612 -1, 1632 1631 1611 -1, 1633 1632 1612 -1, 1633 1612 1613 -1, 1633 1613 1614 -1, 1634 1633 1614 -1, 1635 255 254 -1, 1635 254 1615 -1, 1635 256 255 -1, 1636 1616 1618 -1, 1636 1634 1614 -1, 1636 1614 1616 -1, 1637 1635 1615 -1, 1637 1615 1617 -1, 1638 1636 1618 -1, 1639 1637 1617 -1, 1639 1617 1619 -1, 1640 1638 1618 -1, 1640 1620 1622 -1, 1640 1618 1620 -1, 1641 1619 1621 -1, 1641 1639 1619 -1, 1642 1640 1622 -1, 1643 1641 1621 -1, 1643 1621 1623 -1, 1644 1624 359 -1, 1644 1622 1624 -1, 1644 1642 1622 -1, 1645 1623 1625 -1, 1645 1643 1623 -1, 1646 1625 1626 -1, 1646 1645 1625 -1, 1647 1626 1627 -1, 1647 1646 1626 -1, 1648 1627 1628 -1, 1648 1647 1627 -1, 1649 1628 1629 -1, 1649 1648 1628 -1, 1650 1649 1629 -1, 1650 1629 1630 -1, 1651 1650 1630 -1, 1651 1630 1631 -1, 1652 1631 1632 -1, 1652 1651 1631 -1, 1653 1632 1633 -1, 1653 1652 1632 -1, 1654 1633 1634 -1, 1654 1653 1633 -1, 1655 256 1635 -1, 1655 1635 1637 -1, 1656 1654 1634 -1, 1656 1634 1636 -1, 1657 1655 1637 -1, 1657 1637 1639 -1, 1658 1636 1638 -1, 1658 1656 1636 -1, 1659 1657 1639 -1, 1660 1638 1640 -1, 1660 1658 1638 -1, 1661 1641 1643 -1, 1661 1639 1641 -1, 1661 1659 1639 -1, 1662 1660 1640 -1, 1662 1640 1642 -1, 1663 1661 1643 -1, 1664 1662 1642 -1, 1664 1644 359 -1, 1664 1642 1644 -1, 1664 359 360 -1, 1665 1663 1643 -1, 1665 1643 1645 -1, 1666 1645 1646 -1, 1666 1665 1645 -1, 1667 1646 1647 -1, 1667 1647 1648 -1, 1667 1666 1646 -1, 1668 1667 1648 -1, 1669 1668 1648 -1, 1669 1648 1649 -1, 1670 1669 1649 -1, 1670 1649 1650 -1, 1671 1670 1650 -1, 1671 1650 1651 -1, 1671 1651 1652 -1, 1672 1671 1652 -1, 1673 1653 1654 -1, 1673 1672 1652 -1, 1673 1652 1653 -1, 1674 1673 1654 -1, 1675 256 1655 -1, 1675 257 256 -1, 1675 258 257 -1, 1676 1654 1656 -1, 1676 1674 1654 -1, 1677 1655 1657 -1, 1677 1675 1655 -1, 1678 1676 1656 -1, 1678 1656 1658 -1, 1679 1657 1659 -1, 1679 1677 1657 -1, 1680 1660 1662 -1, 1680 1658 1660 -1, 1680 1678 1658 -1, 1681 1659 1661 -1, 1681 1661 1663 -1, 1681 1679 1659 -1, 1682 1680 1662 -1, 1683 1681 1663 -1, 1684 1662 1664 -1, 1684 1664 360 -1, 1684 1682 1662 -1, 1684 360 361 -1, 1685 1663 1665 -1, 1685 1683 1663 -1, 1686 1665 1666 -1, 1686 1666 1667 -1, 1686 1685 1665 -1, 1687 1686 1667 -1, 1688 1668 1669 -1, 1688 1667 1668 -1, 1688 1687 1667 -1, 1689 1688 1669 -1, 1690 1689 1669 -1, 1690 1669 1670 -1, 1691 1670 1671 -1, 1691 1690 1670 -1, 1692 1691 1671 -1, 1692 1671 1672 -1, 1693 1672 1673 -1, 1693 1692 1672 -1, 1694 1693 1673 -1, 1694 1673 1674 -1, 1695 1675 1677 -1, 1695 258 1675 -1, 1695 259 258 -1, 1696 1694 1674 -1, 1696 1674 1676 -1, 1697 1695 1677 -1, 1698 1676 1678 -1, 1698 1696 1676 -1, 1699 1697 1677 -1, 1699 1677 1679 -1, 1700 1698 1678 -1, 1700 1678 1680 -1, 1701 1679 1681 -1, 1701 1699 1679 -1, 1702 1680 1682 -1, 1702 1700 1680 -1, 1703 1701 1681 -1, 1703 1681 1683 -1, 1704 1702 1682 -1, 1704 1682 1684 -1, 1704 1684 361 -1, 1704 361 362 -1, 1705 1703 1683 -1, 1705 1683 1685 -1, 1706 1705 1685 -1, 1706 1685 1686 -1, 1707 1686 1687 -1, 1707 1706 1686 -1, 1708 1707 1687 -1, 1708 1687 1688 -1, 1709 1689 1690 -1, 1709 1688 1689 -1, 1709 1708 1688 -1, 1710 1709 1690 -1, 1711 1691 1692 -1, 1711 1710 1690 -1, 1711 1690 1691 -1, 1712 1711 1692 -1, 1713 1692 1693 -1, 1713 1712 1692 -1, 1714 1693 1694 -1, 1714 1713 1693 -1, 1715 1695 1697 -1, 1715 259 1695 -1, 1716 1694 1696 -1, 1716 1714 1694 -1, 1717 1715 1697 -1, 1718 1696 1698 -1, 1718 1716 1696 -1, 1719 1697 1699 -1, 1719 1717 1697 -1, 1720 1718 1698 -1, 1720 1698 1700 -1, 1720 1700 1702 -1, 1721 1719 1699 -1, 1721 1699 1701 -1, 1722 1720 1702 -1, 1723 1701 1703 -1, 1723 1721 1701 -1, 1724 1702 1704 -1, 1724 1704 362 -1, 1724 362 363 -1, 1724 1722 1702 -1, 1725 1703 1705 -1, 1725 1723 1703 -1, 1726 1705 1706 -1, 1726 1725 1705 -1, 1727 1726 1706 -1, 1727 1706 1707 -1, 1728 1707 1708 -1, 1728 1708 1709 -1, 1728 1727 1707 -1, 1729 1728 1709 -1, 1730 1729 1709 -1, 1730 1709 1710 -1, 1731 1730 1710 -1, 1731 1710 1711 -1, 1731 1711 1712 -1, 1732 1731 1712 -1, 1733 1732 1712 -1, 1733 1712 1713 -1, 1734 1713 1714 -1, 1734 1733 1713 -1, 1735 259 1715 -1, 1735 260 259 -1, 1736 1734 1714 -1, 1736 1714 1716 -1, 1736 1716 1718 -1, 1737 1715 1717 -1, 1737 1735 1715 -1, 1738 1736 1718 -1, 1739 1737 1717 -1, 1739 1717 1719 -1, 1740 1738 1718 -1, 1740 1718 1720 -1, 1741 1721 1723 -1, 1741 1739 1719 -1, 1741 1719 1721 -1, 1742 1740 1720 -1, 1742 1720 1722 -1, 1743 1741 1723 -1, 1744 1722 1724 -1, 1744 1742 1722 -1, 1744 1724 363 -1, 1744 363 364 -1, 1745 1723 1725 -1, 1745 1743 1723 -1, 1746 1725 1726 -1, 1746 1745 1725 -1, 1747 1726 1727 -1, 1747 1746 1726 -1, 1747 1727 1728 -1, 1748 1728 1729 -1, 1748 1747 1728 -1, 1749 1729 1730 -1, 1749 1748 1729 -1, 1750 1749 1730 -1, 1751 1730 1731 -1, 1751 1750 1730 -1, 1752 1731 1732 -1, 1752 1751 1731 -1, 1753 1732 1733 -1, 1753 1752 1732 -1, 1754 1733 1734 -1, 1754 1753 1733 -1, 1755 1735 1737 -1, 1755 260 1735 -1, 1755 261 260 -1, 1756 1734 1736 -1, 1756 1754 1734 -1, 1757 1737 1739 -1, 1757 1755 1737 -1, 1758 1736 1738 -1, 1758 1756 1736 -1, 1759 1757 1739 -1, 1760 1758 1738 -1, 1760 1738 1740 -1, 1761 1739 1741 -1, 1761 1759 1739 -1, 1762 1760 1740 -1, 1762 1740 1742 -1, 1763 1761 1741 -1, 1763 1741 1743 -1, 1764 1742 1744 -1, 1764 1762 1742 -1, 1764 1744 364 -1, 1764 364 365 -1, 1765 1763 1743 -1, 1765 1743 1745 -1, 1766 1765 1745 -1, 1766 1745 1746 -1, 1767 1766 1746 -1, 1767 1746 1747 -1, 1768 1747 1748 -1, 1768 1767 1747 -1, 1769 1768 1748 -1, 1769 1748 1749 -1, 1770 1749 1750 -1, 1770 1769 1749 -1, 1771 1770 1750 -1, 1771 1750 1751 -1, 1771 1751 1752 -1, 1772 1771 1752 -1, 1773 1772 1752 -1, 1773 1752 1753 -1, 1774 1773 1753 -1, 1774 1753 1754 -1, 1775 261 1755 -1, 1775 262 261 -1, 1776 1754 1756 -1, 1776 1774 1754 -1, 1776 1756 1758 -1, 1777 1775 1755 -1, 1777 1755 1757 -1, 1778 1776 1758 -1, 1779 1777 1757 -1, 1779 1757 1759 -1, 1780 1758 1760 -1, 1780 1778 1758 -1, 1780 1760 1762 -1, 1781 1779 1759 -1, 1781 1759 1761 -1, 1782 1780 1762 -1, 1783 1761 1763 -1, 1783 1763 1765 -1, 1783 1781 1761 -1, 1784 1764 365 -1, 1784 1762 1764 -1, 1784 1782 1762 -1, 1784 365 366 -1, 1784 366 367 -1, 1785 1783 1765 -1, 1786 1765 1766 -1, 1786 1785 1765 -1, 1787 1766 1767 -1, 1787 1786 1766 -1, 1788 1767 1768 -1, 1788 1787 1767 -1, 1789 1768 1769 -1, 1789 1788 1768 -1, 1790 1789 1769 -1, 1790 1769 1770 -1, 1791 1771 1772 -1, 1791 1770 1771 -1, 1791 1790 1770 -1, 1792 1791 1772 -1, 1793 1792 1772 -1, 1793 1772 1773 -1, 1793 1773 1774 -1, 1794 1793 1774 -1, 1794 1774 1776 -1, 1795 262 1775 -1, 1795 1775 1777 -1, 1795 263 262 -1, 1796 1794 1776 -1, 1797 1795 1777 -1, 1798 1796 1776 -1, 1798 1776 1778 -1, 1799 1797 1777 -1, 1799 1777 1779 -1, 1800 1798 1778 -1, 1800 1778 1780 -1, 1800 1780 1782 -1, 1801 1779 1781 -1, 1801 1799 1779 -1, 1802 1800 1782 -1, 1803 1801 1781 -1, 1803 1781 1783 -1, 1803 1783 1785 -1, 1804 1802 1782 -1, 1804 1782 1784 -1, 1804 1784 367 -1, 1805 1803 1785 -1, 1806 1805 1785 -1, 1806 1785 1786 -1, 1806 1786 1787 -1, 1807 1806 1787 -1, 1808 1788 1789 -1, 1808 1807 1787 -1, 1808 1787 1788 -1, 1809 1808 1789 -1, 1809 1789 1790 -1, 1810 1790 1791 -1, 1810 1809 1790 -1, 1811 1810 1791 -1, 1812 1811 1791 -1, 1812 1791 1792 -1, 1813 1792 1793 -1, 1813 1793 1794 -1, 1813 1812 1792 -1, 1814 1794 1796 -1, 1814 1813 1794 -1, 1815 263 1795 -1, 1815 1795 1797 -1, 1815 264 263 -1, 1816 1814 1796 -1, 1817 1815 1797 -1, 1818 1796 1798 -1, 1818 1816 1796 -1, 1819 1797 1799 -1, 1819 1817 1797 -1, 1820 1798 1800 -1, 1820 1818 1798 -1, 1820 1800 1802 -1, 1821 1801 1803 -1, 1821 1799 1801 -1, 1821 1819 1799 -1, 1822 1820 1802 -1, 1823 1821 1803 -1, 1824 1822 1802 -1, 1824 1802 1804 -1, 1824 1804 367 -1, 1824 367 368 -1, 1825 1823 1803 -1, 1825 1803 1805 -1, 1826 1805 1806 -1, 1826 1825 1805 -1, 1827 1826 1806 -1, 1827 1806 1807 -1, 1828 1807 1808 -1, 1828 1808 1809 -1, 1828 1827 1807 -1, 1829 1828 1809 -1, 1830 1829 1809 -1, 1830 1809 1810 -1, 1830 1810 1811 -1, 1831 1811 1812 -1, 1831 1830 1811 -1, 1832 1831 1812 -1, 1833 1832 1812 -1, 1833 1812 1813 -1, 1833 1813 1814 -1, 1834 1833 1814 -1, 1834 1814 1816 -1, 1835 264 1815 -1, 1835 265 264 -1, 1835 266 265 -1, 1836 1834 1816 -1, 1837 1815 1817 -1, 1837 1835 1815 -1, 1838 1836 1816 -1, 1838 1816 1818 -1, 1839 1837 1817 -1, 1839 1817 1819 -1, 1840 1838 1818 -1, 1840 1818 1820 -1, 1840 1820 1822 -1, 1841 1819 1821 -1, 1841 1839 1819 -1, 1842 1840 1822 -1, 1843 1841 1821 -1, 1843 1821 1823 -1, 1844 1824 368 -1, 1844 1842 1822 -1, 1844 1822 1824 -1, 1844 368 369 -1, 1845 1823 1825 -1, 1845 1843 1823 -1, 1846 1825 1826 -1, 1846 1845 1825 -1, 1847 1826 1827 -1, 1847 1846 1826 -1, 1848 1827 1828 -1, 1848 1847 1827 -1, 1849 1828 1829 -1, 1849 1848 1828 -1, 1850 1829 1830 -1, 1850 1849 1829 -1, 1851 1850 1830 -1, 1851 1830 1831 -1, 1852 1851 1831 -1, 1852 1832 1833 -1, 1852 1831 1832 -1, 1853 1852 1833 -1, 1854 1833 1834 -1, 1854 1853 1833 -1, 1855 266 1835 -1, 1856 1834 1836 -1, 1856 1854 1834 -1, 1857 1835 1837 -1, 1857 1837 1839 -1, 1857 1855 1835 -1, 1858 1836 1838 -1, 1858 1856 1836 -1, 1859 1857 1839 -1, 1860 1858 1838 -1, 1860 1838 1840 -1, 1861 1839 1841 -1, 1861 1859 1839 -1, 1862 1860 1840 -1, 1862 1840 1842 -1, 1863 1861 1841 -1, 1863 1841 1843 -1, 1864 1862 1842 -1, 1864 1842 1844 -1, 1864 1844 369 -1, 1864 369 370 -1, 1864 370 371 -1, 1865 1863 1843 -1, 1865 1843 1845 -1, 1866 1865 1845 -1, 1866 1845 1846 -1, 1867 1847 1848 -1, 1867 1846 1847 -1, 1867 1866 1846 -1, 1868 1867 1848 -1, 1868 1848 1849 -1, 1869 1868 1849 -1, 1869 1849 1850 -1, 1870 1869 1850 -1, 1870 1850 1851 -1, 1871 1870 1851 -1, 1872 1871 1851 -1, 1872 1851 1852 -1, 1873 1852 1853 -1, 1873 1853 1854 -1, 1873 1872 1852 -1, 1874 1873 1854 -1, 1874 1854 1856 -1, 1875 1855 1857 -1, 1875 266 1855 -1, 1875 267 266 -1, 1876 1874 1856 -1, 1877 1875 1857 -1, 1878 1876 1856 -1, 1878 1856 1858 -1, 1879 1877 1857 -1, 1879 1857 1859 -1, 1880 1858 1860 -1, 1880 1860 1862 -1, 1880 1878 1858 -1, 1881 1861 1863 -1, 1881 1879 1859 -1, 1881 1859 1861 -1, 1882 1880 1862 -1, 1883 1881 1863 -1, 1884 1862 1864 -1, 1884 1864 371 -1, 1884 1882 1862 -1, 1885 1863 1865 -1, 1885 1883 1863 -1, 1886 1885 1865 -1, 1886 1865 1866 -1, 1887 1867 1868 -1, 1887 1866 1867 -1, 1887 1886 1866 -1, 1888 1887 1868 -1, 1889 1868 1869 -1, 1889 1888 1868 -1, 1890 1869 1870 -1, 1890 1889 1869 -1, 1891 1870 1871 -1, 1891 1871 1872 -1, 1891 1890 1870 -1, 1892 1872 1873 -1, 1892 1891 1872 -1, 1893 1873 1874 -1, 1893 1892 1873 -1, 1894 1893 1874 -1, 1895 267 1875 -1, 1895 268 267 -1, 1896 1894 1874 -1, 1896 1874 1876 -1, 1897 1875 1877 -1, 1897 1895 1875 -1, 1898 1896 1876 -1, 1898 1876 1878 -1, 1898 1878 1880 -1, 1899 1877 1879 -1, 1899 1897 1877 -1, 1900 1898 1880 -1, 1901 1899 1879 -1, 1901 1879 1881 -1, 1902 1900 1880 -1, 1902 1880 1882 -1, 1903 1901 1881 -1, 1903 1881 1883 -1, 1904 371 372 -1, 1904 1902 1882 -1, 1904 1884 371 -1, 1904 1882 1884 -1, 1905 1883 1885 -1, 1905 1903 1883 -1, 1906 1905 1885 -1, 1906 1885 1886 -1, 1907 1906 1886 -1, 1907 1886 1887 -1, 1908 1907 1887 -1, 1908 1887 1888 -1, 1909 1908 1888 -1, 1909 1888 1889 -1, 1910 1889 1890 -1, 1910 1909 1889 -1, 1911 1890 1891 -1, 1911 1910 1890 -1, 1912 1891 1892 -1, 1912 1911 1891 -1, 1913 1892 1893 -1, 1913 1912 1892 -1, 1914 1893 1894 -1, 1914 1913 1893 -1, 1915 268 1895 -1, 1915 269 268 -1, 1915 270 269 -1, 1916 1914 1894 -1, 1916 1894 1896 -1, 1917 1915 1895 -1, 1917 1895 1897 -1, 1918 1916 1896 -1, 1918 1896 1898 -1, 1919 1897 1899 -1, 1919 1899 1901 -1, 1919 1917 1897 -1, 1920 1898 1900 -1, 1920 1918 1898 -1, 1921 1919 1901 -1, 1922 1900 1902 -1, 1922 1920 1900 -1, 1923 1901 1903 -1, 1923 1921 1901 -1, 1924 372 373 -1, 1924 1904 372 -1, 1924 1902 1904 -1, 1924 1922 1902 -1, 1925 1903 1905 -1, 1925 1923 1903 -1, 1926 1905 1906 -1, 1926 1925 1905 -1, 1927 1926 1906 -1, 1927 1906 1907 -1, 1928 1908 1909 -1, 1928 1907 1908 -1, 1928 1927 1907 -1, 1929 1928 1909 -1, 1929 1909 1910 -1, 1930 1929 1910 -1, 1930 1910 1911 -1, 1931 1930 1911 -1, 1932 1931 1911 -1, 1932 1911 1912 -1, 1933 1932 1912 -1, 1933 1912 1913 -1, 1934 1933 1913 -1, 1934 1913 1914 -1, 1935 270 1915 -1, 1936 1934 1914 -1, 1936 1914 1916 -1, 1937 1917 1919 -1, 1937 1935 1915 -1, 1937 1915 1917 -1, 1938 1936 1916 -1, 1938 1916 1918 -1, 1939 1937 1919 -1, 1940 1938 1918 -1, 1940 1918 1920 -1, 1940 1920 1922 -1, 1941 1939 1919 -1, 1941 1919 1921 -1, 1942 1940 1922 -1, 1943 1941 1921 -1, 1943 1921 1923 -1, 1944 373 374 -1, 1944 1922 1924 -1, 1944 1942 1922 -1, 1944 1924 373 -1, 1945 1943 1923 -1, 1945 1923 1925 -1, 1946 1945 1925 -1, 1946 1925 1926 -1, 1947 1946 1926 -1, 1947 1926 1927 -1, 1948 1927 1928 -1, 1948 1947 1927 -1, 1949 1928 1929 -1, 1949 1929 1930 -1, 1949 1948 1928 -1, 1950 1949 1930 -1, 1951 1930 1931 -1, 1951 1950 1930 -1, 1951 1931 1932 -1, 1952 1951 1932 -1, 1953 1932 1933 -1, 1953 1952 1932 -1, 1954 1933 1934 -1, 1954 1953 1933 -1, 1955 271 270 -1, 1955 270 1935 -1, 1956 1934 1936 -1, 1956 1954 1934 -1, 1957 1955 1935 -1, 1957 1935 1937 -1, 1958 1956 1936 -1, 1958 1936 1938 -1, 1959 1957 1937 -1, 1959 1937 1939 -1, 1960 1958 1938 -1, 1960 1938 1940 -1, 1961 1939 1941 -1, 1961 1959 1939 -1, 1962 1960 1940 -1, 1962 1940 1942 -1, 1963 1961 1941 -1, 1963 1941 1943 -1, 1964 374 375 -1, 1964 375 376 -1, 1964 1962 1942 -1, 1964 1944 374 -1, 1964 1942 1944 -1, 1965 1945 1946 -1, 1965 1943 1945 -1, 1965 1963 1943 -1, 1966 1965 1946 -1, 1967 1966 1946 -1, 1967 1946 1947 -1, 1967 1947 1948 -1, 1968 1967 1948 -1, 1969 1968 1948 -1, 1969 1948 1949 -1, 1970 1969 1949 -1, 1970 1949 1950 -1, 1970 1950 1951 -1, 1971 1970 1951 -1, 1971 1951 1952 -1, 1972 1971 1952 -1, 1973 1972 1952 -1, 1973 1952 1953 -1, 1973 1953 1954 -1, 1974 1973 1954 -1, 1975 272 271 -1, 1975 273 272 -1, 1975 271 1955 -1, 1976 1974 1954 -1, 1976 1956 1958 -1, 1976 1954 1956 -1, 1977 1975 1955 -1, 1977 1955 1957 -1, 1978 1976 1958 -1, 1979 1957 1959 -1, 1979 1977 1957 -1, 1979 1959 1961 -1, 1980 1958 1960 -1, 1980 1960 1962 -1, 1980 1978 1958 -1, 1981 1979 1961 -1, 1982 1980 1962 -1, 1983 1961 1963 -1, 1983 1981 1961 -1, 1984 1962 1964 -1, 1984 1964 376 -1, 1984 1982 1962 -1, 1985 1983 1963 -1, 1985 1963 1965 -1, 1986 1965 1966 -1, 1986 1985 1965 -1, 1987 1986 1966 -1, 1987 1966 1967 -1, 1988 1967 1968 -1, 1988 1987 1967 -1, 1989 1988 1968 -1, 1989 1969 1970 -1, 1989 1968 1969 -1, 1990 1970 1971 -1, 1990 1989 1970 -1, 1991 1971 1972 -1, 1991 1990 1971 -1, 1992 1991 1972 -1, 1993 1972 1973 -1, 1993 1992 1972 -1, 1994 1993 1973 -1, 1994 1973 1974 -1, 1995 273 1975 -1, 1996 1994 1974 -1, 1996 1974 1976 -1, 1997 1975 1977 -1, 1997 1995 1975 -1, 1998 1976 1978 -1, 1998 1996 1976 -1, 1999 1977 1979 -1, 1999 1997 1977 -1, 1999 1979 1981 -1, 2000 1978 1980 -1, 2000 1998 1978 -1, 2001 1999 1981 -1, 2002 2000 1980 -1, 2002 1980 1982 -1, 2003 2001 1981 -1, 2003 1981 1983 -1, 2004 376 377 -1, 2004 377 378 -1, 2004 1984 376 -1, 2004 2002 1982 -1, 2004 1982 1984 -1, 2005 1983 1985 -1, 2005 2003 1983 -1, 2006 1985 1986 -1, 2006 2005 1985 -1, 2007 2006 1986 -1, 2007 1986 1987 -1, 2008 2007 1987 -1, 2008 1987 1988 -1, 2009 2008 1988 -1, 2009 1988 1989 -1, 2010 2009 1989 -1, 2010 1989 1990 -1, 2011 1990 1991 -1, 2011 2010 1990 -1, 2012 1991 1992 -1, 2012 2011 1991 -1, 2013 1992 1993 -1, 2013 2012 1992 -1, 2014 1993 1994 -1, 2014 2013 1993 -1, 2015 274 273 -1, 2015 275 274 -1, 2015 276 275 -1, 2015 273 1995 -1, 2016 1994 1996 -1, 2016 2014 1994 -1, 2017 277 276 -1, 2017 278 277 -1, 2017 276 2015 -1, 2017 2015 1995 -1, 2017 1995 1997 -1, 2018 1996 1998 -1, 2018 2016 1996 -1, 2019 2017 1997 -1, 2019 279 278 -1, 2019 1997 1999 -1, 2019 278 2017 -1, 2020 1998 2000 -1, 2020 2018 1998 -1, 2021 279 2019 -1, 2021 2019 1999 -1, 2021 1999 2001 -1, 2022 2000 2002 -1, 2022 2020 2000 -1, 2023 2021 2001 -1, 2023 280 279 -1, 2023 279 2021 -1, 2023 2001 2003 -1, 2024 378 379 -1, 2024 2002 2004 -1, 2024 2004 378 -1, 2024 2022 2002 -1, 2025 281 280 -1, 2025 280 2023 -1, 2025 2003 2005 -1, 2025 2023 2003 -1, 2026 282 281 -1, 2026 2005 2006 -1, 2026 281 2025 -1, 2026 2025 2005 -1, 2027 283 282 -1, 2027 2026 2006 -1, 2027 282 2026 -1, 2027 2006 2007 -1, 2028 283 2027 -1, 2028 284 283 -1, 2028 2007 2008 -1, 2028 2027 2007 -1, 2029 2028 2008 -1, 2029 284 2028 -1, 2029 285 284 -1, 2029 286 285 -1, 2029 2008 2009 -1, 2029 2009 2010 -1, 2030 2029 2010 -1, 2030 2010 2011 -1, 2030 286 2029 -1, 2031 2030 2011 -1, 2031 287 286 -1, 2031 286 2030 -1, 2032 287 2031 -1, 2032 288 287 -1, 2032 2031 2011 -1, 2032 2011 2012 -1, 2032 2012 2013 -1, 2033 2032 2013 -1, 2033 289 288 -1, 2033 288 2032 -1, 2034 289 2033 -1, 2034 290 289 -1, 2034 2033 2013 -1, 2034 2013 2014 -1, 2035 2034 2014 -1, 2035 291 290 -1, 2035 290 2034 -1, 2035 2014 2016 -1, 2036 291 2035 -1, 2036 292 291 -1, 2036 2035 2016 -1, 2036 2016 2018 -1, 2036 2018 2020 -1, 2037 293 292 -1, 2037 292 2036 -1, 2037 2036 2020 -1, 2038 293 2037 -1, 2038 294 293 -1, 2038 2037 2020 -1, 2038 2020 2022 -1, 2039 379 296 -1, 2039 295 294 -1, 2039 296 295 -1, 2039 2038 2022 -1, 2039 294 2038 -1, 2039 2024 379 -1, 2039 2022 2024 -1, 2250 2041 2040 -1, 2250 2040 2062 -1, 2251 2042 2041 -1, 2251 2041 2250 -1, 2252 2043 2042 -1, 2252 2042 2251 -1, 2253 2044 2043 -1, 2253 2043 2252 -1, 2254 2045 2044 -1, 2254 2044 2253 -1, 2255 2046 2045 -1, 2255 2045 2254 -1, 2256 2047 2046 -1, 2256 2046 2255 -1, 2257 2048 2047 -1, 2257 2047 2256 -1, 2258 2049 2048 -1, 2258 2048 2257 -1, 2259 2050 2049 -1, 2259 2049 2258 -1, 2260 2051 2050 -1, 2260 2050 2259 -1, 2261 2052 2051 -1, 2261 2051 2260 -1, 2262 2053 2052 -1, 2262 2052 2261 -1, 2263 2053 2262 -1, 2263 2054 2053 -1, 2264 2055 2054 -1, 2264 2054 2263 -1, 2265 2062 2063 -1, 2265 2250 2062 -1, 2266 2056 2055 -1, 2266 2055 2264 -1, 2267 2250 2265 -1, 2267 2251 2250 -1, 2268 2057 2056 -1, 2268 2056 2266 -1, 2269 2251 2267 -1, 2269 2252 2251 -1, 2270 2057 2268 -1, 2270 2058 2057 -1, 2271 2253 2252 -1, 2271 2252 2269 -1, 2272 2059 2058 -1, 2272 2058 2270 -1, 2273 2253 2271 -1, 2273 2254 2253 -1, 2274 2060 2059 -1, 2274 2061 2060 -1, 2274 2167 2061 -1, 2274 2059 2272 -1, 2275 2255 2254 -1, 2275 2254 2273 -1, 2276 2255 2275 -1, 2276 2256 2255 -1, 2277 2257 2256 -1, 2277 2256 2276 -1, 2278 2258 2257 -1, 2278 2257 2277 -1, 2279 2258 2278 -1, 2279 2259 2258 -1, 2280 2260 2259 -1, 2280 2259 2279 -1, 2281 2261 2260 -1, 2281 2260 2280 -1, 2282 2262 2261 -1, 2282 2261 2281 -1, 2283 2262 2282 -1, 2283 2263 2262 -1, 2284 2264 2263 -1, 2284 2263 2283 -1, 2285 2063 2064 -1, 2285 2265 2063 -1, 2286 2266 2264 -1, 2286 2264 2284 -1, 2287 2267 2265 -1, 2287 2265 2285 -1, 2288 2268 2266 -1, 2288 2266 2286 -1, 2289 2267 2287 -1, 2289 2269 2267 -1, 2290 2270 2268 -1, 2290 2268 2288 -1, 2291 2269 2289 -1, 2291 2271 2269 -1, 2292 2270 2290 -1, 2292 2272 2270 -1, 2293 2273 2271 -1, 2293 2271 2291 -1, 2294 2168 2167 -1, 2294 2272 2292 -1, 2294 2274 2272 -1, 2294 2167 2274 -1, 2295 2273 2293 -1, 2295 2275 2273 -1, 2296 2276 2275 -1, 2296 2275 2295 -1, 2297 2277 2276 -1, 2297 2276 2296 -1, 2298 2277 2297 -1, 2298 2278 2277 -1, 2299 2278 2298 -1, 2299 2279 2278 -1, 2300 2280 2279 -1, 2300 2279 2299 -1, 2301 2281 2280 -1, 2301 2280 2300 -1, 2302 2282 2281 -1, 2302 2281 2301 -1, 2303 2282 2302 -1, 2303 2283 2282 -1, 2304 2284 2283 -1, 2304 2283 2303 -1, 2305 2064 2065 -1, 2305 2285 2064 -1, 2306 2286 2284 -1, 2306 2284 2304 -1, 2307 2285 2305 -1, 2307 2287 2285 -1, 2308 2288 2286 -1, 2308 2286 2306 -1, 2309 2291 2289 -1, 2309 2287 2307 -1, 2309 2289 2287 -1, 2310 2290 2288 -1, 2310 2288 2308 -1, 2311 2291 2309 -1, 2312 2290 2310 -1, 2312 2292 2290 -1, 2313 2293 2291 -1, 2313 2291 2311 -1, 2314 2168 2294 -1, 2314 2294 2292 -1, 2314 2169 2168 -1, 2314 2292 2312 -1, 2315 2295 2293 -1, 2315 2293 2313 -1, 2316 2295 2315 -1, 2316 2296 2295 -1, 2317 2297 2296 -1, 2317 2296 2316 -1, 2318 2297 2317 -1, 2318 2298 2297 -1, 2319 2298 2318 -1, 2319 2299 2298 -1, 2320 2299 2319 -1, 2320 2300 2299 -1, 2321 2300 2320 -1, 2321 2301 2300 -1, 2322 2301 2321 -1, 2322 2302 2301 -1, 2323 2302 2322 -1, 2323 2303 2302 -1, 2324 2303 2323 -1, 2324 2304 2303 -1, 2325 2305 2065 -1, 2325 2065 2066 -1, 2326 2304 2324 -1, 2326 2306 2304 -1, 2327 2305 2325 -1, 2327 2307 2305 -1, 2328 2308 2306 -1, 2328 2306 2326 -1, 2329 2307 2327 -1, 2329 2309 2307 -1, 2330 2308 2328 -1, 2330 2310 2308 -1, 2331 2309 2329 -1, 2331 2311 2309 -1, 2332 2310 2330 -1, 2332 2312 2310 -1, 2333 2311 2331 -1, 2333 2313 2311 -1, 2334 2170 2169 -1, 2334 2171 2170 -1, 2334 2312 2332 -1, 2334 2169 2314 -1, 2334 2314 2312 -1, 2335 2313 2333 -1, 2335 2315 2313 -1, 2336 2316 2315 -1, 2336 2315 2335 -1, 2337 2317 2316 -1, 2337 2316 2336 -1, 2338 2317 2337 -1, 2338 2318 2317 -1, 2339 2319 2318 -1, 2339 2318 2338 -1, 2340 2320 2319 -1, 2340 2319 2339 -1, 2341 2321 2320 -1, 2341 2320 2340 -1, 2342 2322 2321 -1, 2342 2321 2341 -1, 2343 2322 2342 -1, 2343 2323 2322 -1, 2344 2324 2323 -1, 2344 2323 2343 -1, 2345 2066 2067 -1, 2345 2325 2066 -1, 2345 2327 2325 -1, 2346 2326 2324 -1, 2346 2324 2344 -1, 2347 2327 2345 -1, 2347 2329 2327 -1, 2348 2330 2328 -1, 2348 2328 2326 -1, 2348 2326 2346 -1, 2349 2329 2347 -1, 2350 2330 2348 -1, 2351 2331 2329 -1, 2351 2329 2349 -1, 2352 2330 2350 -1, 2352 2332 2330 -1, 2353 2331 2351 -1, 2353 2333 2331 -1, 2354 2332 2352 -1, 2354 2334 2332 -1, 2354 2171 2334 -1, 2355 2335 2333 -1, 2355 2333 2353 -1, 2356 2335 2355 -1, 2356 2336 2335 -1, 2357 2336 2356 -1, 2357 2337 2336 -1, 2357 2338 2337 -1, 2358 2338 2357 -1, 2359 2338 2358 -1, 2359 2339 2338 -1, 2360 2340 2339 -1, 2360 2339 2359 -1, 2360 2341 2340 -1, 2361 2341 2360 -1, 2362 2341 2361 -1, 2362 2342 2341 -1, 2363 2342 2362 -1, 2363 2343 2342 -1, 2363 2344 2343 -1, 2364 2344 2363 -1, 2365 2067 2068 -1, 2365 2345 2067 -1, 2366 2346 2344 -1, 2366 2344 2364 -1, 2367 2345 2365 -1, 2367 2349 2347 -1, 2367 2347 2345 -1, 2368 2348 2346 -1, 2368 2346 2366 -1, 2369 2349 2367 -1, 2370 2350 2348 -1, 2370 2352 2350 -1, 2370 2348 2368 -1, 2371 2349 2369 -1, 2371 2351 2349 -1, 2372 2352 2370 -1, 2373 2353 2351 -1, 2373 2351 2371 -1, 2374 2354 2352 -1, 2374 2171 2354 -1, 2374 2172 2171 -1, 2374 2352 2372 -1, 2375 2355 2353 -1, 2375 2353 2373 -1, 2376 2356 2355 -1, 2376 2355 2375 -1, 2377 2357 2356 -1, 2377 2356 2376 -1, 2378 2357 2377 -1, 2378 2358 2357 -1, 2379 2359 2358 -1, 2379 2358 2378 -1, 2380 2360 2359 -1, 2380 2359 2379 -1, 2381 2361 2360 -1, 2381 2360 2380 -1, 2382 2362 2361 -1, 2382 2361 2381 -1, 2383 2362 2382 -1, 2383 2363 2362 -1, 2384 2364 2363 -1, 2384 2363 2383 -1, 2385 2365 2068 -1, 2385 2068 2069 -1, 2386 2364 2384 -1, 2386 2366 2364 -1, 2387 2365 2385 -1, 2387 2367 2365 -1, 2388 2368 2366 -1, 2388 2366 2386 -1, 2389 2369 2367 -1, 2389 2367 2387 -1, 2390 2368 2388 -1, 2390 2370 2368 -1, 2391 2369 2389 -1, 2391 2371 2369 -1, 2392 2370 2390 -1, 2392 2372 2370 -1, 2393 2371 2391 -1, 2393 2373 2371 -1, 2394 2173 2172 -1, 2394 2372 2392 -1, 2394 2172 2374 -1, 2394 2374 2372 -1, 2395 2375 2373 -1, 2395 2373 2393 -1, 2396 2375 2395 -1, 2396 2376 2375 -1, 2397 2376 2396 -1, 2397 2377 2376 -1, 2398 2377 2397 -1, 2398 2378 2377 -1, 2399 2378 2398 -1, 2399 2379 2378 -1, 2400 2379 2399 -1, 2400 2380 2379 -1, 2401 2382 2381 -1, 2401 2381 2380 -1, 2401 2380 2400 -1, 2402 2382 2401 -1, 2403 2383 2382 -1, 2403 2382 2402 -1, 2404 2384 2383 -1, 2404 2383 2403 -1, 2405 2387 2385 -1, 2405 2069 2070 -1, 2405 2385 2069 -1, 2406 2386 2384 -1, 2406 2384 2404 -1, 2407 2387 2405 -1, 2408 2388 2386 -1, 2408 2386 2406 -1, 2409 2387 2407 -1, 2409 2389 2387 -1, 2410 2390 2388 -1, 2410 2388 2408 -1, 2411 2393 2391 -1, 2411 2391 2389 -1, 2411 2389 2409 -1, 2412 2390 2410 -1, 2412 2392 2390 -1, 2413 2393 2411 -1, 2414 2392 2412 -1, 2414 2174 2173 -1, 2414 2394 2392 -1, 2414 2173 2394 -1, 2415 2395 2393 -1, 2415 2393 2413 -1, 2416 2396 2395 -1, 2416 2395 2415 -1, 2417 2397 2396 -1, 2417 2398 2397 -1, 2417 2396 2416 -1, 2418 2398 2417 -1, 2419 2398 2418 -1, 2419 2399 2398 -1, 2420 2399 2419 -1, 2420 2400 2399 -1, 2421 2400 2420 -1, 2421 2401 2400 -1, 2422 2402 2401 -1, 2422 2401 2421 -1, 2423 2403 2402 -1, 2423 2402 2422 -1, 2424 2403 2423 -1, 2424 2404 2403 -1, 2424 2406 2404 -1, 2425 2070 2071 -1, 2425 2405 2070 -1, 2426 2406 2424 -1, 2426 2408 2406 -1, 2427 2405 2425 -1, 2427 2407 2405 -1, 2428 2408 2426 -1, 2429 2407 2427 -1, 2429 2409 2407 -1, 2429 2411 2409 -1, 2430 2408 2428 -1, 2430 2412 2410 -1, 2430 2410 2408 -1, 2431 2411 2429 -1, 2432 2412 2430 -1, 2433 2411 2431 -1, 2433 2413 2411 -1, 2434 2175 2174 -1, 2434 2174 2414 -1, 2434 2412 2432 -1, 2434 2414 2412 -1, 2435 2413 2433 -1, 2435 2415 2413 -1, 2436 2417 2416 -1, 2436 2416 2415 -1, 2436 2415 2435 -1, 2437 2418 2417 -1, 2437 2417 2436 -1, 2438 2418 2437 -1, 2439 2418 2438 -1, 2439 2419 2418 -1, 2440 2420 2419 -1, 2440 2419 2439 -1, 2441 2421 2420 -1, 2441 2422 2421 -1, 2441 2420 2440 -1, 2442 2422 2441 -1, 2443 2423 2422 -1, 2443 2422 2442 -1, 2444 2424 2423 -1, 2444 2423 2443 -1, 2445 2071 2072 -1, 2445 2427 2425 -1, 2445 2425 2071 -1, 2446 2426 2424 -1, 2446 2424 2444 -1, 2447 2429 2427 -1, 2447 2427 2445 -1, 2448 2428 2426 -1, 2448 2426 2446 -1, 2449 2431 2429 -1, 2449 2429 2447 -1, 2450 2428 2448 -1, 2450 2432 2430 -1, 2450 2430 2428 -1, 2451 2431 2449 -1, 2452 2432 2450 -1, 2453 2433 2431 -1, 2453 2431 2451 -1, 2454 2432 2452 -1, 2454 2176 2175 -1, 2454 2177 2176 -1, 2454 2175 2434 -1, 2454 2434 2432 -1, 2455 2435 2433 -1, 2455 2433 2453 -1, 2456 2435 2455 -1, 2456 2436 2435 -1, 2457 2436 2456 -1, 2457 2437 2436 -1, 2458 2437 2457 -1, 2458 2438 2437 -1, 2459 2440 2439 -1, 2459 2438 2458 -1, 2459 2439 2438 -1, 2460 2440 2459 -1, 2461 2440 2460 -1, 2461 2441 2440 -1, 2462 2441 2461 -1, 2462 2442 2441 -1, 2463 2442 2462 -1, 2463 2443 2442 -1, 2464 2443 2463 -1, 2464 2444 2443 -1, 2465 2072 2073 -1, 2465 2445 2072 -1, 2466 2444 2464 -1, 2466 2446 2444 -1, 2467 2445 2465 -1, 2467 2449 2447 -1, 2467 2447 2445 -1, 2468 2448 2446 -1, 2468 2446 2466 -1, 2469 2449 2467 -1, 2470 2450 2448 -1, 2470 2448 2468 -1, 2471 2453 2451 -1, 2471 2451 2449 -1, 2471 2449 2469 -1, 2472 2452 2450 -1, 2472 2450 2470 -1, 2473 2455 2453 -1, 2473 2453 2471 -1, 2474 2454 2452 -1, 2474 2177 2454 -1, 2474 2452 2472 -1, 2475 2455 2473 -1, 2476 2456 2455 -1, 2476 2455 2475 -1, 2477 2457 2456 -1, 2477 2456 2476 -1, 2478 2458 2457 -1, 2478 2457 2477 -1, 2479 2459 2458 -1, 2479 2458 2478 -1, 2480 2460 2459 -1, 2480 2461 2460 -1, 2480 2459 2479 -1, 2481 2461 2480 -1, 2482 2462 2461 -1, 2482 2463 2462 -1, 2482 2461 2481 -1, 2483 2463 2482 -1, 2484 2464 2463 -1, 2484 2466 2464 -1, 2484 2463 2483 -1, 2485 2465 2073 -1, 2485 2073 2074 -1, 2486 2466 2484 -1, 2487 2467 2465 -1, 2487 2465 2485 -1, 2488 2466 2486 -1, 2488 2468 2466 -1, 2488 2470 2468 -1, 2489 2467 2487 -1, 2489 2469 2467 -1, 2490 2470 2488 -1, 2491 2471 2469 -1, 2491 2469 2489 -1, 2492 2470 2490 -1, 2492 2472 2470 -1, 2493 2471 2491 -1, 2493 2473 2471 -1, 2494 2472 2492 -1, 2494 2178 2177 -1, 2494 2177 2474 -1, 2494 2474 2472 -1, 2495 2473 2493 -1, 2495 2475 2473 -1, 2495 2476 2475 -1, 2496 2476 2495 -1, 2497 2477 2476 -1, 2497 2476 2496 -1, 2498 2477 2497 -1, 2498 2478 2477 -1, 2499 2478 2498 -1, 2499 2479 2478 -1, 2500 2479 2499 -1, 2500 2480 2479 -1, 2501 2480 2500 -1, 2501 2481 2480 -1, 2502 2482 2481 -1, 2502 2481 2501 -1, 2503 2483 2482 -1, 2503 2482 2502 -1, 2504 2484 2483 -1, 2504 2483 2503 -1, 2505 2485 2074 -1, 2505 2074 2075 -1, 2506 2486 2484 -1, 2506 2484 2504 -1, 2507 2489 2487 -1, 2507 2485 2505 -1, 2507 2487 2485 -1, 2508 2488 2486 -1, 2508 2486 2506 -1, 2509 2489 2507 -1, 2510 2490 2488 -1, 2510 2488 2508 -1, 2511 2493 2491 -1, 2511 2489 2509 -1, 2511 2491 2489 -1, 2512 2492 2490 -1, 2512 2494 2492 -1, 2512 2490 2510 -1, 2513 2495 2493 -1, 2513 2493 2511 -1, 2514 2494 2512 -1, 2514 2179 2178 -1, 2514 2178 2494 -1, 2515 2495 2513 -1, 2516 2495 2515 -1, 2516 2496 2495 -1, 2517 2498 2497 -1, 2517 2497 2496 -1, 2517 2496 2516 -1, 2518 2498 2517 -1, 2519 2499 2498 -1, 2519 2498 2518 -1, 2519 2500 2499 -1, 2520 2501 2500 -1, 2520 2500 2519 -1, 2521 2501 2520 -1, 2522 2501 2521 -1, 2522 2502 2501 -1, 2522 2503 2502 -1, 2523 2503 2522 -1, 2524 2504 2503 -1, 2524 2506 2504 -1, 2524 2503 2523 -1, 2525 2505 2075 -1, 2525 2075 2076 -1, 2526 2506 2524 -1, 2527 2507 2505 -1, 2527 2505 2525 -1, 2528 2506 2526 -1, 2528 2508 2506 -1, 2528 2510 2508 -1, 2529 2507 2527 -1, 2529 2509 2507 -1, 2530 2510 2528 -1, 2531 2509 2529 -1, 2531 2511 2509 -1, 2532 2514 2512 -1, 2532 2510 2530 -1, 2532 2512 2510 -1, 2533 2511 2531 -1, 2533 2513 2511 -1, 2534 2180 2179 -1, 2534 2514 2532 -1, 2534 2179 2514 -1, 2535 2513 2533 -1, 2535 2515 2513 -1, 2536 2515 2535 -1, 2536 2516 2515 -1, 2537 2517 2516 -1, 2537 2516 2536 -1, 2538 2518 2517 -1, 2538 2517 2537 -1, 2539 2519 2518 -1, 2539 2518 2538 -1, 2540 2520 2519 -1, 2540 2519 2539 -1, 2541 2521 2520 -1, 2541 2520 2540 -1, 2542 2522 2521 -1, 2542 2521 2541 -1, 2543 2523 2522 -1, 2543 2522 2542 -1, 2544 2523 2543 -1, 2544 2524 2523 -1, 2545 2525 2076 -1, 2545 2076 2077 -1, 2546 2526 2524 -1, 2546 2524 2544 -1, 2547 2527 2525 -1, 2547 2525 2545 -1, 2547 2529 2527 -1, 2548 2528 2526 -1, 2548 2526 2546 -1, 2549 2529 2547 -1, 2550 2528 2548 -1, 2550 2530 2528 -1, 2551 2531 2529 -1, 2551 2529 2549 -1, 2552 2530 2550 -1, 2552 2532 2530 -1, 2553 2531 2551 -1, 2553 2533 2531 -1, 2554 2532 2552 -1, 2554 2181 2180 -1, 2554 2182 2181 -1, 2554 2180 2534 -1, 2554 2534 2532 -1, 2555 2535 2533 -1, 2555 2533 2553 -1, 2556 2535 2555 -1, 2556 2536 2535 -1, 2557 2536 2556 -1, 2557 2537 2536 -1, 2558 2538 2537 -1, 2558 2537 2557 -1, 2558 2539 2538 -1, 2559 2539 2558 -1, 2560 2540 2539 -1, 2560 2539 2559 -1, 2561 2540 2560 -1, 2561 2541 2540 -1, 2561 2542 2541 -1, 2562 2542 2561 -1, 2563 2542 2562 -1, 2563 2543 2542 -1, 2564 2543 2563 -1, 2564 2544 2543 -1, 2565 2545 2077 -1, 2565 2547 2545 -1, 2565 2077 2078 -1, 2566 2544 2564 -1, 2566 2546 2544 -1, 2567 2547 2565 -1, 2568 2546 2566 -1, 2568 2548 2546 -1, 2569 2547 2567 -1, 2569 2549 2547 -1, 2570 2550 2548 -1, 2570 2548 2568 -1, 2571 2553 2551 -1, 2571 2551 2549 -1, 2571 2549 2569 -1, 2572 2552 2550 -1, 2572 2550 2570 -1, 2573 2553 2571 -1, 2574 2182 2554 -1, 2574 2554 2552 -1, 2574 2183 2182 -1, 2574 2552 2572 -1, 2575 2555 2553 -1, 2575 2556 2555 -1, 2575 2553 2573 -1, 2576 2556 2575 -1, 2577 2557 2556 -1, 2577 2558 2557 -1, 2577 2556 2576 -1, 2578 2559 2558 -1, 2578 2558 2577 -1, 2579 2559 2578 -1, 2580 2560 2559 -1, 2580 2561 2560 -1, 2580 2559 2579 -1, 2581 2561 2580 -1, 2582 2563 2562 -1, 2582 2562 2561 -1, 2582 2561 2581 -1, 2583 2564 2563 -1, 2583 2563 2582 -1, 2584 2564 2583 -1, 2585 2078 2079 -1, 2585 2079 2080 -1, 2585 2565 2078 -1, 2586 2566 2564 -1, 2586 2564 2584 -1, 2586 2568 2566 -1, 2587 2567 2565 -1, 2587 2565 2585 -1, 2588 2568 2586 -1, 2589 2567 2587 -1, 2589 2569 2567 -1, 2590 2568 2588 -1, 2590 2570 2568 -1, 2591 2569 2589 -1, 2591 2571 2569 -1, 2592 2570 2590 -1, 2592 2572 2570 -1, 2592 2574 2572 -1, 2593 2571 2591 -1, 2593 2573 2571 -1, 2594 2574 2592 -1, 2594 2184 2183 -1, 2594 2183 2574 -1, 2595 2575 2573 -1, 2595 2573 2593 -1, 2596 2575 2595 -1, 2596 2576 2575 -1, 2597 2576 2596 -1, 2597 2577 2576 -1, 2598 2578 2577 -1, 2598 2577 2597 -1, 2599 2578 2598 -1, 2599 2579 2578 -1, 2600 2579 2599 -1, 2600 2580 2579 -1, 2601 2580 2600 -1, 2601 2581 2580 -1, 2602 2582 2581 -1, 2602 2583 2582 -1, 2602 2581 2601 -1, 2603 2583 2602 -1, 2604 2584 2583 -1, 2604 2583 2603 -1, 2605 2080 2081 -1, 2605 2585 2080 -1, 2606 2586 2584 -1, 2606 2584 2604 -1, 2607 2587 2585 -1, 2607 2585 2605 -1, 2608 2588 2586 -1, 2608 2586 2606 -1, 2609 2589 2587 -1, 2609 2591 2589 -1, 2609 2587 2607 -1, 2610 2588 2608 -1, 2610 2590 2588 -1, 2611 2593 2591 -1, 2611 2591 2609 -1, 2612 2592 2590 -1, 2612 2590 2610 -1, 2613 2593 2611 -1, 2614 2594 2592 -1, 2614 2184 2594 -1, 2614 2185 2184 -1, 2614 2592 2612 -1, 2615 2595 2593 -1, 2615 2596 2595 -1, 2615 2593 2613 -1, 2616 2596 2615 -1, 2617 2597 2596 -1, 2617 2596 2616 -1, 2618 2597 2617 -1, 2618 2598 2597 -1, 2619 2599 2598 -1, 2619 2598 2618 -1, 2620 2599 2619 -1, 2620 2600 2599 -1, 2621 2600 2620 -1, 2621 2602 2601 -1, 2621 2601 2600 -1, 2622 2602 2621 -1, 2623 2602 2622 -1, 2623 2603 2602 -1, 2623 2604 2603 -1, 2624 2604 2623 -1, 2625 2605 2081 -1, 2626 2604 2624 -1, 2626 2606 2604 -1, 2626 2608 2606 -1, 2627 2609 2607 -1, 2627 2605 2625 -1, 2627 2607 2605 -1, 2628 2608 2626 -1, 2629 2609 2627 -1, 2630 2610 2608 -1, 2630 2608 2628 -1, 2631 2609 2629 -1, 2631 2611 2609 -1, 2631 2613 2611 -1, 2632 2610 2630 -1, 2632 2612 2610 -1, 2632 2614 2612 -1, 2633 2613 2631 -1, 2634 2614 2632 -1, 2634 2185 2614 -1, 2635 2613 2633 -1, 2635 2615 2613 -1, 2636 2616 2615 -1, 2636 2615 2635 -1, 2637 2618 2617 -1, 2637 2617 2616 -1, 2637 2616 2636 -1, 2638 2619 2618 -1, 2638 2618 2637 -1, 2639 2619 2638 -1, 2640 2620 2619 -1, 2640 2621 2620 -1, 2640 2619 2639 -1, 2641 2621 2640 -1, 2642 2622 2621 -1, 2642 2621 2641 -1, 2643 2623 2622 -1, 2643 2622 2642 -1, 2644 2623 2643 -1, 2644 2624 2623 -1, 2645 2081 2082 -1, 2645 2082 2083 -1, 2645 2625 2081 -1, 2646 2626 2624 -1, 2646 2624 2644 -1, 2647 2627 2625 -1, 2647 2625 2645 -1, 2648 2628 2626 -1, 2648 2626 2646 -1, 2649 2629 2627 -1, 2649 2627 2647 -1, 2650 2628 2648 -1, 2650 2630 2628 -1, 2651 2629 2649 -1, 2651 2631 2629 -1, 2652 2632 2630 -1, 2652 2630 2650 -1, 2653 2635 2633 -1, 2653 2633 2631 -1, 2653 2631 2651 -1, 2654 2632 2652 -1, 2654 2634 2632 -1, 2654 2186 2185 -1, 2654 2185 2634 -1, 2655 2635 2653 -1, 2656 2635 2655 -1, 2656 2636 2635 -1, 2656 2637 2636 -1, 2657 2637 2656 -1, 2658 2638 2637 -1, 2658 2637 2657 -1, 2659 2639 2638 -1, 2659 2640 2639 -1, 2659 2638 2658 -1, 2660 2640 2659 -1, 2661 2641 2640 -1, 2661 2640 2660 -1, 2662 2641 2661 -1, 2662 2642 2641 -1, 2663 2642 2662 -1, 2663 2644 2643 -1, 2663 2643 2642 -1, 2664 2644 2663 -1, 2665 2645 2083 -1, 2666 2644 2664 -1, 2666 2646 2644 -1, 2667 2649 2647 -1, 2667 2645 2665 -1, 2667 2647 2645 -1, 2668 2646 2666 -1, 2668 2648 2646 -1, 2669 2649 2667 -1, 2670 2648 2668 -1, 2670 2650 2648 -1, 2671 2649 2669 -1, 2671 2651 2649 -1, 2672 2652 2650 -1, 2672 2650 2670 -1, 2673 2653 2651 -1, 2673 2651 2671 -1, 2674 2654 2652 -1, 2674 2186 2654 -1, 2674 2652 2672 -1, 2674 2187 2186 -1, 2675 2655 2653 -1, 2675 2653 2673 -1, 2676 2656 2655 -1, 2676 2655 2675 -1, 2677 2657 2656 -1, 2677 2656 2676 -1, 2678 2658 2657 -1, 2678 2657 2677 -1, 2679 2658 2678 -1, 2679 2660 2659 -1, 2679 2659 2658 -1, 2680 2660 2679 -1, 2681 2661 2660 -1, 2681 2660 2680 -1, 2682 2661 2681 -1, 2682 2662 2661 -1, 2683 2662 2682 -1, 2683 2663 2662 -1, 2684 2664 2663 -1, 2684 2663 2683 -1, 2685 2083 2084 -1, 2685 2665 2083 -1, 2686 2664 2684 -1, 2686 2666 2664 -1, 2687 2665 2685 -1, 2687 2667 2665 -1, 2688 2668 2666 -1, 2688 2666 2686 -1, 2689 2669 2667 -1, 2689 2667 2687 -1, 2690 2668 2688 -1, 2690 2670 2668 -1, 2691 2669 2689 -1, 2691 2671 2669 -1, 2691 2673 2671 -1, 2692 2670 2690 -1, 2692 2672 2670 -1, 2693 2673 2691 -1, 2693 2675 2673 -1, 2694 2672 2692 -1, 2694 2188 2187 -1, 2694 2674 2672 -1, 2694 2187 2674 -1, 2695 2675 2693 -1, 2696 2675 2695 -1, 2696 2676 2675 -1, 2697 2677 2676 -1, 2697 2678 2677 -1, 2697 2676 2696 -1, 2698 2678 2697 -1, 2699 2679 2678 -1, 2699 2678 2698 -1, 2700 2679 2699 -1, 2700 2680 2679 -1, 2700 2681 2680 -1, 2701 2681 2700 -1, 2702 2681 2701 -1, 2702 2682 2681 -1, 2703 2684 2683 -1, 2703 2683 2682 -1, 2703 2682 2702 -1, 2704 2684 2703 -1, 2705 2084 2085 -1, 2705 2085 2086 -1, 2705 2685 2084 -1, 2706 2686 2684 -1, 2706 2684 2704 -1, 2707 2687 2685 -1, 2707 2685 2705 -1, 2708 2688 2686 -1, 2708 2686 2706 -1, 2709 2689 2687 -1, 2709 2687 2707 -1, 2710 2688 2708 -1, 2710 2690 2688 -1, 2710 2692 2690 -1, 2711 2691 2689 -1, 2711 2689 2709 -1, 2712 2692 2710 -1, 2713 2693 2691 -1, 2713 2691 2711 -1, 2714 2694 2692 -1, 2714 2188 2694 -1, 2714 2189 2188 -1, 2714 2692 2712 -1, 2715 2695 2693 -1, 2715 2693 2713 -1, 2716 2697 2696 -1, 2716 2696 2695 -1, 2716 2695 2715 -1, 2717 2697 2716 -1, 2718 2698 2697 -1, 2718 2697 2717 -1, 2719 2699 2698 -1, 2719 2698 2718 -1, 2720 2699 2719 -1, 2720 2700 2699 -1, 2721 2700 2720 -1, 2721 2701 2700 -1, 2721 2702 2701 -1, 2722 2702 2721 -1, 2723 2702 2722 -1, 2723 2703 2702 -1, 2724 2704 2703 -1, 2724 2703 2723 -1, 2725 2705 2086 -1, 2726 2704 2724 -1, 2726 2706 2704 -1, 2727 2707 2705 -1, 2727 2705 2725 -1, 2727 2709 2707 -1, 2728 2706 2726 -1, 2728 2708 2706 -1, 2729 2709 2727 -1, 2730 2708 2728 -1, 2730 2710 2708 -1, 2731 2711 2709 -1, 2731 2709 2729 -1, 2732 2710 2730 -1, 2732 2712 2710 -1, 2733 2711 2731 -1, 2733 2715 2713 -1, 2733 2713 2711 -1, 2734 2712 2732 -1, 2734 2190 2189 -1, 2734 2189 2714 -1, 2734 2714 2712 -1, 2735 2715 2733 -1, 2736 2716 2715 -1, 2736 2715 2735 -1, 2737 2717 2716 -1, 2737 2718 2717 -1, 2737 2716 2736 -1, 2738 2718 2737 -1, 2738 2719 2718 -1, 2739 2719 2738 -1, 2740 2720 2719 -1, 2740 2721 2720 -1, 2740 2719 2739 -1, 2741 2721 2740 -1, 2742 2722 2721 -1, 2742 2723 2722 -1, 2742 2721 2741 -1, 2743 2723 2742 -1, 2744 2724 2723 -1, 2744 2723 2743 -1, 2745 2086 2087 -1, 2745 2087 2088 -1, 2745 2725 2086 -1, 2746 2726 2724 -1, 2746 2724 2744 -1, 2747 2727 2725 -1, 2747 2725 2745 -1, 2748 2728 2726 -1, 2748 2730 2728 -1, 2748 2726 2746 -1, 2749 2727 2747 -1, 2749 2729 2727 -1, 2750 2730 2748 -1, 2751 2731 2729 -1, 2751 2729 2749 -1, 2752 2732 2730 -1, 2752 2730 2750 -1, 2753 2733 2731 -1, 2753 2731 2751 -1, 2754 2732 2752 -1, 2754 2734 2732 -1, 2754 2191 2190 -1, 2754 2190 2734 -1, 2755 2733 2753 -1, 2755 2735 2733 -1, 2756 2736 2735 -1, 2756 2735 2755 -1, 2757 2737 2736 -1, 2757 2736 2756 -1, 2758 2738 2737 -1, 2758 2737 2757 -1, 2759 2738 2758 -1, 2759 2739 2738 -1, 2760 2739 2759 -1, 2760 2740 2739 -1, 2761 2740 2760 -1, 2761 2741 2740 -1, 2762 2741 2761 -1, 2762 2742 2741 -1, 2763 2743 2742 -1, 2763 2742 2762 -1, 2764 2743 2763 -1, 2764 2744 2743 -1, 2765 2745 2088 -1, 2766 2744 2764 -1, 2766 2746 2744 -1, 2767 2749 2747 -1, 2767 2747 2745 -1, 2767 2745 2765 -1, 2768 2746 2766 -1, 2768 2748 2746 -1, 2769 2749 2767 -1, 2770 2750 2748 -1, 2770 2748 2768 -1, 2771 2751 2749 -1, 2771 2749 2769 -1, 2771 2753 2751 -1, 2772 2752 2750 -1, 2772 2750 2770 -1, 2773 2753 2771 -1, 2774 2754 2752 -1, 2774 2191 2754 -1, 2774 2752 2772 -1, 2774 2192 2191 -1, 2775 2755 2753 -1, 2775 2756 2755 -1, 2775 2753 2773 -1, 2776 2756 2775 -1, 2777 2757 2756 -1, 2777 2758 2757 -1, 2777 2756 2776 -1, 2778 2758 2777 -1, 2779 2759 2758 -1, 2779 2760 2759 -1, 2779 2758 2778 -1, 2780 2760 2779 -1, 2781 2761 2760 -1, 2781 2760 2780 -1, 2782 2762 2761 -1, 2782 2761 2781 -1, 2783 2764 2763 -1, 2783 2763 2762 -1, 2783 2762 2782 -1, 2784 2764 2783 -1, 2785 2088 2089 -1, 2785 2089 2090 -1, 2785 2765 2088 -1, 2786 2766 2764 -1, 2786 2764 2784 -1, 2787 2767 2765 -1, 2787 2765 2785 -1, 2788 2766 2786 -1, 2788 2768 2766 -1, 2789 2769 2767 -1, 2789 2767 2787 -1, 2790 2768 2788 -1, 2790 2770 2768 -1, 2790 2772 2770 -1, 2791 2769 2789 -1, 2791 2771 2769 -1, 2792 2772 2790 -1, 2793 2771 2791 -1, 2793 2773 2771 -1, 2794 2772 2792 -1, 2794 2193 2192 -1, 2794 2194 2193 -1, 2794 2774 2772 -1, 2794 2192 2774 -1, 2795 2773 2793 -1, 2795 2775 2773 -1, 2796 2775 2795 -1, 2796 2776 2775 -1, 2796 2777 2776 -1, 2797 2777 2796 -1, 2798 2777 2797 -1, 2798 2778 2777 -1, 2799 2779 2778 -1, 2799 2778 2798 -1, 2800 2779 2799 -1, 2800 2780 2779 -1, 2801 2780 2800 -1, 2801 2781 2780 -1, 2801 2782 2781 -1, 2802 2782 2801 -1, 2803 2782 2802 -1, 2803 2783 2782 -1, 2804 2784 2783 -1, 2804 2783 2803 -1, 2805 2785 2090 -1, 2806 2784 2804 -1, 2806 2786 2784 -1, 2807 2785 2805 -1, 2807 2787 2785 -1, 2808 2788 2786 -1, 2808 2786 2806 -1, 2809 2789 2787 -1, 2809 2787 2807 -1, 2810 2790 2788 -1, 2810 2788 2808 -1, 2811 2789 2809 -1, 2811 2791 2789 -1, 2812 2792 2790 -1, 2812 2790 2810 -1, 2813 2793 2791 -1, 2813 2791 2811 -1, 2814 2794 2792 -1, 2814 2194 2794 -1, 2814 2792 2812 -1, 2815 2793 2813 -1, 2815 2795 2793 -1, 2816 2797 2796 -1, 2816 2796 2795 -1, 2816 2795 2815 -1, 2817 2797 2816 -1, 2818 2798 2797 -1, 2818 2799 2798 -1, 2818 2797 2817 -1, 2819 2799 2818 -1, 2819 2800 2799 -1, 2820 2800 2819 -1, 2821 2800 2820 -1, 2821 2801 2800 -1, 2822 2801 2821 -1, 2822 2802 2801 -1, 2822 2803 2802 -1, 2823 2803 2822 -1, 2824 2803 2823 -1, 2824 2804 2803 -1, 2825 2090 2091 -1, 2825 2091 2092 -1, 2825 2805 2090 -1, 2826 2804 2824 -1, 2826 2808 2806 -1, 2826 2806 2804 -1, 2827 2805 2825 -1, 2827 2807 2805 -1, 2828 2808 2826 -1, 2828 2810 2808 -1, 2829 2807 2827 -1, 2829 2809 2807 -1, 2830 2810 2828 -1, 2831 2813 2811 -1, 2831 2809 2829 -1, 2831 2811 2809 -1, 2832 2810 2830 -1, 2832 2812 2810 -1, 2832 2814 2812 -1, 2833 2813 2831 -1, 2834 2814 2832 -1, 2834 2195 2194 -1, 2834 2196 2195 -1, 2834 2194 2814 -1, 2835 2813 2833 -1, 2835 2815 2813 -1, 2835 2816 2815 -1, 2836 2816 2835 -1, 2837 2816 2836 -1, 2837 2817 2816 -1, 2838 2817 2837 -1, 2838 2818 2817 -1, 2839 2819 2818 -1, 2839 2818 2838 -1, 2839 2820 2819 -1, 2840 2820 2839 -1, 2841 2822 2821 -1, 2841 2820 2840 -1, 2841 2821 2820 -1, 2842 2822 2841 -1, 2843 2823 2822 -1, 2843 2824 2823 -1, 2843 2822 2842 -1, 2844 2824 2843 -1, 2845 2092 2093 -1, 2845 2825 2092 -1, 2846 2826 2824 -1, 2846 2828 2826 -1, 2846 2824 2844 -1, 2847 2829 2827 -1, 2847 2827 2825 -1, 2847 2825 2845 -1, 2848 2828 2846 -1, 2849 2829 2847 -1, 2850 2830 2828 -1, 2850 2832 2830 -1, 2850 2828 2848 -1, 2851 2831 2829 -1, 2851 2829 2849 -1, 2852 2834 2832 -1, 2852 2832 2850 -1, 2853 2833 2831 -1, 2853 2831 2851 -1, 2854 2196 2834 -1, 2854 2834 2852 -1, 2855 2833 2853 -1, 2855 2835 2833 -1, 2856 2836 2835 -1, 2856 2835 2855 -1, 2857 2837 2836 -1, 2857 2836 2856 -1, 2858 2838 2837 -1, 2858 2837 2857 -1, 2859 2839 2838 -1, 2859 2838 2858 -1, 2860 2839 2859 -1, 2860 2840 2839 -1, 2861 2841 2840 -1, 2861 2840 2860 -1, 2862 2841 2861 -1, 2862 2842 2841 -1, 2862 2843 2842 -1, 2863 2843 2862 -1, 2864 2844 2843 -1, 2864 2843 2863 -1, 2865 2093 2094 -1, 2865 2845 2093 -1, 2866 2844 2864 -1, 2866 2846 2844 -1, 2867 2845 2865 -1, 2867 2847 2845 -1, 2867 2849 2847 -1, 2868 2846 2866 -1, 2868 2848 2846 -1, 2869 2849 2867 -1, 2870 2848 2868 -1, 2870 2850 2848 -1, 2871 2849 2869 -1, 2871 2851 2849 -1, 2871 2853 2851 -1, 2872 2852 2850 -1, 2872 2850 2870 -1, 2873 2853 2871 -1, 2874 2854 2852 -1, 2874 2196 2854 -1, 2874 2852 2872 -1, 2874 2197 2196 -1, 2874 2198 2197 -1, 2875 2855 2853 -1, 2875 2853 2873 -1, 2875 2856 2855 -1, 2876 2856 2875 -1, 2877 2857 2856 -1, 2877 2856 2876 -1, 2878 2859 2858 -1, 2878 2857 2877 -1, 2878 2858 2857 -1, 2879 2860 2859 -1, 2879 2859 2878 -1, 2880 2860 2879 -1, 2881 2861 2860 -1, 2881 2862 2861 -1, 2881 2860 2880 -1, 2882 2862 2881 -1, 2883 2863 2862 -1, 2883 2864 2863 -1, 2883 2862 2882 -1, 2884 2864 2883 -1, 2885 2865 2094 -1, 2886 2868 2866 -1, 2886 2866 2864 -1, 2886 2864 2884 -1, 2887 2867 2865 -1, 2887 2869 2867 -1, 2887 2865 2885 -1, 2888 2868 2886 -1, 2889 2869 2887 -1, 2890 2868 2888 -1, 2890 2870 2868 -1, 2890 2872 2870 -1, 2891 2869 2889 -1, 2891 2871 2869 -1, 2891 2873 2871 -1, 2892 2872 2890 -1, 2892 2874 2872 -1, 2893 2873 2891 -1, 2894 2874 2892 -1, 2894 2198 2874 -1, 2895 2873 2893 -1, 2895 2875 2873 -1, 2896 2875 2895 -1, 2896 2876 2875 -1, 2896 2877 2876 -1, 2897 2877 2896 -1, 2898 2878 2877 -1, 2898 2879 2878 -1, 2898 2877 2897 -1, 2899 2879 2898 -1, 2899 2880 2879 -1, 2900 2880 2899 -1, 2901 2881 2880 -1, 2901 2880 2900 -1, 2901 2882 2881 -1, 2902 2882 2901 -1, 2902 2883 2882 -1, 2903 2883 2902 -1, 2903 2884 2883 -1, 2904 2884 2903 -1, 2905 2094 2095 -1, 2905 2885 2094 -1, 2906 2886 2884 -1, 2906 2888 2886 -1, 2906 2884 2904 -1, 2907 2885 2905 -1, 2907 2887 2885 -1, 2908 2888 2906 -1, 2909 2889 2887 -1, 2909 2887 2907 -1, 2910 2890 2888 -1, 2910 2892 2890 -1, 2910 2888 2908 -1, 2911 2891 2889 -1, 2911 2889 2909 -1, 2912 2894 2892 -1, 2912 2892 2910 -1, 2913 2893 2891 -1, 2913 2891 2911 -1, 2914 2198 2894 -1, 2914 2199 2198 -1, 2914 2894 2912 -1, 2915 2895 2893 -1, 2915 2893 2913 -1, 2916 2896 2895 -1, 2916 2895 2915 -1, 2917 2897 2896 -1, 2917 2896 2916 -1, 2918 2898 2897 -1, 2918 2897 2917 -1, 2919 2899 2898 -1, 2919 2898 2918 -1, 2920 2900 2899 -1, 2920 2899 2919 -1, 2921 2900 2920 -1, 2921 2901 2900 -1, 2922 2903 2902 -1, 2922 2902 2901 -1, 2922 2901 2921 -1, 2923 2903 2922 -1, 2924 2903 2923 -1, 2924 2904 2903 -1, 2925 2095 2096 -1, 2925 2096 2097 -1, 2925 2905 2095 -1, 2926 2906 2904 -1, 2926 2904 2924 -1, 2927 2907 2905 -1, 2927 2905 2925 -1, 2928 2906 2926 -1, 2928 2908 2906 -1, 2929 2907 2927 -1, 2929 2909 2907 -1, 2930 2908 2928 -1, 2930 2910 2908 -1, 2931 2911 2909 -1, 2931 2909 2929 -1, 2932 2910 2930 -1, 2932 2912 2910 -1, 2933 2911 2931 -1, 2933 2913 2911 -1, 2934 2912 2932 -1, 2934 2200 2199 -1, 2934 2201 2200 -1, 2934 2199 2914 -1, 2934 2914 2912 -1, 2935 2913 2933 -1, 2935 2915 2913 -1, 2936 2915 2935 -1, 2936 2916 2915 -1, 2936 2917 2916 -1, 2937 2917 2936 -1, 2938 2917 2937 -1, 2938 2918 2917 -1, 2939 2920 2919 -1, 2939 2918 2938 -1, 2939 2919 2918 -1, 2940 2920 2939 -1, 2941 2921 2920 -1, 2941 2920 2940 -1, 2942 2922 2921 -1, 2942 2921 2941 -1, 2943 2923 2922 -1, 2943 2922 2942 -1, 2944 2924 2923 -1, 2944 2923 2943 -1, 2945 2097 2098 -1, 2945 2925 2097 -1, 2946 2926 2924 -1, 2946 2928 2926 -1, 2946 2924 2944 -1, 2947 2925 2945 -1, 2947 2927 2925 -1, 2948 2928 2946 -1, 2949 2927 2947 -1, 2949 2929 2927 -1, 2950 2930 2928 -1, 2950 2928 2948 -1, 2951 2933 2931 -1, 2951 2931 2929 -1, 2951 2929 2949 -1, 2952 2930 2950 -1, 2952 2932 2930 -1, 2952 2934 2932 -1, 2953 2933 2951 -1, 2954 2934 2952 -1, 2954 2201 2934 -1, 2955 2935 2933 -1, 2955 2933 2953 -1, 2955 2936 2935 -1, 2956 2936 2955 -1, 2957 2938 2937 -1, 2957 2937 2936 -1, 2957 2936 2956 -1, 2958 2939 2938 -1, 2958 2938 2957 -1, 2959 2939 2958 -1, 2960 2939 2959 -1, 2960 2940 2939 -1, 2961 2941 2940 -1, 2961 2942 2941 -1, 2961 2940 2960 -1, 2962 2942 2961 -1, 2963 2942 2962 -1, 2963 2943 2942 -1, 2963 2944 2943 -1, 2964 2944 2963 -1, 2965 2945 2098 -1, 2965 2947 2945 -1, 2966 2944 2964 -1, 2966 2946 2944 -1, 2967 2947 2965 -1, 2968 2946 2966 -1, 2968 2948 2946 -1, 2968 2950 2948 -1, 2969 2949 2947 -1, 2969 2947 2967 -1, 2970 2950 2968 -1, 2971 2949 2969 -1, 2971 2951 2949 -1, 2972 2954 2952 -1, 2972 2950 2970 -1, 2972 2952 2950 -1, 2973 2953 2951 -1, 2973 2951 2971 -1, 2974 2954 2972 -1, 2974 2201 2954 -1, 2974 2202 2201 -1, 2975 2955 2953 -1, 2975 2953 2973 -1, 2976 2955 2975 -1, 2976 2956 2955 -1, 2977 2957 2956 -1, 2977 2956 2976 -1, 2978 2958 2957 -1, 2978 2957 2977 -1, 2979 2959 2958 -1, 2979 2958 2978 -1, 2980 2959 2979 -1, 2980 2960 2959 -1, 2981 2961 2960 -1, 2981 2960 2980 -1, 2982 2962 2961 -1, 2982 2961 2981 -1, 2983 2963 2962 -1, 2983 2962 2982 -1, 2984 2964 2963 -1, 2984 2963 2983 -1, 2985 2965 2098 -1, 2985 2098 2099 -1, 2986 2966 2964 -1, 2986 2964 2984 -1, 2987 2967 2965 -1, 2987 2965 2985 -1, 2988 2968 2966 -1, 2988 2970 2968 -1, 2988 2966 2986 -1, 2989 2967 2987 -1, 2989 2969 2967 -1, 2990 2970 2988 -1, 2991 2971 2969 -1, 2991 2973 2971 -1, 2991 2969 2989 -1, 2992 2970 2990 -1, 2992 2972 2970 -1, 2993 2973 2991 -1, 2994 2974 2972 -1, 2994 2972 2992 -1, 2994 2203 2202 -1, 2994 2202 2974 -1, 2995 2975 2973 -1, 2995 2973 2993 -1, 2995 2976 2975 -1, 2996 2976 2995 -1, 2997 2976 2996 -1, 2997 2977 2976 -1, 2998 2977 2997 -1, 2998 2978 2977 -1, 2998 2979 2978 -1, 2999 2979 2998 -1, 3000 2979 2999 -1, 3000 2980 2979 -1, 3001 2981 2980 -1, 3001 2982 2981 -1, 3001 2980 3000 -1, 3002 2982 3001 -1, 3003 2982 3002 -1, 3003 2983 2982 -1, 3004 2983 3003 -1, 3004 2984 2983 -1, 3005 2985 2099 -1, 3005 2987 2985 -1, 3005 2099 2100 -1, 3006 2988 2986 -1, 3006 2986 2984 -1, 3006 2984 3004 -1, 3007 2987 3005 -1, 3008 2988 3006 -1, 3009 2991 2989 -1, 3009 2987 3007 -1, 3009 2989 2987 -1, 3010 2988 3008 -1, 3010 2990 2988 -1, 3010 2992 2990 -1, 3011 2991 3009 -1, 3012 2992 3010 -1, 3013 2993 2991 -1, 3013 2991 3011 -1, 3013 2995 2993 -1, 3014 2203 2994 -1, 3014 2204 2203 -1, 3014 2994 2992 -1, 3014 2992 3012 -1, 3015 2995 3013 -1, 3016 2996 2995 -1, 3016 2995 3015 -1, 3017 2997 2996 -1, 3017 2998 2997 -1, 3017 2996 3016 -1, 3018 2998 3017 -1, 3019 3000 2999 -1, 3019 2998 3018 -1, 3019 2999 2998 -1, 3020 3000 3019 -1, 3021 3001 3000 -1, 3021 3000 3020 -1, 3022 3003 3002 -1, 3022 3002 3001 -1, 3022 3001 3021 -1, 3023 3003 3022 -1, 3024 3003 3023 -1, 3024 3004 3003 -1, 3025 3005 2100 -1, 3025 2100 2101 -1, 3026 3004 3024 -1, 3026 3006 3004 -1, 3026 3008 3006 -1, 3027 3005 3025 -1, 3027 3007 3005 -1, 3028 3008 3026 -1, 3029 3007 3027 -1, 3029 3009 3007 -1, 3030 3010 3008 -1, 3030 3008 3028 -1, 3031 3011 3009 -1, 3031 3009 3029 -1, 3032 3010 3030 -1, 3032 3012 3010 -1, 3033 3011 3031 -1, 3033 3013 3011 -1, 3034 2204 3014 -1, 3034 3012 3032 -1, 3034 2205 2204 -1, 3034 2206 2205 -1, 3034 3014 3012 -1, 3035 3015 3013 -1, 3035 3013 3033 -1, 3036 3015 3035 -1, 3036 3016 3015 -1, 3037 3016 3036 -1, 3037 3017 3016 -1, 3038 3017 3037 -1, 3038 3018 3017 -1, 3039 3019 3018 -1, 3039 3018 3038 -1, 3040 3020 3019 -1, 3040 3019 3039 -1, 3041 3021 3020 -1, 3041 3020 3040 -1, 3042 3022 3021 -1, 3042 3021 3041 -1, 3043 3023 3022 -1, 3043 3022 3042 -1, 3044 3024 3023 -1, 3044 3023 3043 -1, 3045 3025 2101 -1, 3045 2101 2102 -1, 3045 3027 3025 -1, 3046 3026 3024 -1, 3046 3024 3044 -1, 3047 3027 3045 -1, 3048 3028 3026 -1, 3048 3026 3046 -1, 3049 3027 3047 -1, 3049 3029 3027 -1, 3049 3031 3029 -1, 3050 3028 3048 -1, 3050 3030 3028 -1, 3051 3031 3049 -1, 3052 3032 3030 -1, 3052 3030 3050 -1, 3053 3033 3031 -1, 3053 3031 3051 -1, 3054 2206 3034 -1, 3054 3034 3032 -1, 3054 3032 3052 -1, 3055 3035 3033 -1, 3055 3033 3053 -1, 3056 3035 3055 -1, 3056 3036 3035 -1, 3057 3036 3056 -1, 3057 3037 3036 -1, 3058 3037 3057 -1, 3058 3038 3037 -1, 3059 3038 3058 -1, 3059 3039 3038 -1, 3060 3039 3059 -1, 3060 3040 3039 -1, 3061 3041 3040 -1, 3061 3040 3060 -1, 3062 3041 3061 -1, 3062 3043 3042 -1, 3062 3042 3041 -1, 3063 3043 3062 -1, 3064 3043 3063 -1, 3064 3044 3043 -1, 3065 2102 2103 -1, 3065 2103 2104 -1, 3065 3045 2102 -1, 3066 3044 3064 -1, 3066 3046 3044 -1, 3067 3045 3065 -1, 3067 3047 3045 -1, 3068 3046 3066 -1, 3068 3048 3046 -1, 3069 3047 3067 -1, 3069 3049 3047 -1, 3070 3048 3068 -1, 3070 3050 3048 -1, 3071 3053 3051 -1, 3071 3049 3069 -1, 3071 3051 3049 -1, 3072 3050 3070 -1, 3072 3052 3050 -1, 3073 3055 3053 -1, 3073 3053 3071 -1, 3074 3054 3052 -1, 3074 2206 3054 -1, 3074 2207 2206 -1, 3074 3052 3072 -1, 3075 3056 3055 -1, 3075 3055 3073 -1, 3076 3056 3075 -1, 3077 3056 3076 -1, 3077 3058 3057 -1, 3077 3057 3056 -1, 3078 3058 3077 -1, 3079 3059 3058 -1, 3079 3058 3078 -1, 3080 3060 3059 -1, 3080 3061 3060 -1, 3080 3059 3079 -1, 3081 3061 3080 -1, 3082 3062 3061 -1, 3082 3061 3081 -1, 3083 3062 3082 -1, 3083 3063 3062 -1, 3083 3064 3063 -1, 3084 3064 3083 -1, 3085 3065 2104 -1, 3085 3067 3065 -1, 3086 3066 3064 -1, 3086 3068 3066 -1, 3086 3064 3084 -1, 3087 3067 3085 -1, 3088 3068 3086 -1, 3089 3069 3067 -1, 3089 3067 3087 -1, 3090 3068 3088 -1, 3090 3070 3068 -1, 3091 3069 3089 -1, 3091 3071 3069 -1, 3092 3070 3090 -1, 3092 3072 3070 -1, 3093 3073 3071 -1, 3093 3071 3091 -1, 3094 3072 3092 -1, 3094 3074 3072 -1, 3094 2207 3074 -1, 3094 2208 2207 -1, 3094 2209 2208 -1, 3095 3073 3093 -1, 3095 3075 3073 -1, 3096 3075 3095 -1, 3096 3076 3075 -1, 3097 3077 3076 -1, 3097 3076 3096 -1, 3098 3077 3097 -1, 3098 3079 3078 -1, 3098 3078 3077 -1, 3099 3079 3098 -1, 3100 3079 3099 -1, 3100 3080 3079 -1, 3101 3080 3100 -1, 3101 3081 3080 -1, 3102 3082 3081 -1, 3102 3081 3101 -1, 3103 3082 3102 -1, 3103 3083 3082 -1, 3104 3083 3103 -1, 3104 3084 3083 -1, 3105 2104 2105 -1, 3105 3085 2104 -1, 3106 3084 3104 -1, 3106 3086 3084 -1, 3107 3087 3085 -1, 3107 3085 3105 -1, 3108 3088 3086 -1, 3108 3090 3088 -1, 3108 3086 3106 -1, 3109 3089 3087 -1, 3109 3087 3107 -1, 3110 3090 3108 -1, 3111 3091 3089 -1, 3111 3089 3109 -1, 3112 3092 3090 -1, 3112 3090 3110 -1, 3113 3093 3091 -1, 3113 3091 3111 -1, 3114 2209 3094 -1, 3114 3094 3092 -1, 3114 3092 3112 -1, 3115 3095 3093 -1, 3115 3093 3113 -1, 3116 3096 3095 -1, 3116 3095 3115 -1, 3117 3097 3096 -1, 3117 3096 3116 -1, 3118 3098 3097 -1, 3118 3097 3117 -1, 3119 3099 3098 -1, 3119 3098 3118 -1, 3120 3100 3099 -1, 3120 3099 3119 -1, 3121 3101 3100 -1, 3121 3100 3120 -1, 3122 3101 3121 -1, 3122 3102 3101 -1, 3123 3102 3122 -1, 3123 3103 3102 -1, 3124 3104 3103 -1, 3124 3103 3123 -1, 3125 3105 2105 -1, 3125 2105 2106 -1, 3126 3106 3104 -1, 3126 3104 3124 -1, 3127 3107 3105 -1, 3127 3105 3125 -1, 3128 3106 3126 -1, 3128 3108 3106 -1, 3129 3107 3127 -1, 3129 3109 3107 -1, 3130 3110 3108 -1, 3130 3108 3128 -1, 3131 3111 3109 -1, 3131 3109 3129 -1, 3132 3110 3130 -1, 3132 3112 3110 -1, 3133 3111 3131 -1, 3133 3113 3111 -1, 3133 3115 3113 -1, 3134 2209 3114 -1, 3134 3112 3132 -1, 3134 2210 2209 -1, 3134 3114 3112 -1, 3135 3115 3133 -1, 3135 3116 3115 -1, 3136 3116 3135 -1, 3137 3116 3136 -1, 3137 3117 3116 -1, 3137 3118 3117 -1, 3138 3118 3137 -1, 3139 3118 3138 -1, 3139 3119 3118 -1, 3140 3120 3119 -1, 3140 3119 3139 -1, 3141 3120 3140 -1, 3141 3121 3120 -1, 3142 3122 3121 -1, 3142 3121 3141 -1, 3143 3122 3142 -1, 3143 3123 3122 -1, 3144 3124 3123 -1, 3144 3126 3124 -1, 3144 3123 3143 -1, 3145 2106 2107 -1, 3145 3125 2106 -1, 3146 3128 3126 -1, 3146 3126 3144 -1, 3147 3127 3125 -1, 3147 3125 3145 -1, 3148 3128 3146 -1, 3149 3129 3127 -1, 3149 3127 3147 -1, 3150 3128 3148 -1, 3150 3130 3128 -1, 3150 3132 3130 -1, 3151 3131 3129 -1, 3151 3129 3149 -1, 3152 3132 3150 -1, 3153 3133 3131 -1, 3153 3131 3151 -1, 3154 2210 3134 -1, 3154 2211 2210 -1, 3154 2212 2211 -1, 3154 3134 3132 -1, 3154 3132 3152 -1, 3155 3133 3153 -1, 3155 3135 3133 -1, 3156 3136 3135 -1, 3156 3135 3155 -1, 3157 3137 3136 -1, 3157 3136 3156 -1, 3158 3138 3137 -1, 3158 3139 3138 -1, 3158 3137 3157 -1, 3159 3139 3158 -1, 3160 3140 3139 -1, 3160 3139 3159 -1, 3161 3140 3160 -1, 3161 3141 3140 -1, 3161 3142 3141 -1, 3162 3142 3161 -1, 3163 3142 3162 -1, 3163 3143 3142 -1, 3164 3143 3163 -1, 3164 3144 3143 -1, 3165 3147 3145 -1, 3165 2107 2108 -1, 3165 3145 2107 -1, 3166 3144 3164 -1, 3166 3146 3144 -1, 3167 3147 3165 -1, 3168 3146 3166 -1, 3168 3148 3146 -1, 3169 3151 3149 -1, 3169 3147 3167 -1, 3169 3149 3147 -1, 3170 3148 3168 -1, 3170 3150 3148 -1, 3171 3151 3169 -1, 3172 3150 3170 -1, 3172 3152 3150 -1, 3173 3151 3171 -1, 3173 3153 3151 -1, 3174 3154 3152 -1, 3174 3152 3172 -1, 3174 2212 3154 -1, 3175 3155 3153 -1, 3175 3153 3173 -1, 3176 3156 3155 -1, 3176 3155 3175 -1, 3177 3157 3156 -1, 3177 3156 3176 -1, 3178 3158 3157 -1, 3178 3157 3177 -1, 3179 3159 3158 -1, 3179 3160 3159 -1, 3179 3158 3178 -1, 3180 3160 3179 -1, 3181 3161 3160 -1, 3181 3160 3180 -1, 3182 3162 3161 -1, 3182 3161 3181 -1, 3183 3163 3162 -1, 3183 3162 3182 -1, 3184 3164 3163 -1, 3184 3163 3183 -1, 3185 3165 2108 -1, 3185 2108 2109 -1, 3186 3166 3164 -1, 3186 3164 3184 -1, 3186 3168 3166 -1, 3187 3167 3165 -1, 3187 3165 3185 -1, 3188 3168 3186 -1, 3189 3167 3187 -1, 3189 3169 3167 -1, 3190 3170 3168 -1, 3190 3168 3188 -1, 3191 3171 3169 -1, 3191 3169 3189 -1, 3192 3170 3190 -1, 3192 3174 3172 -1, 3192 3172 3170 -1, 3193 3173 3171 -1, 3193 3175 3173 -1, 3193 3171 3191 -1, 3194 3174 3192 -1, 3194 2212 3174 -1, 3194 2213 2212 -1, 3194 2214 2213 -1, 3195 3175 3193 -1, 3196 3175 3195 -1, 3196 3176 3175 -1, 3197 3176 3196 -1, 3197 3177 3176 -1, 3197 3178 3177 -1, 3198 3178 3197 -1, 3199 3179 3178 -1, 3199 3180 3179 -1, 3199 3178 3198 -1, 3200 3180 3199 -1, 3201 3180 3200 -1, 3201 3181 3180 -1, 3202 3181 3201 -1, 3202 3182 3181 -1, 3203 3182 3202 -1, 3203 3183 3182 -1, 3204 3183 3203 -1, 3204 3186 3184 -1, 3204 3184 3183 -1, 3205 3185 2109 -1, 3205 2109 2110 -1, 3206 3186 3204 -1, 3206 3188 3186 -1, 3207 3185 3205 -1, 3207 3187 3185 -1, 3208 3188 3206 -1, 3209 3187 3207 -1, 3209 3189 3187 -1, 3210 3190 3188 -1, 3210 3188 3208 -1, 3211 3189 3209 -1, 3211 3191 3189 -1, 3212 3192 3190 -1, 3212 3194 3192 -1, 3212 3190 3210 -1, 3213 3193 3191 -1, 3213 3191 3211 -1, 3214 3194 3212 -1, 3214 2214 3194 -1, 3215 3195 3193 -1, 3215 3193 3213 -1, 3216 3196 3195 -1, 3216 3195 3215 -1, 3217 3197 3196 -1, 3217 3196 3216 -1, 3218 3198 3197 -1, 3218 3197 3217 -1, 3219 3199 3198 -1, 3219 3198 3218 -1, 3220 3200 3199 -1, 3220 3199 3219 -1, 3221 3202 3201 -1, 3221 3201 3200 -1, 3221 3200 3220 -1, 3222 3202 3221 -1, 3223 3203 3202 -1, 3223 3202 3222 -1, 3224 3204 3203 -1, 3224 3203 3223 -1, 3225 3205 2110 -1, 3225 2110 2111 -1, 3225 2111 2112 -1, 3226 3206 3204 -1, 3226 3204 3224 -1, 3227 3207 3205 -1, 3227 3205 3225 -1, 3228 3208 3206 -1, 3228 3206 3226 -1, 3229 3209 3207 -1, 3229 3207 3227 -1, 3230 3208 3228 -1, 3230 3210 3208 -1, 3231 3209 3229 -1, 3231 3211 3209 -1, 3232 3210 3230 -1, 3232 3212 3210 -1, 3233 3211 3231 -1, 3233 3213 3211 -1, 3234 2215 2214 -1, 3234 3212 3232 -1, 3234 3214 3212 -1, 3234 2214 3214 -1, 3235 3215 3213 -1, 3235 3213 3233 -1, 3236 3215 3235 -1, 3236 3216 3215 -1, 3237 3216 3236 -1, 3237 3217 3216 -1, 3238 3217 3237 -1, 3238 3218 3217 -1, 3238 3219 3218 -1, 3239 3219 3238 -1, 3240 3219 3239 -1, 3240 3220 3219 -1, 3241 3221 3220 -1, 3241 3220 3240 -1, 3242 3221 3241 -1, 3242 3222 3221 -1, 3243 3223 3222 -1, 3243 3222 3242 -1, 3244 3224 3223 -1, 3244 3223 3243 -1, 3245 3225 2112 -1, 3245 3227 3225 -1, 3246 3226 3224 -1, 3246 3224 3244 -1, 3247 3227 3245 -1, 3248 3228 3226 -1, 3248 3226 3246 -1, 3249 3229 3227 -1, 3249 3227 3247 -1, 3249 3231 3229 -1, 3250 3230 3228 -1, 3250 3228 3248 -1, 3251 3231 3249 -1, 3252 3232 3230 -1, 3252 3230 3250 -1, 3253 3235 3233 -1, 3253 3233 3231 -1, 3253 3231 3251 -1, 3254 3232 3252 -1, 3254 3234 3232 -1, 3254 2216 2215 -1, 3254 2215 3234 -1, 3255 3235 3253 -1, 3256 3236 3235 -1, 3256 3235 3255 -1, 3257 3238 3237 -1, 3257 3237 3236 -1, 3257 3236 3256 -1, 3258 3238 3257 -1, 3259 3239 3238 -1, 3259 3238 3258 -1, 3260 3239 3259 -1, 3260 3241 3240 -1, 3260 3240 3239 -1, 3261 3241 3260 -1, 3262 3241 3261 -1, 3262 3242 3241 -1, 3263 3243 3242 -1, 3263 3242 3262 -1, 3264 3243 3263 -1, 3264 3244 3243 -1, 3264 3246 3244 -1, 3265 3245 2112 -1, 3265 2112 2113 -1, 3266 3248 3246 -1, 3266 3246 3264 -1, 3267 3247 3245 -1, 3267 3245 3265 -1, 3268 3250 3248 -1, 3268 3248 3266 -1, 3269 3247 3267 -1, 3269 3249 3247 -1, 3270 3250 3268 -1, 3271 3251 3249 -1, 3271 3249 3269 -1, 3272 3254 3252 -1, 3272 3250 3270 -1, 3272 3252 3250 -1, 3273 3251 3271 -1, 3273 3253 3251 -1, 3274 3254 3272 -1, 3274 2217 2216 -1, 3274 2218 2217 -1, 3274 2216 3254 -1, 3275 3255 3253 -1, 3275 3253 3273 -1, 3276 3256 3255 -1, 3276 3255 3275 -1, 3277 3258 3257 -1, 3277 3257 3256 -1, 3277 3256 3276 -1, 3278 3258 3277 -1, 3279 3259 3258 -1, 3279 3258 3278 -1, 3280 3260 3259 -1, 3280 3259 3279 -1, 3281 3261 3260 -1, 3281 3260 3280 -1, 3282 3262 3261 -1, 3282 3261 3281 -1, 3283 3263 3262 -1, 3283 3262 3282 -1, 3284 3264 3263 -1, 3284 3263 3283 -1, 3285 3265 2113 -1, 3285 2113 2114 -1, 3285 2114 2115 -1, 3286 3264 3284 -1, 3286 3266 3264 -1, 3287 3267 3265 -1, 3287 3265 3285 -1, 3288 3268 3266 -1, 3288 3266 3286 -1, 3289 3269 3267 -1, 3289 3267 3287 -1, 3290 3270 3268 -1, 3290 3268 3288 -1, 3291 3269 3289 -1, 3291 3271 3269 -1, 3292 3272 3270 -1, 3292 3270 3290 -1, 3293 3271 3291 -1, 3293 3273 3271 -1, 3294 3272 3292 -1, 3294 3274 3272 -1, 3294 2218 3274 -1, 3295 3275 3273 -1, 3295 3273 3293 -1, 3296 3275 3295 -1, 3296 3276 3275 -1, 3297 3276 3296 -1, 3297 3277 3276 -1, 3298 3278 3277 -1, 3298 3277 3297 -1, 3299 3278 3298 -1, 3299 3279 3278 -1, 3300 3279 3299 -1, 3300 3280 3279 -1, 3301 3281 3280 -1, 3301 3280 3300 -1, 3302 3281 3301 -1, 3302 3283 3282 -1, 3302 3282 3281 -1, 3303 3283 3302 -1, 3304 3283 3303 -1, 3304 3284 3283 -1, 3305 3287 3285 -1, 3305 3285 2115 -1, 3306 3284 3304 -1, 3306 3286 3284 -1, 3307 3287 3305 -1, 3307 3289 3287 -1, 3308 3290 3288 -1, 3308 3286 3306 -1, 3308 3288 3286 -1, 3309 3289 3307 -1, 3310 3290 3308 -1, 3311 3291 3289 -1, 3311 3293 3291 -1, 3311 3289 3309 -1, 3312 3292 3290 -1, 3312 3290 3310 -1, 3313 3293 3311 -1, 3314 2218 3294 -1, 3314 3292 3312 -1, 3314 3294 3292 -1, 3314 2219 2218 -1, 3314 2220 2219 -1, 3315 3295 3293 -1, 3315 3293 3313 -1, 3315 3296 3295 -1, 3316 3296 3315 -1, 3317 3296 3316 -1, 3317 3298 3297 -1, 3317 3297 3296 -1, 3318 3298 3317 -1, 3319 3299 3298 -1, 3319 3300 3299 -1, 3319 3298 3318 -1, 3320 3300 3319 -1, 3321 3301 3300 -1, 3321 3302 3301 -1, 3321 3300 3320 -1, 3322 3302 3321 -1, 3323 3303 3302 -1, 3323 3302 3322 -1, 3324 3304 3303 -1, 3324 3303 3323 -1, 3325 3305 2115 -1, 3325 2115 2116 -1, 3325 2116 2117 -1, 3326 3306 3304 -1, 3326 3308 3306 -1, 3326 3304 3324 -1, 3327 3307 3305 -1, 3327 3305 3325 -1, 3328 3308 3326 -1, 3329 3307 3327 -1, 3329 3309 3307 -1, 3330 3308 3328 -1, 3330 3310 3308 -1, 3330 3312 3310 -1, 3331 3311 3309 -1, 3331 3309 3329 -1, 3332 3312 3330 -1, 3333 3313 3311 -1, 3333 3311 3331 -1, 3334 3312 3332 -1, 3334 3314 3312 -1, 3334 2220 3314 -1, 3335 3315 3313 -1, 3335 3313 3333 -1, 3336 3315 3335 -1, 3336 3316 3315 -1, 3337 3316 3336 -1, 3337 3317 3316 -1, 3338 3318 3317 -1, 3338 3317 3337 -1, 3339 3318 3338 -1, 3339 3319 3318 -1, 3340 3319 3339 -1, 3340 3320 3319 -1, 3341 3320 3340 -1, 3341 3321 3320 -1, 3342 3322 3321 -1, 3342 3321 3341 -1, 3343 3323 3322 -1, 3343 3322 3342 -1, 3344 3324 3323 -1, 3344 3323 3343 -1, 3345 3325 2117 -1, 3345 3327 3325 -1, 3346 3324 3344 -1, 3346 3326 3324 -1, 3347 3329 3327 -1, 3347 3327 3345 -1, 3348 3328 3326 -1, 3348 3326 3346 -1, 3349 3329 3347 -1, 3350 3330 3328 -1, 3350 3328 3348 -1, 3351 3331 3329 -1, 3351 3333 3331 -1, 3351 3329 3349 -1, 3352 3332 3330 -1, 3352 3330 3350 -1, 3353 3333 3351 -1, 3354 3334 3332 -1, 3354 2220 3334 -1, 3354 2221 2220 -1, 3354 3332 3352 -1, 3355 3335 3333 -1, 3355 3333 3353 -1, 3356 3336 3335 -1, 3356 3335 3355 -1, 3357 3338 3337 -1, 3357 3337 3336 -1, 3357 3336 3356 -1, 3358 3339 3338 -1, 3358 3338 3357 -1, 3359 3339 3358 -1, 3359 3340 3339 -1, 3360 3340 3359 -1, 3361 3340 3360 -1, 3361 3341 3340 -1, 3362 3342 3341 -1, 3362 3341 3361 -1, 3363 3342 3362 -1, 3363 3343 3342 -1, 3363 3344 3343 -1, 3364 3344 3363 -1, 3365 3347 3345 -1, 3365 2117 2118 -1, 3365 2118 2119 -1, 3365 3345 2117 -1, 3366 3344 3364 -1, 3366 3346 3344 -1, 3366 3348 3346 -1, 3367 3347 3365 -1, 3368 3348 3366 -1, 3369 3349 3347 -1, 3369 3347 3367 -1, 3370 3348 3368 -1, 3370 3350 3348 -1, 3370 3352 3350 -1, 3371 3351 3349 -1, 3371 3349 3369 -1, 3372 3352 3370 -1, 3373 3351 3371 -1, 3373 3353 3351 -1, 3374 3352 3372 -1, 3374 2222 2221 -1, 3374 2221 3354 -1, 3374 3354 3352 -1, 3375 3353 3373 -1, 3375 3355 3353 -1, 3376 3355 3375 -1, 3376 3356 3355 -1, 3377 3357 3356 -1, 3377 3356 3376 -1, 3378 3357 3377 -1, 3378 3358 3357 -1, 3379 3359 3358 -1, 3379 3358 3378 -1, 3380 3360 3359 -1, 3380 3359 3379 -1, 3381 3361 3360 -1, 3381 3360 3380 -1, 3382 3362 3361 -1, 3382 3361 3381 -1, 3383 3363 3362 -1, 3383 3364 3363 -1, 3383 3362 3382 -1, 3384 3364 3383 -1, 3385 2119 2120 -1, 3385 3365 2119 -1, 3386 3366 3364 -1, 3386 3368 3366 -1, 3386 3364 3384 -1, 3387 3365 3385 -1, 3387 3367 3365 -1, 3388 3368 3386 -1, 3389 3369 3367 -1, 3389 3367 3387 -1, 3390 3368 3388 -1, 3390 3370 3368 -1, 3391 3371 3369 -1, 3391 3373 3371 -1, 3391 3369 3389 -1, 3392 3372 3370 -1, 3392 3370 3390 -1, 3393 3373 3391 -1, 3394 3374 3372 -1, 3394 2223 2222 -1, 3394 3372 3392 -1, 3394 2222 3374 -1, 3395 3375 3373 -1, 3395 3373 3393 -1, 3396 3375 3395 -1, 3396 3376 3375 -1, 3397 3376 3396 -1, 3397 3377 3376 -1, 3398 3378 3377 -1, 3398 3379 3378 -1, 3398 3377 3397 -1, 3399 3380 3379 -1, 3399 3379 3398 -1, 3400 3380 3399 -1, 3401 3380 3400 -1, 3401 3381 3380 -1, 3401 3382 3381 -1, 3402 3382 3401 -1, 3403 3382 3402 -1, 3403 3383 3382 -1, 3404 3384 3383 -1, 3404 3383 3403 -1, 3405 3385 2120 -1, 3405 3387 3385 -1, 3406 3384 3404 -1, 3406 3386 3384 -1, 3407 3389 3387 -1, 3407 3387 3405 -1, 3408 3386 3406 -1, 3408 3388 3386 -1, 3409 3389 3407 -1, 3410 3392 3390 -1, 3410 3388 3408 -1, 3410 3390 3388 -1, 3411 3393 3391 -1, 3411 3391 3389 -1, 3411 3389 3409 -1, 3412 3392 3410 -1, 3413 3393 3411 -1, 3414 3394 3392 -1, 3414 2223 3394 -1, 3414 3392 3412 -1, 3414 2224 2223 -1, 3415 3393 3413 -1, 3415 3395 3393 -1, 3416 3396 3395 -1, 3416 3395 3415 -1, 3417 3397 3396 -1, 3417 3398 3397 -1, 3417 3396 3416 -1, 3418 3398 3417 -1, 3419 3399 3398 -1, 3419 3398 3418 -1, 3420 3399 3419 -1, 3420 3400 3399 -1, 3421 3401 3400 -1, 3421 3400 3420 -1, 3422 3402 3401 -1, 3422 3401 3421 -1, 3423 3403 3402 -1, 3423 3404 3403 -1, 3423 3402 3422 -1, 3424 3404 3423 -1, 3425 3407 3405 -1, 3425 2120 2121 -1, 3425 3405 2120 -1, 3426 3406 3404 -1, 3426 3408 3406 -1, 3426 3404 3424 -1, 3427 3407 3425 -1, 3428 3408 3426 -1, 3429 3407 3427 -1, 3429 3409 3407 -1, 3430 3408 3428 -1, 3430 3410 3408 -1, 3431 3411 3409 -1, 3431 3409 3429 -1, 3432 3410 3430 -1, 3432 3412 3410 -1, 3433 3411 3431 -1, 3433 3413 3411 -1, 3434 3412 3432 -1, 3434 3414 3412 -1, 3434 2224 3414 -1, 3434 2225 2224 -1, 3435 3413 3433 -1, 3435 3415 3413 -1, 3436 3417 3416 -1, 3436 3416 3415 -1, 3436 3415 3435 -1, 3437 3417 3436 -1, 3438 3418 3417 -1, 3438 3419 3418 -1, 3438 3417 3437 -1, 3439 3419 3438 -1, 3440 3419 3439 -1, 3440 3420 3419 -1, 3441 3420 3440 -1, 3441 3421 3420 -1, 3442 3421 3441 -1, 3442 3422 3421 -1, 3443 3423 3422 -1, 3443 3422 3442 -1, 3444 3424 3423 -1, 3444 3423 3443 -1, 3445 3425 2121 -1, 3445 2121 2122 -1, 3446 3424 3444 -1, 3446 3426 3424 -1, 3447 3427 3425 -1, 3447 3425 3445 -1, 3448 3428 3426 -1, 3448 3426 3446 -1, 3449 3429 3427 -1, 3449 3427 3447 -1, 3450 3430 3428 -1, 3450 3432 3430 -1, 3450 3428 3448 -1, 3451 3431 3429 -1, 3451 3429 3449 -1, 3452 3432 3450 -1, 3453 3433 3431 -1, 3453 3431 3451 -1, 3454 3434 3432 -1, 3454 2225 3434 -1, 3454 2226 2225 -1, 3454 3432 3452 -1, 3454 2227 2226 -1, 3455 3435 3433 -1, 3455 3433 3453 -1, 3456 3436 3435 -1, 3456 3435 3455 -1, 3457 3437 3436 -1, 3457 3436 3456 -1, 3458 3437 3457 -1, 3458 3438 3437 -1, 3459 3439 3438 -1, 3459 3438 3458 -1, 3460 3439 3459 -1, 3460 3440 3439 -1, 3461 3441 3440 -1, 3461 3440 3460 -1, 3462 3441 3461 -1, 3462 3442 3441 -1, 3463 3443 3442 -1, 3463 3442 3462 -1, 3464 3443 3463 -1, 3464 3444 3443 -1, 3465 3445 2122 -1, 3465 3447 3445 -1, 3465 2122 2123 -1, 3465 2123 2124 -1, 3466 3446 3444 -1, 3466 3444 3464 -1, 3467 3447 3465 -1, 3468 3446 3466 -1, 3468 3448 3446 -1, 3469 3449 3447 -1, 3469 3447 3467 -1, 3470 3450 3448 -1, 3470 3448 3468 -1, 3471 3449 3469 -1, 3471 3451 3449 -1, 3471 3453 3451 -1, 3472 3450 3470 -1, 3472 3452 3450 -1, 3473 3453 3471 -1, 3474 3452 3472 -1, 3474 3454 3452 -1, 3474 2227 3454 -1, 3475 3453 3473 -1, 3475 3455 3453 -1, 3476 3455 3475 -1, 3476 3456 3455 -1, 3477 3457 3456 -1, 3477 3456 3476 -1, 3478 3459 3458 -1, 3478 3457 3477 -1, 3478 3458 3457 -1, 3479 3460 3459 -1, 3479 3459 3478 -1, 3480 3460 3479 -1, 3481 3461 3460 -1, 3481 3462 3461 -1, 3481 3460 3480 -1, 3482 3462 3481 -1, 3483 3463 3462 -1, 3483 3462 3482 -1, 3484 3464 3463 -1, 3484 3463 3483 -1, 3485 3467 3465 -1, 3485 3465 2124 -1, 3486 3464 3484 -1, 3486 3466 3464 -1, 3487 3469 3467 -1, 3487 3467 3485 -1, 3488 3468 3466 -1, 3488 3466 3486 -1, 3489 3469 3487 -1, 3490 3470 3468 -1, 3490 3472 3470 -1, 3490 3468 3488 -1, 3491 3473 3471 -1, 3491 3471 3469 -1, 3491 3469 3489 -1, 3492 3472 3490 -1, 3493 3473 3491 -1, 3494 3474 3472 -1, 3494 2227 3474 -1, 3494 2228 2227 -1, 3494 2229 2228 -1, 3494 3472 3492 -1, 3495 3473 3493 -1, 3495 3475 3473 -1, 3496 3475 3495 -1, 3496 3476 3475 -1, 3496 3477 3476 -1, 3497 3477 3496 -1, 3498 3477 3497 -1, 3498 3479 3478 -1, 3498 3478 3477 -1, 3499 3479 3498 -1, 3500 3479 3499 -1, 3500 3480 3479 -1, 3501 3481 3480 -1, 3501 3480 3500 -1, 3502 3482 3481 -1, 3502 3481 3501 -1, 3503 3482 3502 -1, 3503 3483 3482 -1, 3503 3484 3483 -1, 3504 3484 3503 -1, 3505 2124 2125 -1, 3505 3485 2124 -1, 3505 2125 2126 -1, 3506 3488 3486 -1, 3506 3484 3504 -1, 3506 3486 3484 -1, 3507 3485 3505 -1, 3507 3487 3485 -1, 3508 3488 3506 -1, 3509 3487 3507 -1, 3509 3489 3487 -1, 3510 3488 3508 -1, 3510 3492 3490 -1, 3510 3490 3488 -1, 3511 3491 3489 -1, 3511 3489 3509 -1, 3512 3492 3510 -1, 3513 3491 3511 -1, 3513 3493 3491 -1, 3514 2229 3494 -1, 3514 3494 3492 -1, 3514 3492 3512 -1, 3515 3495 3493 -1, 3515 3493 3513 -1, 3516 3496 3495 -1, 3516 3495 3515 -1, 3517 3497 3496 -1, 3517 3496 3516 -1, 3518 3498 3497 -1, 3518 3497 3517 -1, 3519 3499 3498 -1, 3519 3498 3518 -1, 3520 3499 3519 -1, 3520 3500 3499 -1, 3521 3500 3520 -1, 3521 3501 3500 -1, 3522 3502 3501 -1, 3522 3501 3521 -1, 3523 3503 3502 -1, 3523 3502 3522 -1, 3524 3504 3503 -1, 3524 3503 3523 -1, 3525 3505 2126 -1, 3525 3507 3505 -1, 3526 3504 3524 -1, 3526 3506 3504 -1, 3527 3507 3525 -1, 3527 3509 3507 -1, 3528 3508 3506 -1, 3528 3506 3526 -1, 3529 3509 3527 -1, 3530 3510 3508 -1, 3530 3508 3528 -1, 3531 3513 3511 -1, 3531 3511 3509 -1, 3531 3509 3529 -1, 3532 3510 3530 -1, 3532 3512 3510 -1, 3533 3513 3531 -1, 3534 3512 3532 -1, 3534 2229 3514 -1, 3534 3514 3512 -1, 3534 2230 2229 -1, 3535 3513 3533 -1, 3535 3515 3513 -1, 3536 3516 3515 -1, 3536 3515 3535 -1, 3537 3517 3516 -1, 3537 3518 3517 -1, 3537 3516 3536 -1, 3538 3518 3537 -1, 3539 3518 3538 -1, 3539 3519 3518 -1, 3540 3519 3539 -1, 3540 3520 3519 -1, 3541 3520 3540 -1, 3541 3521 3520 -1, 3541 3522 3521 -1, 3542 3522 3541 -1, 3543 3524 3523 -1, 3543 3522 3542 -1, 3543 3523 3522 -1, 3544 3524 3543 -1, 3545 3525 2126 -1, 3545 2126 2127 -1, 3545 2127 2128 -1, 3546 3526 3524 -1, 3546 3524 3544 -1, 3547 3527 3525 -1, 3547 3525 3545 -1, 3548 3526 3546 -1, 3548 3528 3526 -1, 3549 3529 3527 -1, 3549 3527 3547 -1, 3550 3532 3530 -1, 3550 3530 3528 -1, 3550 3528 3548 -1, 3551 3531 3529 -1, 3551 3533 3531 -1, 3551 3529 3549 -1, 3552 3532 3550 -1, 3553 3533 3551 -1, 3554 3534 3532 -1, 3554 2230 3534 -1, 3554 3532 3552 -1, 3554 2231 2230 -1, 3555 3535 3533 -1, 3555 3533 3553 -1, 3556 3536 3535 -1, 3556 3537 3536 -1, 3556 3535 3555 -1, 3557 3537 3556 -1, 3558 3539 3538 -1, 3558 3538 3537 -1, 3558 3537 3557 -1, 3559 3539 3558 -1, 3560 3539 3559 -1, 3560 3540 3539 -1, 3561 3541 3540 -1, 3561 3540 3560 -1, 3562 3541 3561 -1, 3562 3542 3541 -1, 3563 3543 3542 -1, 3563 3542 3562 -1, 3564 3543 3563 -1, 3564 3544 3543 -1, 3565 3547 3545 -1, 3565 3545 2128 -1, 3565 2128 2129 -1, 3566 3544 3564 -1, 3566 3546 3544 -1, 3567 3547 3565 -1, 3568 3548 3546 -1, 3568 3546 3566 -1, 3569 3547 3567 -1, 3569 3549 3547 -1, 3570 3548 3568 -1, 3570 3550 3548 -1, 3571 3551 3549 -1, 3571 3549 3569 -1, 3572 3552 3550 -1, 3572 3550 3570 -1, 3573 3551 3571 -1, 3573 3553 3551 -1, 3574 3552 3572 -1, 3574 3554 3552 -1, 3574 2231 3554 -1, 3574 2232 2231 -1, 3575 3553 3573 -1, 3575 3555 3553 -1, 3576 3555 3575 -1, 3576 3556 3555 -1, 3577 3557 3556 -1, 3577 3556 3576 -1, 3578 3557 3577 -1, 3578 3558 3557 -1, 3579 3560 3559 -1, 3579 3559 3558 -1, 3579 3558 3578 -1, 3580 3560 3579 -1, 3581 3562 3561 -1, 3581 3560 3580 -1, 3581 3561 3560 -1, 3582 3562 3581 -1, 3583 3563 3562 -1, 3583 3562 3582 -1, 3584 3564 3563 -1, 3584 3563 3583 -1, 3585 3567 3565 -1, 3585 3565 2129 -1, 3586 3566 3564 -1, 3586 3564 3584 -1, 3587 3567 3585 -1, 3588 3568 3566 -1, 3588 3566 3586 -1, 3589 3569 3567 -1, 3589 3567 3587 -1, 3590 3568 3588 -1, 3590 3570 3568 -1, 3590 3572 3570 -1, 3591 3569 3589 -1, 3591 3571 3569 -1, 3592 3572 3590 -1, 3593 3573 3571 -1, 3593 3571 3591 -1, 3594 3574 3572 -1, 3594 2232 3574 -1, 3594 2233 2232 -1, 3594 3572 3592 -1, 3595 3575 3573 -1, 3595 3573 3593 -1, 3596 3576 3575 -1, 3596 3575 3595 -1, 3597 3576 3596 -1, 3597 3577 3576 -1, 3598 3578 3577 -1, 3598 3579 3578 -1, 3598 3577 3597 -1, 3599 3579 3598 -1, 3600 3579 3599 -1, 3600 3580 3579 -1, 3601 3580 3600 -1, 3601 3581 3580 -1, 3601 3582 3581 -1, 3602 3582 3601 -1, 3603 3582 3602 -1, 3603 3583 3582 -1, 3604 3584 3583 -1, 3604 3583 3603 -1, 3605 3585 2129 -1, 3605 2129 2130 -1, 3606 3584 3604 -1, 3606 3586 3584 -1, 3606 3588 3586 -1, 3607 3587 3585 -1, 3607 3585 3605 -1, 3608 3588 3606 -1, 3609 3587 3607 -1, 3609 3589 3587 -1, 3610 3588 3608 -1, 3610 3590 3588 -1, 3611 3593 3591 -1, 3611 3589 3609 -1, 3611 3591 3589 -1, 3612 3590 3610 -1, 3612 3592 3590 -1, 3613 3593 3611 -1, 3614 3594 3592 -1, 3614 3592 3612 -1, 3614 2233 3594 -1, 3614 2234 2233 -1, 3615 3595 3593 -1, 3615 3593 3613 -1, 3616 3596 3595 -1, 3616 3595 3615 -1, 3617 3597 3596 -1, 3617 3596 3616 -1, 3617 3598 3597 -1, 3618 3599 3598 -1, 3618 3598 3617 -1, 3619 3600 3599 -1, 3619 3599 3618 -1, 3620 3600 3619 -1, 3621 3601 3600 -1, 3621 3600 3620 -1, 3622 3602 3601 -1, 3622 3601 3621 -1, 3623 3603 3602 -1, 3623 3602 3622 -1, 3624 3604 3603 -1, 3624 3603 3623 -1, 3625 3607 3605 -1, 3625 3605 2130 -1, 3625 2130 2131 -1, 3626 3606 3604 -1, 3626 3604 3624 -1, 3627 3609 3607 -1, 3627 3607 3625 -1, 3628 3608 3606 -1, 3628 3606 3626 -1, 3629 3609 3627 -1, 3630 3608 3628 -1, 3630 3610 3608 -1, 3631 3611 3609 -1, 3631 3609 3629 -1, 3632 3610 3630 -1, 3632 3612 3610 -1, 3633 3611 3631 -1, 3633 3613 3611 -1, 3634 3614 3612 -1, 3634 3612 3632 -1, 3634 2234 3614 -1, 3634 2235 2234 -1, 3635 3613 3633 -1, 3635 3615 3613 -1, 3636 3615 3635 -1, 3636 3616 3615 -1, 3637 3616 3636 -1, 3637 3617 3616 -1, 3638 3618 3617 -1, 3638 3617 3637 -1, 3639 3618 3638 -1, 3639 3619 3618 -1, 3640 3620 3619 -1, 3640 3619 3639 -1, 3641 3620 3640 -1, 3641 3621 3620 -1, 3641 3622 3621 -1, 3642 3622 3641 -1, 3643 3622 3642 -1, 3643 3623 3622 -1, 3644 3623 3643 -1, 3644 3624 3623 -1, 3645 3625 2131 -1, 3645 2131 2132 -1, 3646 3626 3624 -1, 3646 3624 3644 -1, 3646 3628 3626 -1, 3647 3625 3645 -1, 3647 3627 3625 -1, 3648 3628 3646 -1, 3649 3627 3647 -1, 3649 3629 3627 -1, 3650 3630 3628 -1, 3650 3628 3648 -1, 3650 3632 3630 -1, 3651 3629 3649 -1, 3651 3631 3629 -1, 3652 3632 3650 -1, 3653 3633 3631 -1, 3653 3635 3633 -1, 3653 3631 3651 -1, 3654 2235 3634 -1, 3654 3634 3632 -1, 3654 3632 3652 -1, 3654 2236 2235 -1, 3654 2237 2236 -1, 3655 3635 3653 -1, 3656 3636 3635 -1, 3656 3635 3655 -1, 3657 3637 3636 -1, 3657 3636 3656 -1, 3658 3638 3637 -1, 3658 3637 3657 -1, 3659 3639 3638 -1, 3659 3638 3658 -1, 3660 3639 3659 -1, 3660 3640 3639 -1, 3661 3642 3641 -1, 3661 3641 3640 -1, 3661 3640 3660 -1, 3662 3642 3661 -1, 3663 3642 3662 -1, 3663 3643 3642 -1, 3663 3644 3643 -1, 3664 3644 3663 -1, 3664 3646 3644 -1, 3665 3645 2132 -1, 3665 3647 3645 -1, 3665 2132 2133 -1, 3666 3646 3664 -1, 3667 3647 3665 -1, 3668 3646 3666 -1, 3668 3648 3646 -1, 3669 3647 3667 -1, 3669 3649 3647 -1, 3670 3648 3668 -1, 3670 3650 3648 -1, 3670 3652 3650 -1, 3671 3651 3649 -1, 3671 3649 3669 -1, 3672 3652 3670 -1, 3673 3651 3671 -1, 3673 3653 3651 -1, 3673 3655 3653 -1, 3674 3652 3672 -1, 3674 3654 3652 -1, 3674 2237 3654 -1, 3675 3655 3673 -1, 3676 3655 3675 -1, 3676 3656 3655 -1, 3676 3657 3656 -1, 3677 3657 3676 -1, 3678 3659 3658 -1, 3678 3657 3677 -1, 3678 3658 3657 -1, 3679 3659 3678 -1, 3679 3660 3659 -1, 3680 3661 3660 -1, 3680 3660 3679 -1, 3681 3661 3680 -1, 3682 3661 3681 -1, 3682 3662 3661 -1, 3683 3663 3662 -1, 3683 3664 3663 -1, 3683 3662 3682 -1, 3684 3666 3664 -1, 3684 3664 3683 -1, 3685 3665 2133 -1, 3685 3667 3665 -1, 3685 2133 2134 -1, 3686 3666 3684 -1, 3687 3667 3685 -1, 3688 3668 3666 -1, 3688 3666 3686 -1, 3689 3669 3667 -1, 3689 3667 3687 -1, 3690 3670 3668 -1, 3690 3668 3688 -1, 3690 3672 3670 -1, 3691 3673 3671 -1, 3691 3671 3669 -1, 3691 3669 3689 -1, 3692 3672 3690 -1, 3693 3673 3691 -1, 3694 3672 3692 -1, 3694 3674 3672 -1, 3694 2237 3674 -1, 3694 2238 2237 -1, 3695 3673 3693 -1, 3695 3675 3673 -1, 3696 3676 3675 -1, 3696 3675 3695 -1, 3697 3676 3696 -1, 3697 3677 3676 -1, 3698 3678 3677 -1, 3698 3679 3678 -1, 3698 3677 3697 -1, 3699 3679 3698 -1, 3700 3679 3699 -1, 3700 3680 3679 -1, 3700 3681 3680 -1, 3701 3682 3681 -1, 3701 3681 3700 -1, 3702 3682 3701 -1, 3703 3682 3702 -1, 3703 3683 3682 -1, 3703 3684 3683 -1, 3704 3684 3703 -1, 3704 3686 3684 -1, 3705 3685 2134 -1, 3705 2134 2135 -1, 3705 2135 2136 -1, 3706 3686 3704 -1, 3707 3687 3685 -1, 3707 3685 3705 -1, 3708 3686 3706 -1, 3708 3688 3686 -1, 3709 3687 3707 -1, 3709 3689 3687 -1, 3710 3688 3708 -1, 3710 3690 3688 -1, 3710 3692 3690 -1, 3711 3691 3689 -1, 3711 3689 3709 -1, 3712 3692 3710 -1, 3713 3691 3711 -1, 3713 3693 3691 -1, 3714 2238 3694 -1, 3714 3692 3712 -1, 3714 3694 3692 -1, 3714 2239 2238 -1, 3715 3695 3693 -1, 3715 3693 3713 -1, 3716 3696 3695 -1, 3716 3695 3715 -1, 3717 3697 3696 -1, 3717 3696 3716 -1, 3718 3698 3697 -1, 3718 3697 3717 -1, 3719 3699 3698 -1, 3719 3698 3718 -1, 3720 3700 3699 -1, 3720 3699 3719 -1, 3721 3700 3720 -1, 3721 3701 3700 -1, 3722 3701 3721 -1, 3722 3703 3702 -1, 3722 3702 3701 -1, 3723 3703 3722 -1, 3724 3704 3703 -1, 3724 3703 3723 -1, 3725 3705 2136 -1, 3726 3706 3704 -1, 3726 3704 3724 -1, 3727 3707 3705 -1, 3727 3709 3707 -1, 3727 3705 3725 -1, 3728 3708 3706 -1, 3728 3706 3726 -1, 3729 3709 3727 -1, 3730 3708 3728 -1, 3730 3710 3708 -1, 3731 3711 3709 -1, 3731 3709 3729 -1, 3732 3710 3730 -1, 3732 3712 3710 -1, 3733 3711 3731 -1, 3733 3713 3711 -1, 3734 3712 3732 -1, 3734 3714 3712 -1, 3734 2239 3714 -1, 3734 2240 2239 -1, 3734 2241 2240 -1, 3735 3713 3733 -1, 3735 3715 3713 -1, 3736 3715 3735 -1, 3736 3716 3715 -1, 3737 3718 3717 -1, 3737 3717 3716 -1, 3737 3716 3736 -1, 3738 3718 3737 -1, 3738 3719 3718 -1, 3739 3719 3738 -1, 3739 3720 3719 -1, 3740 3720 3739 -1, 3740 3721 3720 -1, 3741 3721 3740 -1, 3742 3721 3741 -1, 3742 3722 3721 -1, 3743 3723 3722 -1, 3743 3724 3723 -1, 3743 3722 3742 -1, 3744 3724 3743 -1, 3744 3726 3724 -1, 3745 3727 3725 -1, 3745 3725 2136 -1, 3745 2136 2137 -1, 3746 3726 3744 -1, 3747 3727 3745 -1, 3748 3726 3746 -1, 3748 3728 3726 -1, 3749 3727 3747 -1, 3749 3729 3727 -1, 3750 3730 3728 -1, 3750 3732 3730 -1, 3750 3728 3748 -1, 3751 3733 3731 -1, 3751 3729 3749 -1, 3751 3731 3729 -1, 3752 3732 3750 -1, 3753 3733 3751 -1, 3754 3734 3732 -1, 3754 2241 3734 -1, 3754 3732 3752 -1, 3755 3735 3733 -1, 3755 3733 3753 -1, 3756 3735 3755 -1, 3756 3736 3735 -1, 3757 3738 3737 -1, 3757 3737 3736 -1, 3757 3736 3756 -1, 3758 3738 3757 -1, 3759 3739 3738 -1, 3759 3738 3758 -1, 3760 3740 3739 -1, 3760 3739 3759 -1, 3761 3741 3740 -1, 3761 3742 3741 -1, 3761 3740 3760 -1, 3762 3743 3742 -1, 3762 3742 3761 -1, 3763 3744 3743 -1, 3763 3743 3762 -1, 3764 3744 3763 -1, 3765 3745 2137 -1, 3765 2137 2138 -1, 3766 3744 3764 -1, 3766 3746 3744 -1, 3767 3747 3745 -1, 3767 3745 3765 -1, 3768 3746 3766 -1, 3768 3748 3746 -1, 3768 3750 3748 -1, 3769 3749 3747 -1, 3769 3747 3767 -1, 3770 3750 3768 -1, 3771 3749 3769 -1, 3771 3751 3749 -1, 3772 3750 3770 -1, 3772 3752 3750 -1, 3773 3751 3771 -1, 3773 3753 3751 -1, 3774 2242 2241 -1, 3774 3752 3772 -1, 3774 2241 3754 -1, 3774 3754 3752 -1, 3775 3755 3753 -1, 3775 3753 3773 -1, 3776 3755 3775 -1, 3776 3756 3755 -1, 3777 3756 3776 -1, 3777 3757 3756 -1, 3778 3757 3777 -1, 3778 3758 3757 -1, 3779 3758 3778 -1, 3779 3759 3758 -1, 3780 3760 3759 -1, 3780 3759 3779 -1, 3781 3761 3760 -1, 3781 3760 3780 -1, 3782 3762 3761 -1, 3782 3761 3781 -1, 3783 3763 3762 -1, 3783 3762 3782 -1, 3784 3764 3763 -1, 3784 3763 3783 -1, 3785 3765 2138 -1, 3785 2138 2139 -1, 3785 2139 2140 -1, 3786 3764 3784 -1, 3786 3766 3764 -1, 3787 3765 3785 -1, 3787 3767 3765 -1, 3788 3766 3786 -1, 3788 3768 3766 -1, 3789 3769 3767 -1, 3789 3771 3769 -1, 3789 3767 3787 -1, 3790 3770 3768 -1, 3790 3768 3788 -1, 3791 3771 3789 -1, 3792 3772 3770 -1, 3792 3770 3790 -1, 3793 3773 3771 -1, 3793 3771 3791 -1, 3794 2243 2242 -1, 3794 2242 3774 -1, 3794 3774 3772 -1, 3794 3772 3792 -1, 3795 3775 3773 -1, 3795 3773 3793 -1, 3796 3776 3775 -1, 3796 3775 3795 -1, 3797 3776 3796 -1, 3797 3777 3776 -1, 3798 3779 3778 -1, 3798 3778 3777 -1, 3798 3777 3797 -1, 3799 3779 3798 -1, 3799 3780 3779 -1, 3800 3780 3799 -1, 3800 3781 3780 -1, 3801 3781 3800 -1, 3802 3781 3801 -1, 3802 3782 3781 -1, 3803 3782 3802 -1, 3803 3783 3782 -1, 3804 3783 3803 -1, 3804 3784 3783 -1, 3805 3785 2140 -1, 3806 3784 3804 -1, 3806 3786 3784 -1, 3807 3789 3787 -1, 3807 3785 3805 -1, 3807 3787 3785 -1, 3808 3786 3806 -1, 3808 3788 3786 -1, 3809 3789 3807 -1, 3810 3788 3808 -1, 3810 3790 3788 -1, 3810 3792 3790 -1, 3811 3789 3809 -1, 3811 3791 3789 -1, 3812 3792 3810 -1, 3813 3791 3811 -1, 3813 3793 3791 -1, 3814 2244 2243 -1, 3814 3794 3792 -1, 3814 3792 3812 -1, 3814 2243 3794 -1, 3815 3793 3813 -1, 3815 3795 3793 -1, 3816 3795 3815 -1, 3816 3796 3795 -1, 3817 3796 3816 -1, 3817 3797 3796 -1, 3818 3798 3797 -1, 3818 3797 3817 -1, 3819 3799 3798 -1, 3819 3800 3799 -1, 3819 3798 3818 -1, 3820 3800 3819 -1, 3821 3801 3800 -1, 3821 3800 3820 -1, 3821 3802 3801 -1, 3822 3802 3821 -1, 3823 3803 3802 -1, 3823 3802 3822 -1, 3824 3804 3803 -1, 3824 3803 3823 -1, 3825 2140 2141 -1, 3825 3805 2140 -1, 3826 3806 3804 -1, 3826 3804 3824 -1, 3827 3805 3825 -1, 3827 3807 3805 -1, 3828 3806 3826 -1, 3828 3808 3806 -1, 3829 3807 3827 -1, 3829 3809 3807 -1, 3830 3808 3828 -1, 3830 3810 3808 -1, 3831 3811 3809 -1, 3831 3809 3829 -1, 3832 3810 3830 -1, 3832 3812 3810 -1, 3833 3811 3831 -1, 3833 3813 3811 -1, 3834 2245 2244 -1, 3834 2246 2245 -1, 3834 3812 3832 -1, 3834 2244 3814 -1, 3834 3814 3812 -1, 3835 3816 3815 -1, 3835 3815 3813 -1, 3835 3813 3833 -1, 3836 3816 3835 -1, 3837 3816 3836 -1, 3837 3817 3816 -1, 3837 3818 3817 -1, 3838 3818 3837 -1, 3839 3818 3838 -1, 3839 3819 3818 -1, 3840 3819 3839 -1, 3840 3820 3819 -1, 3840 3821 3820 -1, 3841 3821 3840 -1, 3841 3822 3821 -1, 3842 3822 3841 -1, 3843 3822 3842 -1, 3843 3823 3822 -1, 3843 3824 3823 -1, 3844 3824 3843 -1, 3845 2141 2142 -1, 3845 2142 2143 -1, 3845 3825 2141 -1, 3846 3824 3844 -1, 3846 3828 3826 -1, 3846 3826 3824 -1, 3847 3825 3845 -1, 3847 3827 3825 -1, 3848 3828 3846 -1, 3849 3829 3827 -1, 3849 3827 3847 -1, 3849 3831 3829 -1, 3850 3830 3828 -1, 3850 3832 3830 -1, 3850 3828 3848 -1, 3851 3831 3849 -1, 3852 3832 3850 -1, 3853 3833 3831 -1, 3853 3831 3851 -1, 3854 3834 3832 -1, 3854 2246 3834 -1, 3854 3832 3852 -1, 3855 3833 3853 -1, 3855 3835 3833 -1, 3856 3836 3835 -1, 3856 3835 3855 -1, 3857 3836 3856 -1, 3857 3837 3836 -1, 3858 3838 3837 -1, 3858 3837 3857 -1, 3859 3838 3858 -1, 3859 3840 3839 -1, 3859 3839 3838 -1, 3860 3841 3840 -1, 3860 3840 3859 -1, 3861 3842 3841 -1, 3861 3841 3860 -1, 3862 3842 3861 -1, 3863 3843 3842 -1, 3863 3842 3862 -1, 3864 3843 3863 -1, 3864 3844 3843 -1, 3865 3845 2143 -1, 3866 3844 3864 -1, 3866 3846 3844 -1, 3867 3847 3845 -1, 3867 3845 3865 -1, 3868 3848 3846 -1, 3868 3846 3866 -1, 3869 3849 3847 -1, 3869 3847 3867 -1, 3869 3851 3849 -1, 3870 3850 3848 -1, 3870 3848 3868 -1, 3871 3851 3869 -1, 3872 3850 3870 -1, 3872 3852 3850 -1, 3873 3851 3871 -1, 3873 3853 3851 -1, 3874 2247 2246 -1, 3874 2248 2247 -1, 3874 2246 3854 -1, 3874 3852 3872 -1, 3874 3854 3852 -1, 3875 3855 3853 -1, 3875 3853 3873 -1, 3876 3856 3855 -1, 3876 3855 3875 -1, 3877 3856 3876 -1, 3877 3857 3856 -1, 3878 3857 3877 -1, 3878 3858 3857 -1, 3879 3858 3878 -1, 3879 3859 3858 -1, 3880 3859 3879 -1, 3880 3860 3859 -1, 3881 3861 3860 -1, 3881 3860 3880 -1, 3882 3862 3861 -1, 3882 3861 3881 -1, 3883 3863 3862 -1, 3883 3862 3882 -1, 3884 3864 3863 -1, 3884 3863 3883 -1, 3885 2143 2144 -1, 3885 2144 2145 -1, 3885 2145 2146 -1, 3885 3865 2143 -1, 3886 3866 3864 -1, 3886 3864 3884 -1, 3887 2146 2147 -1, 3887 2147 2148 -1, 3887 3885 2146 -1, 3887 3865 3885 -1, 3887 3867 3865 -1, 3888 3868 3866 -1, 3888 3866 3886 -1, 3889 3867 3887 -1, 3889 2148 2149 -1, 3889 3869 3867 -1, 3889 3887 2148 -1, 3890 3870 3868 -1, 3890 3868 3888 -1, 3891 3889 2149 -1, 3891 3869 3889 -1, 3891 3871 3869 -1, 3892 3872 3870 -1, 3892 3870 3890 -1, 3893 3871 3891 -1, 3893 2149 2150 -1, 3893 3891 2149 -1, 3893 3873 3871 -1, 3894 2249 2248 -1, 3894 3874 3872 -1, 3894 2248 3874 -1, 3894 3872 3892 -1, 3895 2150 2151 -1, 3895 3893 2150 -1, 3895 3875 3873 -1, 3895 3873 3893 -1, 3896 2151 2152 -1, 3896 3876 3875 -1, 3896 3895 2151 -1, 3896 3875 3895 -1, 3897 2152 2153 -1, 3897 3876 3896 -1, 3897 3896 2152 -1, 3897 3877 3876 -1, 3898 3897 2153 -1, 3898 2153 2154 -1, 3898 3878 3877 -1, 3898 3877 3897 -1, 3899 3878 3898 -1, 3899 3898 2154 -1, 3899 2154 2155 -1, 3899 2155 2156 -1, 3899 3879 3878 -1, 3899 3880 3879 -1, 3900 3880 3899 -1, 3900 3881 3880 -1, 3900 3899 2156 -1, 3901 3881 3900 -1, 3901 2156 2157 -1, 3901 3900 2156 -1, 3902 3901 2157 -1, 3902 2157 2158 -1, 3902 3881 3901 -1, 3902 3882 3881 -1, 3902 3883 3882 -1, 3903 3883 3902 -1, 3903 2158 2159 -1, 3903 3902 2158 -1, 3904 3903 2159 -1, 3904 2159 2160 -1, 3904 3883 3903 -1, 3904 3884 3883 -1, 3905 3884 3904 -1, 3905 2160 2161 -1, 3905 3904 2160 -1, 3905 3886 3884 -1, 3906 3905 2161 -1, 3906 2161 2162 -1, 3906 3886 3905 -1, 3906 3888 3886 -1, 3906 3890 3888 -1, 3907 2162 2163 -1, 3907 3906 2162 -1, 3907 3890 3906 -1, 3908 3907 2163 -1, 3908 2163 2164 -1, 3908 3890 3907 -1, 3908 3892 3890 -1, 3909 2166 2249 -1, 3909 2164 2165 -1, 3909 2165 2166 -1, 3909 3892 3908 -1, 3909 3908 2164 -1, 3909 2249 3894 -1, 3909 3894 3892 -1, 3960 3962 3961 -1, 3960 3963 3962 -1, 3958 3960 3959 -1, 3958 3964 3963 -1, 3958 3963 3960 -1, 3969 3967 3966 -1, 3969 3968 3967 -1, 3955 3957 3956 -1, 3971 3969 3966 -1, 3971 3970 3969 -1, 3974 3972 3971 -1, 3974 3973 3972 -1, 3951 3957 3955 -1, 3951 3953 3952 -1, 3951 3954 3953 -1, 3951 3955 3954 -1, 3951 3958 3957 -1, 3975 3974 3971 -1, 3949 3951 3950 -1, 3948 3964 3958 -1, 3948 3958 3951 -1, 3948 3951 3949 -1, 3948 3965 3964 -1, 3948 3966 3965 -1, 3978 3976 3975 -1, 3978 3977 3976 -1, 3946 3948 3947 -1, 3980 3975 3971 -1, 3980 3978 3975 -1, 3980 3979 3978 -1, 3944 3946 3945 -1, 3982 3971 3966 -1, 3982 3980 3971 -1, 3982 3981 3980 -1, 3983 3982 3966 -1, 3941 3943 3942 -1, 3941 3944 3943 -1, 3941 3948 3946 -1, 3941 3946 3944 -1, 3985 3984 3983 -1, 3939 3941 3940 -1, 3986 3985 3983 -1, 3936 3938 3937 -1, 3935 3939 3938 -1, 3935 3941 3939 -1, 3935 3938 3936 -1, 3933 3935 3934 -1, 3933 3948 3941 -1, 3933 3941 3935 -1, 3992 3988 3987 -1, 3992 3989 3988 -1, 3992 3990 3989 -1, 3992 3991 3990 -1, 3910 3993 3992 -1, 3910 3992 3987 -1, 3930 3932 3931 -1, 3930 3933 3932 -1, 3911 3910 3987 -1, 3911 3987 3986 -1, 3912 3911 3986 -1, 3928 3933 3930 -1, 3928 3930 3929 -1, 3926 3928 3927 -1, 3926 3933 3928 -1, 3926 3966 3948 -1, 3926 3983 3966 -1, 3926 3986 3983 -1, 3926 3948 3933 -1, 3915 3913 3912 -1, 3915 3914 3913 -1, 3915 3912 3986 -1, 3915 3986 3926 -1, 3924 3916 3915 -1, 3924 3917 3916 -1, 3924 3915 3926 -1, 3924 3926 3925 -1, 3922 3918 3917 -1, 3922 3919 3918 -1, 3922 3924 3923 -1, 3922 3917 3924 -1, 3921 3920 3919 -1, 3921 3919 3922 -1, 4044 4045 4046 -1, 4044 4046 4047 -1, 4042 4043 4044 -1, 4042 4047 4048 -1, 4042 4044 4047 -1, 4053 4050 4051 -1, 4053 4051 4052 -1, 4039 4040 4041 -1, 4055 4050 4053 -1, 4055 4053 4054 -1, 4058 4055 4056 -1, 4058 4056 4057 -1, 4035 4039 4041 -1, 4035 4036 4037 -1, 4035 4037 4038 -1, 4035 4038 4039 -1, 4035 4041 4042 -1, 4059 4055 4058 -1, 4033 4034 4035 -1, 4032 4042 4048 -1, 4032 4035 4042 -1, 4032 4033 4035 -1, 4032 4048 4049 -1, 4032 4049 4050 -1, 4062 4059 4060 -1, 4062 4060 4061 -1, 4030 4031 4032 -1, 4064 4055 4059 -1, 4064 4059 4062 -1, 4064 4062 4063 -1, 4028 4029 4030 -1, 4066 4050 4055 -1, 4066 4055 4064 -1, 4066 4064 4065 -1, 4067 4050 4066 -1, 4025 4026 4027 -1, 4025 4027 4028 -1, 4025 4030 4032 -1, 4025 4028 4030 -1, 4069 4067 4068 -1, 4023 4024 4025 -1, 4070 4067 4069 -1, 4020 4021 4022 -1, 4019 4022 4023 -1, 4019 4023 4025 -1, 4019 4020 4022 -1, 4017 4018 4019 -1, 4017 4025 4032 -1, 4017 4019 4025 -1, 4076 4071 4072 -1, 4076 4072 4073 -1, 4076 4073 4074 -1, 4076 4074 4075 -1, 3994 4076 4077 -1, 3994 4071 4076 -1, 4014 4015 4016 -1, 4014 4016 4017 -1, 3995 4071 3994 -1, 3995 4070 4071 -1, 3996 4070 3995 -1, 4012 4014 4017 -1, 4012 4013 4014 -1, 4010 4011 4012 -1, 4010 4012 4017 -1, 4010 4032 4050 -1, 4010 4050 4067 -1, 4010 4067 4070 -1, 4010 4017 4032 -1, 3999 3996 3997 -1, 3999 3997 3998 -1, 3999 4070 3996 -1, 3999 4010 4070 -1, 4008 3999 4000 -1, 4008 4000 4001 -1, 4008 4010 3999 -1, 4008 4009 4010 -1, 4006 4001 4002 -1, 4006 4002 4003 -1, 4006 4007 4008 -1, 4006 4008 4001 -1, 4005 4003 4004 -1, 4005 4006 4003 -1 ] } }
Shape { appearance Appearance { material Material { diffuseColor 0.3 0.105 0.045 specularColor .4 .4 .4 shininess .5 } } geometry IndexedFaceSet { solid FALSE coord Coordinate { point [ -3.149606 0.629921 3.987291, -3.224298 0.629921 4.222189, -3.281497 0.629921 4.461948, -3.320893 0.629921 4.705267, -3.342273 0.629921 4.950826, -3.345520 0.629921 5.197292, -3.330616 0.629921 5.443329, -3.297643 0.629921 5.687602, -3.246780 0.629921 5.928784, -3.178302 0.629921 6.165569, -3.092581 0.629921 6.396671, -2.990082 0.629921 6.620836, -2.871360 0.629921 6.836849, -2.737061 0.629921 7.043537, -2.587913 0.629921 7.239779, -2.424725 0.629921 7.424510, -2.248382 0.629921 7.596729, -2.059841 0.629921 7.755501, -1.860124 0.629921 7.899964, -1.650316 0.629921 8.029335, -1.431555 0.629921 8.142911, -1.205027 0.629921 8.240078, -0.971962 0.629921 8.320307, -0.733623 0.629921 8.383163, -0.491305 0.629921 8.428305, -0.246320 0.629921 8.455489, 0.000000 0.629921 8.464567, 0.246320 0.629921 8.455489, 0.491305 0.629921 8.428305, 0.733623 0.629921 8.383163, 0.971962 0.629921 8.320307, 1.205027 0.629921 8.240078, 1.431555 0.629921 8.142911, 1.650316 0.629921 8.029335, 1.860124 0.629921 7.899964, 2.059841 0.629921 7.755501, 2.248382 0.629921 7.596729, 2.424725 0.629921 7.424510, 2.587913 0.629921 7.239779, 2.737061 0.629921 7.043537, 2.871360 0.629921 6.836849, 2.990082 0.629921 6.620836, 3.092581 0.629921 6.396671, 3.178302 0.629921 6.165569, 3.246780 0.629921 5.928784, 3.297643 0.629921 5.687602, 3.330616 0.629921 5.443329, 3.345520 0.629921 5.197292, 3.342273 0.629921 4.950826, 3.320893 0.629921 4.705267, 3.281497 0.629921 4.461948, 3.224298 0.629921 4.222189, 3.149606 0.629921 3.987291, -3.149606 1.102362 3.987291, 3.149606 1.102362 3.987291, 3.224298 1.102362 4.222189, 3.281497 1.102362 4.461948, 3.320893 1.102362 4.705267, 3.342273 1.102362 4.950826, 3.345520 1.102362 5.197292, 3.330616 1.102362 5.443329, 3.297643 1.102362 5.687602, 3.246780 1.102362 5.928784, 3.178302 1.102362 6.165569, 3.092581 1.102362 6.396671, 2.990082 1.102362 6.620836, 2.871360 1.102362 6.836849, 2.737061 1.102362 7.043537, 2.587913 1.102362 7.239779, 2.424725 1.102362 7.424510, 2.248382 1.102362 7.596729, 2.059841 1.102362 7.755501, 1.860124 1.102362 7.899964, 1.650316 1.102362 8.029335, 1.431555 1.102362 8.142911, 1.205027 1.102362 8.240078, 0.971962 1.102362 8.320307, 0.733623 1.102362 8.383163, 0.491305 1.102362 8.428305, 0.246320 1.102362 8.455489, 0.000000 1.102362 8.464567, -0.246320 1.102362 8.455489, -0.491305 1.102362 8.428305, -0.733623 1.102362 8.383163, -0.971962 1.102362 8.320307, -1.205027 1.102362 8.240078, -1.431555 1.102362 8.142911, -1.650316 1.102362 8.029335, -1.860124 1.102362 7.899964, -2.059841 1.102362 7.755501, -2.248382 1.102362 7.596729, -2.424725 1.102362 7.424510, -2.587913 1.102362 7.239779, -2.737061 1.102362 7.043537, -2.871360 1.102362 6.836849, -2.990082 1.102362 6.620836, -3.092581 1.102362 6.396671, -3.178302 1.102362 6.165569, -3.246780 1.102362 5.928784, -3.297643 1.102362 5.687602, -3.330616 1.102362 5.443329, -3.345520 1.102362 5.197292, -3.342273 1.102362 4.950826, -3.320893 1.102362 4.705267, -3.281497 1.102362 4.461948, -3.224298 1.102362 4.222189, -3.149606 0.629921 3.987291, -3.224298 0.629921 4.222189, -3.281497 0.629921 4.461948, -3.320893 0.629921 4.705267, -3.342273 0.629921 4.950826, -3.345520 0.629921 5.197292, -3.330616 0.629921 5.443329, -3.297643 0.629921 5.687602, -3.246780 0.629921 5.928784, -3.178302 0.629921 6.165569, -3.092581 0.629921 6.396671, -2.990082 0.629921 6.620836, -2.871360 0.629921 6.836849, -2.737061 0.629921 7.043537, -2.587913 0.629921 7.239779, -2.424725 0.629921 7.424510, -2.248382 0.629921 7.596729, -2.059841 0.629921 7.755501, -1.860124 0.629921 7.899964, -1.650316 0.629921 8.029335, -1.431555 0.629921 8.142911, -1.205027 0.629921 8.240078, -0.971962 0.629921 8.320307, -0.733623 0.629921 8.383163, -0.491305 0.629921 8.428305, -0.246320 0.629921 8.455489, 0.000000 0.629921 8.464567, 0.246320 0.629921 8.455489, 0.491305 0.629921 8.428305, 0.733623 0.629921 8.383163, 0.971962 0.629921 8.320307, 1.205027 0.629921 8.240078, 1.431555 0.629921 8.142911, 1.650316 0.629921 8.029335, 1.860124 0.629921 7.899964, 2.059841 0.629921 7.755501, 2.248382 0.629921 7.596729, 2.424725 0.629921 7.424510, 2.587913 0.629921 7.239779, 2.737061 0.629921 7.043537, 2.871360 0.629921 6.836849, 2.990082 0.629921 6.620836, 3.092581 0.629921 6.396671, 3.178302 0.629921 6.165569, 3.246780 0.629921 5.928784, 3.297643 0.629921 5.687602, 3.330616 0.629921 5.443329, 3.345520 0.629921 5.197292, 3.342273 0.629921 4.950826, 3.320893 0.629921 4.705267, 3.281497 0.629921 4.461948, 3.224298 0.629921 4.222189, 3.149606 0.629921 3.987291, 3.149606 0.629921 0.196850, -3.149606 0.629921 0.196850, -1.673228 0.629921 1.692913, -1.674054 0.629921 1.714979, -1.676526 0.629921 1.736922, -1.680632 0.629921 1.758618, -1.686347 0.629921 1.779947, -1.693640 0.629921 1.800790, -1.702470 0.629921 1.821029, -1.712788 0.629921 1.840551, -1.724536 0.629921 1.859248, -1.737648 0.629921 1.877015, -1.752052 0.629921 1.893752, -1.767666 0.629921 1.909366, -1.784403 0.629921 1.923769, -1.802169 0.629921 1.936882, -1.820866 0.629921 1.948630, -1.840389 0.629921 1.958948, -1.860628 0.629921 1.967778, -1.881470 0.629921 1.975071, -1.902799 0.629921 1.980786, -1.924495 0.629921 1.984891, -1.946438 0.629921 1.987363, -1.968504 0.629921 1.988189, -1.990570 0.629921 1.987363, -2.012512 0.629921 1.984891, -2.034209 0.629921 1.980786, -2.055538 0.629921 1.975071, -2.076380 0.629921 1.967778, -2.096619 0.629921 1.958948, -2.116142 0.629921 1.948630, -2.134839 0.629921 1.936882, -2.152605 0.629921 1.923769, -2.169342 0.629921 1.909366, -2.184956 0.629921 1.893752, -2.199360 0.629921 1.877015, -2.212472 0.629921 1.859248, -2.224220 0.629921 1.840551, -2.234538 0.629921 1.821029, -2.243368 0.629921 1.800790, -2.250661 0.629921 1.779947, -2.256376 0.629921 1.758618, -2.260482 0.629921 1.736922, -2.262954 0.629921 1.714979, -2.263780 0.629921 1.692913, -2.262954 0.629921 1.670847, -2.260482 0.629921 1.648905, -2.256376 0.629921 1.627208, -2.250661 0.629921 1.605879, -2.243368 0.629921 1.585037, -2.234538 0.629921 1.564798, -2.224220 0.629921 1.545276, -2.212472 0.629921 1.526579, -2.199360 0.629921 1.508812, -2.184956 0.629921 1.492075, -2.169342 0.629921 1.476461, -2.152605 0.629921 1.462058, -2.134839 0.629921 1.448945, -2.116142 0.629921 1.437197, -2.096619 0.629921 1.426879, -2.076380 0.629921 1.418049, -2.055538 0.629921 1.410756, -2.034209 0.629921 1.405041, -2.012512 0.629921 1.400936, -1.990570 0.629921 1.398463, -1.968504 0.629921 1.397638, -1.946438 0.629921 1.398463, -1.924495 0.629921 1.400936, -1.902799 0.629921 1.405041, -1.881470 0.629921 1.410756, -1.860628 0.629921 1.418049, -1.840389 0.629921 1.426879, -1.820866 0.629921 1.437197, -1.802169 0.629921 1.448945, -1.784403 0.629921 1.462058, -1.767666 0.629921 1.476461, -1.752052 0.629921 1.492075, -1.737648 0.629921 1.508812, -1.724536 0.629921 1.526579, -1.712788 0.629921 1.545276, -1.702470 0.629921 1.564798, -1.693640 0.629921 1.585037, -1.686347 0.629921 1.605879, -1.680632 0.629921 1.627208, -1.676526 0.629921 1.648905, -1.674054 0.629921 1.670847, 0.295276 0.629921 1.692913, 0.294450 0.629921 1.714979, 0.291978 0.629921 1.736922, 0.287872 0.629921 1.758618, 0.282157 0.629921 1.779947, 0.274864 0.629921 1.800790, 0.266034 0.629921 1.821029, 0.255716 0.629921 1.840551, 0.243968 0.629921 1.859248, 0.230856 0.629921 1.877015, 0.216452 0.629921 1.893752, 0.200838 0.629921 1.909366, 0.184101 0.629921 1.923769, 0.166335 0.629921 1.936882, 0.147638 0.629921 1.948630, 0.128115 0.629921 1.958948, 0.107876 0.629921 1.967778, 0.087034 0.629921 1.975071, 0.065705 0.629921 1.980786, 0.044009 0.629921 1.984891, 0.022066 0.629921 1.987363, -0.000000 0.629921 1.988189, -0.022066 0.629921 1.987363, -0.044009 0.629921 1.984891, -0.065705 0.629921 1.980786, -0.087034 0.629921 1.975071, -0.107876 0.629921 1.967778, -0.128115 0.629921 1.958948, -0.147638 0.629921 1.948630, -0.166335 0.629921 1.936882, -0.184101 0.629921 1.923769, -0.200838 0.629921 1.909366, -0.216452 0.629921 1.893752, -0.230856 0.629921 1.877015, -0.243968 0.629921 1.859248, -0.255716 0.629921 1.840551, -0.266034 0.629921 1.821029, -0.274864 0.629921 1.800790, -0.282157 0.629921 1.779947, -0.287872 0.629921 1.758618, -0.291978 0.629921 1.736922, -0.294450 0.629921 1.714979, -0.295276 0.629921 1.692913, -0.294450 0.629921 1.670847, -0.291978 0.629921 1.648905, -0.287872 0.629921 1.627208, -0.282157 0.629921 1.605879, -0.274864 0.629921 1.585037, -0.266034 0.629921 1.564798, -0.255716 0.629921 1.545276, -0.243968 0.629921 1.526579, -0.230856 0.629921 1.508812, -0.216452 0.629921 1.492075, -0.200838 0.629921 1.476461, -0.184101 0.629921 1.462058, -0.166335 0.629921 1.448945, -0.147638 0.629921 1.437197, -0.128115 0.629921 1.426879, -0.107876 0.629921 1.418049, -0.087034 0.629921 1.410756, -0.065705 0.629921 1.405041, -0.044009 0.629921 1.400936, -0.022066 0.629921 1.398463, -0.000000 0.629921 1.397638, 0.022066 0.629921 1.398463, 0.044009 0.629921 1.400936, 0.065705 0.629921 1.405041, 0.087034 0.629921 1.410756, 0.107876 0.629921 1.418049, 0.128115 0.629921 1.426879, 0.147638 0.629921 1.437197, 0.166335 0.629921 1.448945, 0.184101 0.629921 1.462058, 0.200838 0.629921 1.476461, 0.216452 0.629921 1.492075, 0.230856 0.629921 1.508812, 0.243968 0.629921 1.526579, 0.255716 0.629921 1.545276, 0.266034 0.629921 1.564798, 0.274864 0.629921 1.585037, 0.282157 0.629921 1.605879, 0.287872 0.629921 1.627208, 0.291978 0.629921 1.648905, 0.294450 0.629921 1.670847, 2.263780 0.629921 1.692913, 2.262954 0.629921 1.714979, 2.260482 0.629921 1.736922, 2.256376 0.629921 1.758618, 2.250661 0.629921 1.779947, 2.243368 0.629921 1.800790, 2.234538 0.629921 1.821029, 2.224220 0.629921 1.840551, 2.212472 0.629921 1.859248, 2.199360 0.629921 1.877015, 2.184956 0.629921 1.893752, 2.169342 0.629921 1.909366, 2.152605 0.629921 1.923769, 2.134839 0.629921 1.936882, 2.116142 0.629921 1.948630, 2.096619 0.629921 1.958948, 2.076380 0.629921 1.967778, 2.055538 0.629921 1.975071, 2.034209 0.629921 1.980786, 2.012512 0.629921 1.984891, 1.990570 0.629921 1.987363, 1.968504 0.629921 1.988189, 1.946438 0.629921 1.987363, 1.924495 0.629921 1.984891, 1.902799 0.629921 1.980786, 1.881470 0.629921 1.975071, 1.860628 0.629921 1.967778, 1.840389 0.629921 1.958948, 1.820866 0.629921 1.948630, 1.802169 0.629921 1.936882, 1.784403 0.629921 1.923769, 1.767666 0.629921 1.909366, 1.752052 0.629921 1.893752, 1.737648 0.629921 1.877015, 1.724536 0.629921 1.859248, 1.712788 0.629921 1.840551, 1.702470 0.629921 1.821029, 1.693640 0.629921 1.800790, 1.686347 0.629921 1.779947, 1.680632 0.629921 1.758618, 1.676526 0.629921 1.736922, 1.674054 0.629921 1.714979, 1.673228 0.629921 1.692913, 1.674054 0.629921 1.670847, 1.676526 0.629921 1.648905, 1.680632 0.629921 1.627208, 1.686347 0.629921 1.605879, 1.693640 0.629921 1.585037, 1.702470 0.629921 1.564798, 1.712788 0.629921 1.545276, 1.724536 0.629921 1.526579, 1.737648 0.629921 1.508812, 1.752052 0.629921 1.492075, 1.767666 0.629921 1.476461, 1.784403 0.629921 1.462058, 1.802169 0.629921 1.448945, 1.820866 0.629921 1.437197, 1.840389 0.629921 1.426879, 1.860628 0.629921 1.418049, 1.881470 0.629921 1.410756, 1.902799 0.629921 1.405041, 1.924495 0.629921 1.400936, 1.946438 0.629921 1.398463, 1.968504 0.629921 1.397638, 1.990570 0.629921 1.398463, 2.012512 0.629921 1.400936, 2.034209 0.629921 1.405041, 2.055538 0.629921 1.410756, 2.076380 0.629921 1.418049, 2.096619 0.629921 1.426879, 2.116142 0.629921 1.437197, 2.134839 0.629921 1.448945, 2.152605 0.629921 1.462058, 2.169342 0.629921 1.476461, 2.184956 0.629921 1.492075, 2.199360 0.629921 1.508812, 2.212472 0.629921 1.526579, 2.224220 0.629921 1.545276, 2.234538 0.629921 1.564798, 2.243368 0.629921 1.585037, 2.250661 0.629921 1.605879, 2.256376 0.629921 1.627208, 2.260482 0.629921 1.648905, 2.262954 0.629921 1.670847, -3.149606 0.629921 0.196850, -3.149606 0.629921 3.987291, -3.149606 1.102362 0.196850, -3.149606 1.102362 3.987291, 3.149606 1.102362 3.987291, 3.224298 1.102362 4.222189, 3.281497 1.102362 4.461948, 3.320893 1.102362 4.705267, 3.342273 1.102362 4.950826, 3.345520 1.102362 5.197292, 3.330616 1.102362 5.443329, 3.297643 1.102362 5.687602, 3.246780 1.102362 5.928784, 3.178302 1.102362 6.165569, 3.092581 1.102362 6.396671, 2.990082 1.102362 6.620836, 2.871360 1.102362 6.836849, 2.737061 1.102362 7.043537, 2.587913 1.102362 7.239779, 2.424725 1.102362 7.424510, 2.248382 1.102362 7.596729, 2.059841 1.102362 7.755501, 1.860124 1.102362 7.899964, 1.650316 1.102362 8.029335, 1.431555 1.102362 8.142911, 1.205027 1.102362 8.240078, 0.971962 1.102362 8.320307, 0.733623 1.102362 8.383163, 0.491305 1.102362 8.428305, 0.246320 1.102362 8.455489, 0.000000 1.102362 8.464567, -0.246320 1.102362 8.455489, -0.491305 1.102362 8.428305, -0.733623 1.102362 8.383163, -0.971962 1.102362 8.320307, -1.205027 1.102362 8.240078, -1.431555 1.102362 8.142911, -1.650316 1.102362 8.029335, -1.860124 1.102362 7.899964, -2.059841 1.102362 7.755501, -2.248382 1.102362 7.596729, -2.424725 1.102362 7.424510, -2.587913 1.102362 7.239779, -2.737061 1.102362 7.043537, -2.871360 1.102362 6.836849, -2.990082 1.102362 6.620836, -3.092581 1.102362 6.396671, -3.178302 1.102362 6.165569, -3.246780 1.102362 5.928784, -3.297643 1.102362 5.687602, -3.330616 1.102362 5.443329, -3.345520 1.102362 5.197292, -3.342273 1.102362 4.950826, -3.320893 1.102362 4.705267, -3.281497 1.102362 4.461948, -3.224298 1.102362 4.222189, -3.149606 1.102362 3.987291, 3.149606 1.102362 0.196850, -3.149606 1.102362 0.196850, -1.673228 1.102362 1.692913, -1.674054 1.102362 1.714979, -1.676526 1.102362 1.736922, -1.680632 1.102362 1.758618, -1.686347 1.102362 1.779947, -1.693640 1.102362 1.800790, -1.702470 1.102362 1.821029, -1.712788 1.102362 1.840551, -1.724536 1.102362 1.859248, -1.737648 1.102362 1.877015, -1.752052 1.102362 1.893752, -1.767666 1.102362 1.909366, -1.784403 1.102362 1.923769, -1.802169 1.102362 1.936882, -1.820866 1.102362 1.948630, -1.840389 1.102362 1.958948, -1.860628 1.102362 1.967778, -1.881470 1.102362 1.975071, -1.902799 1.102362 1.980786, -1.924495 1.102362 1.984891, -1.946438 1.102362 1.987363, -1.968504 1.102362 1.988189, -1.990570 1.102362 1.987363, -2.012512 1.102362 1.984891, -2.034209 1.102362 1.980786, -2.055538 1.102362 1.975071, -2.076380 1.102362 1.967778, -2.096619 1.102362 1.958948, -2.116142 1.102362 1.948630, -2.134839 1.102362 1.936882, -2.152605 1.102362 1.923769, -2.169342 1.102362 1.909366, -2.184956 1.102362 1.893752, -2.199360 1.102362 1.877015, -2.212472 1.102362 1.859248, -2.224220 1.102362 1.840551, -2.234538 1.102362 1.821029, -2.243368 1.102362 1.800790, -2.250661 1.102362 1.779947, -2.256376 1.102362 1.758618, -2.260482 1.102362 1.736922, -2.262954 1.102362 1.714979, -2.263780 1.102362 1.692913, -2.262954 1.102362 1.670847, -2.260482 1.102362 1.648905, -2.256376 1.102362 1.627208, -2.250661 1.102362 1.605879, -2.243368 1.102362 1.585037, -2.234538 1.102362 1.564798, -2.224220 1.102362 1.545276, -2.212472 1.102362 1.526579, -2.199360 1.102362 1.508812, -2.184956 1.102362 1.492075, -2.169342 1.102362 1.476461, -2.152605 1.102362 1.462058, -2.134839 1.102362 1.448945, -2.116142 1.102362 1.437197, -2.096619 1.102362 1.426879, -2.076380 1.102362 1.418049, -2.055538 1.102362 1.410756, -2.034209 1.102362 1.405041, -2.012512 1.102362 1.400936, -1.990570 1.102362 1.398463, -1.968504 1.102362 1.397638, -1.946438 1.102362 1.398463, -1.924495 1.102362 1.400936, -1.902799 1.102362 1.405041, -1.881470 1.102362 1.410756, -1.860628 1.102362 1.418049, -1.840389 1.102362 1.426879, -1.820866 1.102362 1.437197, -1.802169 1.102362 1.448945, -1.784403 1.102362 1.462058, -1.767666 1.102362 1.476461, -1.752052 1.102362 1.492075, -1.737648 1.102362 1.508812, -1.724536 1.102362 1.526579, -1.712788 1.102362 1.545276, -1.702470 1.102362 1.564798, -1.693640 1.102362 1.585037, -1.686347 1.102362 1.605879, -1.680632 1.102362 1.627208, -1.676526 1.102362 1.648905, -1.674054 1.102362 1.670847, 0.295276 1.102362 1.692913, 0.294450 1.102362 1.714979, 0.291978 1.102362 1.736922, 0.287872 1.102362 1.758618, 0.282157 1.102362 1.779947, 0.274864 1.102362 1.800790, 0.266034 1.102362 1.821029, 0.255716 1.102362 1.840551, 0.243968 1.102362 1.859248, 0.230856 1.102362 1.877015, 0.216452 1.102362 1.893752, 0.200838 1.102362 1.909366, 0.184101 1.102362 1.923769, 0.166335 1.102362 1.936882, 0.147638 1.102362 1.948630, 0.128115 1.102362 1.958948, 0.107876 1.102362 1.967778, 0.087034 1.102362 1.975071, 0.065705 1.102362 1.980786, 0.044009 1.102362 1.984891, 0.022066 1.102362 1.987363, -0.000000 1.102362 1.988189, -0.022066 1.102362 1.987363, -0.044009 1.102362 1.984891, -0.065705 1.102362 1.980786, -0.087034 1.102362 1.975071, -0.107876 1.102362 1.967778, -0.128115 1.102362 1.958948, -0.147638 1.102362 1.948630, -0.166335 1.102362 1.936882, -0.184101 1.102362 1.923769, -0.200838 1.102362 1.909366, -0.216452 1.102362 1.893752, -0.230856 1.102362 1.877015, -0.243968 1.102362 1.859248, -0.255716 1.102362 1.840551, -0.266034 1.102362 1.821029, -0.274864 1.102362 1.800790, -0.282157 1.102362 1.779947, -0.287872 1.102362 1.758618, -0.291978 1.102362 1.736922, -0.294450 1.102362 1.714979, -0.295276 1.102362 1.692913, -0.294450 1.102362 1.670847, -0.291978 1.102362 1.648905, -0.287872 1.102362 1.627208, -0.282157 1.102362 1.605879, -0.274864 1.102362 1.585037, -0.266034 1.102362 1.564798, -0.255716 1.102362 1.545276, -0.243968 1.102362 1.526579, -0.230856 1.102362 1.508812, -0.216452 1.102362 1.492075, -0.200838 1.102362 1.476461, -0.184101 1.102362 1.462058, -0.166335 1.102362 1.448945, -0.147638 1.102362 1.437197, -0.128115 1.102362 1.426879, -0.107876 1.102362 1.418049, -0.087034 1.102362 1.410756, -0.065705 1.102362 1.405041, -0.044009 1.102362 1.400936, -0.022066 1.102362 1.398463, -0.000000 1.102362 1.397638, 0.022066 1.102362 1.398463, 0.044009 1.102362 1.400936, 0.065705 1.102362 1.405041, 0.087034 1.102362 1.410756, 0.107876 1.102362 1.418049, 0.128115 1.102362 1.426879, 0.147638 1.102362 1.437197, 0.166335 1.102362 1.448945, 0.184101 1.102362 1.462058, 0.200838 1.102362 1.476461, 0.216452 1.102362 1.492075, 0.230856 1.102362 1.508812, 0.243968 1.102362 1.526579, 0.255716 1.102362 1.545276, 0.266034 1.102362 1.564798, 0.274864 1.102362 1.585037, 0.282157 1.102362 1.605879, 0.287872 1.102362 1.627208, 0.291978 1.102362 1.648905, 0.294450 1.102362 1.670847, 2.263780 1.102362 1.692913, 2.262954 1.102362 1.714979, 2.260482 1.102362 1.736922, 2.256376 1.102362 1.758618, 2.250661 1.102362 1.779947, 2.243368 1.102362 1.800790, 2.234538 1.102362 1.821029, 2.224220 1.102362 1.840551, 2.212472 1.102362 1.859248, 2.199360 1.102362 1.877015, 2.184956 1.102362 1.893752, 2.169342 1.102362 1.909366, 2.152605 1.102362 1.923769, 2.134839 1.102362 1.936882, 2.116142 1.102362 1.948630, 2.096619 1.102362 1.958948, 2.076380 1.102362 1.967778, 2.055538 1.102362 1.975071, 2.034209 1.102362 1.980786, 2.012512 1.102362 1.984891, 1.990570 1.102362 1.987363, 1.968504 1.102362 1.988189, 1.946438 1.102362 1.987363, 1.924495 1.102362 1.984891, 1.902799 1.102362 1.980786, 1.881470 1.102362 1.975071, 1.860628 1.102362 1.967778, 1.840389 1.102362 1.958948, 1.820866 1.102362 1.948630, 1.802169 1.102362 1.936882, 1.784403 1.102362 1.923769, 1.767666 1.102362 1.909366, 1.752052 1.102362 1.893752, 1.737648 1.102362 1.877015, 1.724536 1.102362 1.859248, 1.712788 1.102362 1.840551, 1.702470 1.102362 1.821029, 1.693640 1.102362 1.800790, 1.686347 1.102362 1.779947, 1.680632 1.102362 1.758618, 1.676526 1.102362 1.736922, 1.674054 1.102362 1.714979, 1.673228 1.102362 1.692913, 1.674054 1.102362 1.670847, 1.676526 1.102362 1.648905, 1.680632 1.102362 1.627208, 1.686347 1.102362 1.605879, 1.693640 1.102362 1.585037, 1.702470 1.102362 1.564798, 1.712788 1.102362 1.545276, 1.724536 1.102362 1.526579, 1.737648 1.102362 1.508812, 1.752052 1.102362 1.492075, 1.767666 1.102362 1.476461, 1.784403 1.102362 1.462058, 1.802169 1.102362 1.448945, 1.820866 1.102362 1.437197, 1.840389 1.102362 1.426879, 1.860628 1.102362 1.418049, 1.881470 1.102362 1.410756, 1.902799 1.102362 1.405041, 1.924495 1.102362 1.400936, 1.946438 1.102362 1.398463, 1.968504 1.102362 1.397638, 1.990570 1.102362 1.398463, 2.012512 1.102362 1.400936, 2.034209 1.102362 1.405041, 2.055538 1.102362 1.410756, 2.076380 1.102362 1.418049, 2.096619 1.102362 1.426879, 2.116142 1.102362 1.437197, 2.134839 1.102362 1.448945, 2.152605 1.102362 1.462058, 2.169342 1.102362 1.476461, 2.184956 1.102362 1.492075, 2.199360 1.102362 1.508812, 2.212472 1.102362 1.526579, 2.224220 1.102362 1.545276, 2.234538 1.102362 1.564798, 2.243368 1.102362 1.585037, 2.250661 1.102362 1.605879, 2.256376 1.102362 1.627208, 2.260482 1.102362 1.648905, 2.262954 1.102362 1.670847, 3.149606 0.629921 0.196850, 3.149606 0.629921 3.987291, 3.149606 1.102362 0.196850, 3.149606 1.102362 3.987291, -3.149606 0.629921 0.196850, -3.149606 1.102362 0.196850, 3.149606 0.629921 0.196850, 3.149606 1.102362 0.196850, -1.673228 0.629921 1.692913, -1.674054 0.629921 1.714979, -1.676526 0.629921 1.736922, -1.680632 0.629921 1.758618, -1.686347 0.629921 1.779947, -1.693640 0.629921 1.800790, -1.702470 0.629921 1.821029, -1.712788 0.629921 1.840551, -1.724536 0.629921 1.859248, -1.737648 0.629921 1.877015, -1.752052 0.629921 1.893752, -1.767666 0.629921 1.909366, -1.784403 0.629921 1.923769, -1.802169 0.629921 1.936882, -1.820866 0.629921 1.948630, -1.840389 0.629921 1.958948, -1.860628 0.629921 1.967778, -1.881470 0.629921 1.975071, -1.902799 0.629921 1.980786, -1.924495 0.629921 1.984891, -1.946438 0.629921 1.987363, -1.968504 0.629921 1.988189, -1.990570 0.629921 1.987363, -2.012512 0.629921 1.984891, -2.034209 0.629921 1.980786, -2.055538 0.629921 1.975071, -2.076380 0.629921 1.967778, -2.096619 0.629921 1.958948, -2.116142 0.629921 1.948630, -2.134839 0.629921 1.936882, -2.152605 0.629921 1.923769, -2.169342 0.629921 1.909366, -2.184956 0.629921 1.893752, -2.199360 0.629921 1.877015, -2.212472 0.629921 1.859248, -2.224220 0.629921 1.840551, -2.234538 0.629921 1.821029, -2.243368 0.629921 1.800790, -2.250661 0.629921 1.779947, -2.256376 0.629921 1.758618, -2.260482 0.629921 1.736922, -2.262954 0.629921 1.714979, -2.263780 0.629921 1.692913, -2.262954 0.629921 1.670847, -2.260482 0.629921 1.648905, -2.256376 0.629921 1.627208, -2.250661 0.629921 1.605879, -2.243368 0.629921 1.585037, -2.234538 0.629921 1.564798, -2.224220 0.629921 1.545276, -2.212472 0.629921 1.526579, -2.199360 0.629921 1.508812, -2.184956 0.629921 1.492075, -2.169342 0.629921 1.476461, -2.152605 0.629921 1.462058, -2.134839 0.629921 1.448945, -2.116142 0.629921 1.437197, -2.096619 0.629921 1.426879, -2.076380 0.629921 1.418049, -2.055538 0.629921 1.410756, -2.034209 0.629921 1.405041, -2.012512 0.629921 1.400936, -1.990570 0.629921 1.398463, -1.968504 0.629921 1.397638, -1.946438 0.629921 1.398463, -1.924495 0.629921 1.400936, -1.902799 0.629921 1.405041, -1.881470 0.629921 1.410756, -1.860628 0.629921 1.418049, -1.840389 0.629921 1.426879, -1.820866 0.629921 1.437197, -1.802169 0.629921 1.448945, -1.784403 0.629921 1.462058, -1.767666 0.629921 1.476461, -1.752052 0.629921 1.492075, -1.737648 0.629921 1.508812, -1.724536 0.629921 1.526579, -1.712788 0.629921 1.545276, -1.702470 0.629921 1.564798, -1.693640 0.629921 1.585037, -1.686347 0.629921 1.605879, -1.680632 0.629921 1.627208, -1.676526 0.629921 1.648905, -1.674054 0.629921 1.670847, -1.673228 0.629921 1.692913, -1.673228 1.102362 1.692913, -1.673228 1.102362 1.692913, -1.674054 1.102362 1.714979, -1.676526 1.102362 1.736922, -1.680632 1.102362 1.758618, -1.686347 1.102362 1.779947, -1.693640 1.102362 1.800790, -1.702470 1.102362 1.821029, -1.712788 1.102362 1.840551, -1.724536 1.102362 1.859248, -1.737648 1.102362 1.877015, -1.752052 1.102362 1.893752, -1.767666 1.102362 1.909366, -1.784403 1.102362 1.923769, -1.802169 1.102362 1.936882, -1.820866 1.102362 1.948630, -1.840389 1.102362 1.958948, -1.860628 1.102362 1.967778, -1.881470 1.102362 1.975071, -1.902799 1.102362 1.980786, -1.924495 1.102362 1.984891, -1.946438 1.102362 1.987363, -1.968504 1.102362 1.988189, -1.990570 1.102362 1.987363, -2.012512 1.102362 1.984891, -2.034209 1.102362 1.980786, -2.055538 1.102362 1.975071, -2.076380 1.102362 1.967778, -2.096619 1.102362 1.958948, -2.116142 1.102362 1.948630, -2.134839 1.102362 1.936882, -2.152605 1.102362 1.923769, -2.169342 1.102362 1.909366, -2.184956 1.102362 1.893752, -2.199360 1.102362 1.877015, -2.212472 1.102362 1.859248, -2.224220 1.102362 1.840551, -2.234538 1.102362 1.821029, -2.243368 1.102362 1.800790, -2.250661 1.102362 1.779947, -2.256376 1.102362 1.758618, -2.260482 1.102362 1.736922, -2.262954 1.102362 1.714979, -2.263780 1.102362 1.692913, -2.262954 1.102362 1.670847, -2.260482 1.102362 1.648905, -2.256376 1.102362 1.627208, -2.250661 1.102362 1.605879, -2.243368 1.102362 1.585037, -2.234538 1.102362 1.564798, -2.224220 1.102362 1.545276, -2.212472 1.102362 1.526579, -2.199360 1.102362 1.508812, -2.184956 1.102362 1.492075, -2.169342 1.102362 1.476461, -2.152605 1.102362 1.462058, -2.134839 1.102362 1.448945, -2.116142 1.102362 1.437197, -2.096619 1.102362 1.426879, -2.076380 1.102362 1.418049, -2.055538 1.102362 1.410756, -2.034209 1.102362 1.405041, -2.012512 1.102362 1.400936, -1.990570 1.102362 1.398463, -1.968504 1.102362 1.397638, -1.946438 1.102362 1.398463, -1.924495 1.102362 1.400936, -1.902799 1.102362 1.405041, -1.881470 1.102362 1.410756, -1.860628 1.102362 1.418049, -1.840389 1.102362 1.426879, -1.820866 1.102362 1.437197, -1.802169 1.102362 1.448945, -1.784403 1.102362 1.462058, -1.767666 1.102362 1.476461, -1.752052 1.102362 1.492075, -1.737648 1.102362 1.508812, -1.724536 1.102362 1.526579, -1.712788 1.102362 1.545276, -1.702470 1.102362 1.564798, -1.693640 1.102362 1.585037, -1.686347 1.102362 1.605879, -1.680632 1.102362 1.627208, -1.676526 1.102362 1.648905, -1.674054 1.102362 1.670847, 0.295276 0.629921 1.692913, 0.294450 0.629921 1.714979, 0.291978 0.629921 1.736922, 0.287872 0.629921 1.758618, 0.282157 0.629921 1.779947, 0.274864 0.629921 1.800790, 0.266034 0.629921 1.821029, 0.255716 0.629921 1.840551, 0.243968 0.629921 1.859248, 0.230856 0.629921 1.877015, 0.216452 0.629921 1.893752, 0.200838 0.629921 1.909366, 0.184101 0.629921 1.923769, 0.166335 0.629921 1.936882, 0.147638 0.629921 1.948630, 0.128115 0.629921 1.958948, 0.107876 0.629921 1.967778, 0.087034 0.629921 1.975071, 0.065705 0.629921 1.980786, 0.044009 0.629921 1.984891, 0.022066 0.629921 1.987363, -0.000000 0.629921 1.988189, -0.022066 0.629921 1.987363, -0.044009 0.629921 1.984891, -0.065705 0.629921 1.980786, -0.087034 0.629921 1.975071, -0.107876 0.629921 1.967778, -0.128115 0.629921 1.958948, -0.147638 0.629921 1.948630, -0.166335 0.629921 1.936882, -0.184101 0.629921 1.923769, -0.200838 0.629921 1.909366, -0.216452 0.629921 1.893752, -0.230856 0.629921 1.877015, -0.243968 0.629921 1.859248, -0.255716 0.629921 1.840551, -0.266034 0.629921 1.821029, -0.274864 0.629921 1.800790, -0.282157 0.629921 1.779947, -0.287872 0.629921 1.758618, -0.291978 0.629921 1.736922, -0.294450 0.629921 1.714979, -0.295276 0.629921 1.692913, -0.294450 0.629921 1.670847, -0.291978 0.629921 1.648905, -0.287872 0.629921 1.627208, -0.282157 0.629921 1.605879, -0.274864 0.629921 1.585037, -0.266034 0.629921 1.564798, -0.255716 0.629921 1.545276, -0.243968 0.629921 1.526579, -0.230856 0.629921 1.508812, -0.216452 0.629921 1.492075, -0.200838 0.629921 1.476461, -0.184101 0.629921 1.462058, -0.166335 0.629921 1.448945, -0.147638 0.629921 1.437197, -0.128115 0.629921 1.426879, -0.107876 0.629921 1.418049, -0.087034 0.629921 1.410756, -0.065705 0.629921 1.405041, -0.044009 0.629921 1.400936, -0.022066 0.629921 1.398463, -0.000000 0.629921 1.397638, 0.022066 0.629921 1.398463, 0.044009 0.629921 1.400936, 0.065705 0.629921 1.405041, 0.087034 0.629921 1.410756, 0.107876 0.629921 1.418049, 0.128115 0.629921 1.426879, 0.147638 0.629921 1.437197, 0.166335 0.629921 1.448945, 0.184101 0.629921 1.462058, 0.200838 0.629921 1.476461, 0.216452 0.629921 1.492075, 0.230856 0.629921 1.508812, 0.243968 0.629921 1.526579, 0.255716 0.629921 1.545276, 0.266034 0.629921 1.564798, 0.274864 0.629921 1.585037, 0.282157 0.629921 1.605879, 0.287872 0.629921 1.627208, 0.291978 0.629921 1.648905, 0.294450 0.629921 1.670847, 0.295276 0.629921 1.692913, 0.295276 1.102362 1.692913, 0.295276 1.102362 1.692913, 0.294450 1.102362 1.714979, 0.291978 1.102362 1.736922, 0.287872 1.102362 1.758618, 0.282157 1.102362 1.779947, 0.274864 1.102362 1.800790, 0.266034 1.102362 1.821029, 0.255716 1.102362 1.840551, 0.243968 1.102362 1.859248, 0.230856 1.102362 1.877015, 0.216452 1.102362 1.893752, 0.200838 1.102362 1.909366, 0.184101 1.102362 1.923769, 0.166335 1.102362 1.936882, 0.147638 1.102362 1.948630, 0.128115 1.102362 1.958948, 0.107876 1.102362 1.967778, 0.087034 1.102362 1.975071, 0.065705 1.102362 1.980786, 0.044009 1.102362 1.984891, 0.022066 1.102362 1.987363, -0.000000 1.102362 1.988189, -0.022066 1.102362 1.987363, -0.044009 1.102362 1.984891, -0.065705 1.102362 1.980786, -0.087034 1.102362 1.975071, -0.107876 1.102362 1.967778, -0.128115 1.102362 1.958948, -0.147638 1.102362 1.948630, -0.166335 1.102362 1.936882, -0.184101 1.102362 1.923769, -0.200838 1.102362 1.909366, -0.216452 1.102362 1.893752, -0.230856 1.102362 1.877015, -0.243968 1.102362 1.859248, -0.255716 1.102362 1.840551, -0.266034 1.102362 1.821029, -0.274864 1.102362 1.800790, -0.282157 1.102362 1.779947, -0.287872 1.102362 1.758618, -0.291978 1.102362 1.736922, -0.294450 1.102362 1.714979, -0.295276 1.102362 1.692913, -0.294450 1.102362 1.670847, -0.291978 1.102362 1.648905, -0.287872 1.102362 1.627208, -0.282157 1.102362 1.605879, -0.274864 1.102362 1.585037, -0.266034 1.102362 1.564798, -0.255716 1.102362 1.545276, -0.243968 1.102362 1.526579, -0.230856 1.102362 1.508812, -0.216452 1.102362 1.492075, -0.200838 1.102362 1.476461, -0.184101 1.102362 1.462058, -0.166335 1.102362 1.448945, -0.147638 1.102362 1.437197, -0.128115 1.102362 1.426879, -0.107876 1.102362 1.418049, -0.087034 1.102362 1.410756, -0.065705 1.102362 1.405041, -0.044009 1.102362 1.400936, -0.022066 1.102362 1.398463, -0.000000 1.102362 1.397638, 0.022066 1.102362 1.398463, 0.044009 1.102362 1.400936, 0.065705 1.102362 1.405041, 0.087034 1.102362 1.410756, 0.107876 1.102362 1.418049, 0.128115 1.102362 1.426879, 0.147638 1.102362 1.437197, 0.166335 1.102362 1.448945, 0.184101 1.102362 1.462058, 0.200838 1.102362 1.476461, 0.216452 1.102362 1.492075, 0.230856 1.102362 1.508812, 0.243968 1.102362 1.526579, 0.255716 1.102362 1.545276, 0.266034 1.102362 1.564798, 0.274864 1.102362 1.585037, 0.282157 1.102362 1.605879, 0.287872 1.102362 1.627208, 0.291978 1.102362 1.648905, 0.294450 1.102362 1.670847, 2.263780 0.629921 1.692913, 2.262954 0.629921 1.714979, 2.260482 0.629921 1.736922, 2.256376 0.629921 1.758618, 2.250661 0.629921 1.779947, 2.243368 0.629921 1.800790, 2.234538 0.629921 1.821029, 2.224220 0.629921 1.840551, 2.212472 0.629921 1.859248, 2.199360 0.629921 1.877015, 2.184956 0.629921 1.893752, 2.169342 0.629921 1.909366, 2.152605 0.629921 1.923769, 2.134839 0.629921 1.936882, 2.116142 0.629921 1.948630, 2.096619 0.629921 1.958948, 2.076380 0.629921 1.967778, 2.055538 0.629921 1.975071, 2.034209 0.629921 1.980786, 2.012512 0.629921 1.984891, 1.990570 0.629921 1.987363, 1.968504 0.629921 1.988189, 1.946438 0.629921 1.987363, 1.924495 0.629921 1.984891, 1.902799 0.629921 1.980786, 1.881470 0.629921 1.975071, 1.860628 0.629921 1.967778, 1.840389 0.629921 1.958948, 1.820866 0.629921 1.948630, 1.802169 0.629921 1.936882, 1.784403 0.629921 1.923769, 1.767666 0.629921 1.909366, 1.752052 0.629921 1.893752, 1.737648 0.629921 1.877015, 1.724536 0.629921 1.859248, 1.712788 0.629921 1.840551, 1.702470 0.629921 1.821029, 1.693640 0.629921 1.800790, 1.686347 0.629921 1.779947, 1.680632 0.629921 1.758618, 1.676526 0.629921 1.736922, 1.674054 0.629921 1.714979, 1.673228 0.629921 1.692913, 1.674054 0.629921 1.670847, 1.676526 0.629921 1.648905, 1.680632 0.629921 1.627208, 1.686347 0.629921 1.605879, 1.693640 0.629921 1.585037, 1.702470 0.629921 1.564798, 1.712788 0.629921 1.545276, 1.724536 0.629921 1.526579, 1.737648 0.629921 1.508812, 1.752052 0.629921 1.492075, 1.767666 0.629921 1.476461, 1.784403 0.629921 1.462058, 1.802169 0.629921 1.448945, 1.820866 0.629921 1.437197, 1.840389 0.629921 1.426879, 1.860628 0.629921 1.418049, 1.881470 0.629921 1.410756, 1.902799 0.629921 1.405041, 1.924495 0.629921 1.400936, 1.946438 0.629921 1.398463, 1.968504 0.629921 1.397638, 1.990570 0.629921 1.398463, 2.012512 0.629921 1.400936, 2.034209 0.629921 1.405041, 2.055538 0.629921 1.410756, 2.076380 0.629921 1.418049, 2.096619 0.629921 1.426879, 2.116142 0.629921 1.437197, 2.134839 0.629921 1.448945, 2.152605 0.629921 1.462058, 2.169342 0.629921 1.476461, 2.184956 0.629921 1.492075, 2.199360 0.629921 1.508812, 2.212472 0.629921 1.526579, 2.224220 0.629921 1.545276, 2.234538 0.629921 1.564798, 2.243368 0.629921 1.585037, 2.250661 0.629921 1.605879, 2.256376 0.629921 1.627208, 2.260482 0.629921 1.648905, 2.262954 0.629921 1.670847, 2.263780 0.629921 1.692913, 2.263780 1.102362 1.692913, 2.263780 1.102362 1.692913, 2.262954 1.102362 1.714979, 2.260482 1.102362 1.736922, 2.256376 1.102362 1.758618, 2.250661 1.102362 1.779947, 2.243368 1.102362 1.800790, 2.234538 1.102362 1.821029, 2.224220 1.102362 1.840551, 2.212472 1.102362 1.859248, 2.199360 1.102362 1.877015, 2.184956 1.102362 1.893752, 2.169342 1.102362 1.909366, 2.152605 1.102362 1.923769, 2.134839 1.102362 1.936882, 2.116142 1.102362 1.948630, 2.096619 1.102362 1.958948, 2.076380 1.102362 1.967778, 2.055538 1.102362 1.975071, 2.034209 1.102362 1.980786, 2.012512 1.102362 1.984891, 1.990570 1.102362 1.987363, 1.968504 1.102362 1.988189, 1.946438 1.102362 1.987363, 1.924495 1.102362 1.984891, 1.902799 1.102362 1.980786, 1.881470 1.102362 1.975071, 1.860628 1.102362 1.967778, 1.840389 1.102362 1.958948, 1.820866 1.102362 1.948630, 1.802169 1.102362 1.936882, 1.784403 1.102362 1.923769, 1.767666 1.102362 1.909366, 1.752052 1.102362 1.893752, 1.737648 1.102362 1.877015, 1.724536 1.102362 1.859248, 1.712788 1.102362 1.840551, 1.702470 1.102362 1.821029, 1.693640 1.102362 1.800790, 1.686347 1.102362 1.779947, 1.680632 1.102362 1.758618, 1.676526 1.102362 1.736922, 1.674054 1.102362 1.714979, 1.673228 1.102362 1.692913, 1.674054 1.102362 1.670847, 1.676526 1.102362 1.648905, 1.680632 1.102362 1.627208, 1.686347 1.102362 1.605879, 1.693640 1.102362 1.585037, 1.702470 1.102362 1.564798, 1.712788 1.102362 1.545276, 1.724536 1.102362 1.526579, 1.737648 1.102362 1.508812, 1.752052 1.102362 1.492075, 1.767666 1.102362 1.476461, 1.784403 1.102362 1.462058, 1.802169 1.102362 1.448945, 1.820866 1.102362 1.437197, 1.840389 1.102362 1.426879, 1.860628 1.102362 1.418049, 1.881470 1.102362 1.410756, 1.902799 1.102362 1.405041, 1.924495 1.102362 1.400936, 1.946438 1.102362 1.398463, 1.968504 1.102362 1.397638, 1.990570 1.102362 1.398463, 2.012512 1.102362 1.400936, 2.034209 1.102362 1.405041, 2.055538 1.102362 1.410756, 2.076380 1.102362 1.418049, 2.096619 1.102362 1.426879, 2.116142 1.102362 1.437197, 2.134839 1.102362 1.448945, 2.152605 1.102362 1.462058, 2.169342 1.102362 1.476461, 2.184956 1.102362 1.492075, 2.199360 1.102362 1.508812, 2.212472 1.102362 1.526579, 2.224220 1.102362 1.545276, 2.234538 1.102362 1.564798, 2.243368 1.102362 1.585037, 2.250661 1.102362 1.605879, 2.256376 1.102362 1.627208, 2.260482 1.102362 1.648905, 2.262954 1.102362 1.670847 ] } coordIndex [ 1 105 53 -1, 1 53 0 -1, 2 104 105 -1, 2 105 1 -1, 3 103 104 -1, 3 104 2 -1, 4 102 103 -1, 4 103 3 -1, 5 101 102 -1, 5 102 4 -1, 6 101 5 -1, 6 100 101 -1, 7 100 6 -1, 7 99 100 -1, 8 99 7 -1, 8 98 99 -1, 9 98 8 -1, 9 97 98 -1, 10 97 9 -1, 10 96 97 -1, 11 96 10 -1, 11 95 96 -1, 12 95 11 -1, 12 94 95 -1, 13 94 12 -1, 13 93 94 -1, 14 93 13 -1, 14 92 93 -1, 15 92 14 -1, 15 91 92 -1, 16 91 15 -1, 16 90 91 -1, 17 90 16 -1, 17 89 90 -1, 18 89 17 -1, 18 88 89 -1, 19 87 88 -1, 19 88 18 -1, 20 87 19 -1, 20 86 87 -1, 21 85 86 -1, 21 86 20 -1, 22 83 84 -1, 22 84 85 -1, 22 85 21 -1, 23 83 22 -1, 24 83 23 -1, 24 81 82 -1, 24 82 83 -1, 25 81 24 -1, 26 81 25 -1, 26 79 80 -1, 26 80 81 -1, 27 79 26 -1, 28 79 27 -1, 28 78 79 -1, 29 78 28 -1, 29 76 77 -1, 29 77 78 -1, 30 76 29 -1, 31 76 30 -1, 31 74 75 -1, 31 75 76 -1, 32 74 31 -1, 33 74 32 -1, 33 73 74 -1, 34 73 33 -1, 34 72 73 -1, 35 72 34 -1, 35 70 71 -1, 35 71 72 -1, 36 70 35 -1, 37 70 36 -1, 37 69 70 -1, 38 69 37 -1, 38 67 68 -1, 38 68 69 -1, 39 67 38 -1, 40 66 67 -1, 40 67 39 -1, 41 65 66 -1, 41 66 40 -1, 42 64 65 -1, 42 65 41 -1, 43 63 64 -1, 43 64 42 -1, 44 61 62 -1, 44 62 63 -1, 44 63 43 -1, 45 61 44 -1, 46 60 61 -1, 46 61 45 -1, 47 59 60 -1, 47 60 46 -1, 48 59 47 -1, 48 58 59 -1, 49 58 48 -1, 49 57 58 -1, 50 57 49 -1, 50 56 57 -1, 51 56 50 -1, 51 54 55 -1, 51 55 56 -1, 52 54 51 -1, 193 192 106 -1, 194 193 106 -1, 191 106 192 -1, 195 194 106 -1, 190 106 191 -1, 189 106 190 -1, 196 195 106 -1, 188 106 189 -1, 197 196 106 -1, 187 106 188 -1, 198 197 106 -1, 199 198 106 -1, 186 106 187 -1, 200 199 106 -1, 185 106 186 -1, 201 200 106 -1, 184 106 185 -1, 183 106 184 -1, 182 106 183 -1, 181 106 182 -1, 180 106 181 -1, 179 106 180 -1, 178 106 179 -1, 177 106 178 -1, 176 106 177 -1, 160 207 206 -1, 160 208 207 -1, 160 209 208 -1, 160 210 209 -1, 160 211 210 -1, 160 212 211 -1, 160 213 212 -1, 160 214 213 -1, 160 215 214 -1, 160 216 215 -1, 160 201 106 -1, 160 217 216 -1, 160 218 217 -1, 160 219 218 -1, 160 220 219 -1, 160 221 220 -1, 160 222 221 -1, 160 223 222 -1, 160 224 223 -1, 160 202 201 -1, 160 203 202 -1, 160 204 203 -1, 160 205 204 -1, 160 206 205 -1, 225 224 160 -1, 226 225 160 -1, 227 226 160 -1, 228 227 160 -1, 229 228 160 -1, 276 173 172 -1, 277 276 172 -1, 277 172 171 -1, 278 171 170 -1, 278 277 171 -1, 275 173 276 -1, 274 174 173 -1, 274 173 275 -1, 279 170 169 -1, 279 278 170 -1, 273 174 274 -1, 273 175 174 -1, 280 279 169 -1, 280 168 167 -1, 280 169 168 -1, 281 280 167 -1, 272 106 176 -1, 272 176 175 -1, 272 175 273 -1, 271 106 272 -1, 282 167 166 -1, 282 281 167 -1, 283 282 166 -1, 283 166 165 -1, 270 106 271 -1, 269 106 270 -1, 284 165 164 -1, 284 283 165 -1, 268 106 269 -1, 285 284 164 -1, 285 164 163 -1, 267 107 106 -1, 267 108 107 -1, 267 109 108 -1, 267 110 109 -1, 267 111 110 -1, 267 112 111 -1, 267 113 112 -1, 267 114 113 -1, 267 115 114 -1, 267 116 115 -1, 267 117 116 -1, 267 106 268 -1, 286 285 163 -1, 286 163 162 -1, 287 286 162 -1, 287 161 244 -1, 287 162 161 -1, 266 118 117 -1, 266 119 118 -1, 266 120 119 -1, 266 121 120 -1, 266 122 121 -1, 266 123 122 -1, 266 124 123 -1, 266 125 124 -1, 266 126 125 -1, 266 117 267 -1, 266 127 126 -1, 266 128 127 -1, 266 129 128 -1, 266 130 129 -1, 266 131 130 -1, 266 132 131 -1, 266 133 132 -1, 266 134 133 -1, 266 135 134 -1, 266 136 135 -1, 266 137 136 -1, 266 138 137 -1, 266 139 138 -1, 266 140 139 -1, 266 141 140 -1, 266 142 141 -1, 266 143 142 -1, 266 144 143 -1, 266 145 144 -1, 266 146 145 -1, 266 147 146 -1, 265 148 147 -1, 265 149 148 -1, 265 150 149 -1, 265 151 150 -1, 265 152 151 -1, 265 147 266 -1, 288 287 244 -1, 289 288 244 -1, 289 244 243 -1, 290 289 243 -1, 290 242 241 -1, 290 243 242 -1, 291 290 241 -1, 291 241 240 -1, 292 291 240 -1, 292 240 239 -1, 153 152 265 -1, 293 292 239 -1, 294 238 237 -1, 294 239 238 -1, 294 293 239 -1, 295 294 237 -1, 296 237 236 -1, 296 295 237 -1, 297 235 234 -1, 297 236 235 -1, 297 296 236 -1, 298 234 233 -1, 298 297 234 -1, 299 298 233 -1, 300 299 233 -1, 300 233 232 -1, 154 153 265 -1, 301 232 231 -1, 301 300 232 -1, 302 231 230 -1, 302 301 231 -1, 303 230 229 -1, 303 229 160 -1, 303 302 230 -1, 304 303 160 -1, 305 304 160 -1, 306 305 160 -1, 307 306 160 -1, 308 307 160 -1, 155 154 265 -1, 156 155 265 -1, 157 156 265 -1, 158 157 265 -1, 158 261 260 -1, 158 262 261 -1, 158 263 262 -1, 158 264 263 -1, 158 265 264 -1, 360 257 256 -1, 361 360 256 -1, 361 256 255 -1, 362 255 254 -1, 362 361 255 -1, 359 257 360 -1, 363 254 253 -1, 363 362 254 -1, 358 257 359 -1, 358 258 257 -1, 364 363 253 -1, 364 252 251 -1, 364 253 252 -1, 357 259 258 -1, 357 258 358 -1, 365 364 251 -1, 356 158 260 -1, 356 260 259 -1, 356 259 357 -1, 366 250 249 -1, 366 251 250 -1, 366 365 251 -1, 355 158 356 -1, 367 366 249 -1, 354 158 355 -1, 368 249 248 -1, 368 367 249 -1, 353 158 354 -1, 369 248 247 -1, 369 368 248 -1, 352 158 353 -1, 370 369 247 -1, 370 247 246 -1, 351 158 352 -1, 371 245 328 -1, 371 246 245 -1, 371 370 246 -1, 350 158 351 -1, 372 371 328 -1, 349 158 350 -1, 373 328 327 -1, 373 372 328 -1, 348 158 349 -1, 374 327 326 -1, 374 373 327 -1, 347 158 348 -1, 375 325 324 -1, 375 326 325 -1, 375 374 326 -1, 346 158 347 -1, 376 375 324 -1, 345 158 346 -1, 377 376 324 -1, 377 324 323 -1, 344 158 345 -1, 378 377 323 -1, 378 323 322 -1, 343 158 344 -1, 379 322 321 -1, 379 378 322 -1, 342 158 343 -1, 380 321 320 -1, 380 379 321 -1, 341 158 342 -1, 381 319 318 -1, 381 320 319 -1, 381 380 320 -1, 340 158 341 -1, 382 318 317 -1, 382 381 318 -1, 339 158 340 -1, 383 317 316 -1, 383 382 317 -1, 338 158 339 -1, 384 383 316 -1, 337 158 338 -1, 385 316 315 -1, 385 384 316 -1, 336 158 337 -1, 386 315 314 -1, 386 385 315 -1, 335 158 336 -1, 387 314 313 -1, 387 386 314 -1, 334 158 335 -1, 333 158 334 -1, 332 158 333 -1, 331 158 332 -1, 159 409 408 -1, 159 309 308 -1, 159 410 409 -1, 159 310 309 -1, 159 411 410 -1, 159 311 310 -1, 159 412 411 -1, 159 312 311 -1, 159 329 412 -1, 159 313 312 -1, 159 330 329 -1, 159 331 330 -1, 159 387 313 -1, 159 158 331 -1, 159 388 387 -1, 159 389 388 -1, 159 390 389 -1, 159 391 390 -1, 159 392 391 -1, 159 308 160 -1, 159 393 392 -1, 159 394 393 -1, 159 395 394 -1, 159 396 395 -1, 159 397 396 -1, 159 398 397 -1, 159 399 398 -1, 159 400 399 -1, 159 401 400 -1, 159 402 401 -1, 159 403 402 -1, 159 404 403 -1, 159 405 404 -1, 159 406 405 -1, 159 407 406 -1, 159 408 407 -1, 414 415 413 -1, 414 416 415 -1, 504 469 503 -1, 502 503 469 -1, 505 469 504 -1, 501 502 469 -1, 506 469 505 -1, 500 501 469 -1, 507 469 506 -1, 499 500 469 -1, 508 469 507 -1, 509 469 508 -1, 498 499 469 -1, 497 498 469 -1, 510 469 509 -1, 496 497 469 -1, 511 469 510 -1, 495 496 469 -1, 512 469 511 -1, 494 495 469 -1, 493 494 469 -1, 492 493 469 -1, 491 492 469 -1, 490 491 469 -1, 489 490 469 -1, 488 489 469 -1, 487 488 469 -1, 471 517 518 -1, 471 518 519 -1, 471 519 520 -1, 471 520 521 -1, 471 521 522 -1, 471 522 523 -1, 471 523 524 -1, 471 524 525 -1, 471 525 526 -1, 471 526 527 -1, 471 527 528 -1, 471 528 529 -1, 471 529 530 -1, 471 530 531 -1, 471 531 532 -1, 471 532 533 -1, 471 533 534 -1, 471 534 535 -1, 471 469 512 -1, 471 512 513 -1, 471 513 514 -1, 471 514 515 -1, 471 515 516 -1, 471 516 517 -1, 536 471 535 -1, 537 471 536 -1, 538 471 537 -1, 539 471 538 -1, 540 471 539 -1, 588 483 587 -1, 588 482 483 -1, 586 587 483 -1, 586 483 484 -1, 589 480 481 -1, 589 481 482 -1, 589 482 588 -1, 585 484 485 -1, 585 586 484 -1, 590 480 589 -1, 584 485 486 -1, 584 585 485 -1, 591 479 480 -1, 591 480 590 -1, 592 478 479 -1, 592 479 591 -1, 583 487 469 -1, 583 486 487 -1, 583 584 486 -1, 593 478 592 -1, 593 477 478 -1, 582 583 469 -1, 581 582 469 -1, 594 475 476 -1, 594 476 477 -1, 594 477 593 -1, 580 581 469 -1, 595 475 594 -1, 596 475 595 -1, 596 474 475 -1, 579 580 469 -1, 578 459 458 -1, 578 460 459 -1, 578 461 460 -1, 578 462 461 -1, 578 463 462 -1, 578 464 463 -1, 578 465 464 -1, 578 466 465 -1, 578 467 466 -1, 578 468 467 -1, 578 469 468 -1, 578 579 469 -1, 597 474 596 -1, 597 473 474 -1, 598 473 597 -1, 598 472 473 -1, 577 429 428 -1, 577 430 429 -1, 577 431 430 -1, 577 432 431 -1, 577 433 432 -1, 577 434 433 -1, 577 435 434 -1, 577 436 435 -1, 577 437 436 -1, 577 438 437 -1, 577 439 438 -1, 577 440 439 -1, 577 441 440 -1, 577 442 441 -1, 577 443 442 -1, 577 444 443 -1, 577 445 444 -1, 577 446 445 -1, 577 447 446 -1, 577 448 447 -1, 577 449 448 -1, 577 450 449 -1, 577 451 450 -1, 577 452 451 -1, 577 453 452 -1, 577 454 453 -1, 577 455 454 -1, 577 456 455 -1, 577 457 456 -1, 577 458 457 -1, 577 578 458 -1, 599 472 598 -1, 599 555 472 -1, 576 424 423 -1, 576 425 424 -1, 576 426 425 -1, 576 427 426 -1, 576 428 427 -1, 576 577 428 -1, 600 555 599 -1, 600 554 555 -1, 601 553 554 -1, 601 554 600 -1, 602 551 552 -1, 602 552 553 -1, 602 553 601 -1, 603 551 602 -1, 422 576 423 -1, 604 551 603 -1, 604 550 551 -1, 605 549 550 -1, 605 550 604 -1, 606 549 605 -1, 606 548 549 -1, 607 546 547 -1, 607 547 548 -1, 607 548 606 -1, 608 546 607 -1, 609 545 546 -1, 609 546 608 -1, 610 544 545 -1, 610 545 609 -1, 611 544 610 -1, 611 542 543 -1, 611 543 544 -1, 421 576 422 -1, 612 542 611 -1, 613 541 542 -1, 613 542 612 -1, 614 540 541 -1, 614 471 540 -1, 614 541 613 -1, 615 471 614 -1, 616 471 615 -1, 617 471 616 -1, 618 471 617 -1, 619 471 618 -1, 420 576 421 -1, 419 576 420 -1, 418 576 419 -1, 417 576 418 -1, 417 571 572 -1, 417 572 573 -1, 417 573 574 -1, 417 574 575 -1, 417 575 576 -1, 671 567 568 -1, 672 567 671 -1, 672 566 567 -1, 673 564 565 -1, 673 565 566 -1, 673 566 672 -1, 670 671 568 -1, 670 568 569 -1, 674 564 673 -1, 674 563 564 -1, 669 670 569 -1, 675 563 674 -1, 668 569 570 -1, 668 669 569 -1, 667 571 417 -1, 667 570 571 -1, 667 668 570 -1, 676 563 675 -1, 676 561 562 -1, 676 562 563 -1, 677 561 676 -1, 666 667 417 -1, 665 666 417 -1, 678 560 561 -1, 678 561 677 -1, 679 558 559 -1, 679 560 678 -1, 679 559 560 -1, 664 665 417 -1, 680 558 679 -1, 663 664 417 -1, 662 663 417 -1, 681 557 558 -1, 681 558 680 -1, 682 639 556 -1, 682 556 557 -1, 682 557 681 -1, 661 662 417 -1, 683 639 682 -1, 660 661 417 -1, 684 637 638 -1, 684 638 639 -1, 684 639 683 -1, 659 660 417 -1, 685 637 684 -1, 658 659 417 -1, 686 635 636 -1, 686 636 637 -1, 686 637 685 -1, 657 658 417 -1, 687 635 686 -1, 656 657 417 -1, 688 635 687 -1, 688 634 635 -1, 655 656 417 -1, 689 634 688 -1, 689 633 634 -1, 654 655 417 -1, 690 632 633 -1, 690 633 689 -1, 653 654 417 -1, 691 632 690 -1, 691 631 632 -1, 652 653 417 -1, 692 630 631 -1, 692 631 691 -1, 651 652 417 -1, 693 629 630 -1, 693 630 692 -1, 650 651 417 -1, 694 627 628 -1, 694 628 629 -1, 694 629 693 -1, 649 650 417 -1, 695 627 694 -1, 648 649 417 -1, 696 626 627 -1, 696 627 695 -1, 647 648 417 -1, 697 626 696 -1, 697 624 625 -1, 697 625 626 -1, 646 647 417 -1, 698 624 697 -1, 645 646 417 -1, 644 645 417 -1, 643 644 417 -1, 642 643 417 -1, 470 471 619 -1, 470 719 720 -1, 470 619 620 -1, 470 720 721 -1, 470 620 621 -1, 470 721 722 -1, 470 621 622 -1, 470 722 723 -1, 470 622 623 -1, 470 723 640 -1, 470 623 624 -1, 470 640 641 -1, 470 641 642 -1, 470 642 417 -1, 470 624 698 -1, 470 698 699 -1, 470 699 700 -1, 470 700 701 -1, 470 701 702 -1, 470 702 703 -1, 470 703 704 -1, 470 704 705 -1, 470 705 706 -1, 470 706 707 -1, 470 707 708 -1, 470 708 709 -1, 470 709 710 -1, 470 710 711 -1, 470 711 712 -1, 470 712 713 -1, 470 713 714 -1, 470 714 715 -1, 470 715 716 -1, 470 716 717 -1, 470 717 718 -1, 470 718 719 -1, 725 724 726 -1, 725 726 727 -1, 731 728 729 -1, 731 730 728 -1, 815 817 901 -1, 815 816 817 -1, 814 901 900 -1, 814 815 901 -1, 813 900 899 -1, 813 814 900 -1, 812 899 898 -1, 812 813 899 -1, 811 898 897 -1, 811 812 898 -1, 810 897 896 -1, 810 811 897 -1, 809 810 896 -1, 809 896 895 -1, 808 809 895 -1, 808 895 894 -1, 807 808 894 -1, 807 893 892 -1, 807 894 893 -1, 806 807 892 -1, 806 892 891 -1, 805 806 891 -1, 804 805 891 -1, 804 890 889 -1, 804 891 890 -1, 803 804 889 -1, 802 803 889 -1, 802 888 887 -1, 802 889 888 -1, 801 802 887 -1, 800 801 887 -1, 800 887 886 -1, 799 800 886 -1, 799 886 885 -1, 798 799 885 -1, 798 884 883 -1, 798 885 884 -1, 797 798 883 -1, 796 883 882 -1, 796 797 883 -1, 795 882 881 -1, 795 796 882 -1, 794 881 880 -1, 794 795 881 -1, 793 880 879 -1, 793 794 880 -1, 792 879 878 -1, 792 793 879 -1, 791 878 877 -1, 791 792 878 -1, 790 877 876 -1, 790 791 877 -1, 789 876 875 -1, 789 790 876 -1, 788 875 874 -1, 788 789 875 -1, 787 874 873 -1, 787 788 874 -1, 786 873 872 -1, 786 787 873 -1, 785 871 870 -1, 785 872 871 -1, 785 786 872 -1, 784 870 869 -1, 784 785 870 -1, 783 784 869 -1, 782 783 869 -1, 782 869 868 -1, 781 782 868 -1, 781 868 867 -1, 780 781 867 -1, 780 867 866 -1, 779 780 866 -1, 779 866 865 -1, 778 779 865 -1, 778 865 864 -1, 777 864 863 -1, 777 778 864 -1, 776 863 862 -1, 776 777 863 -1, 775 862 861 -1, 775 776 862 -1, 774 861 860 -1, 774 775 861 -1, 773 860 859 -1, 773 774 860 -1, 772 859 858 -1, 772 773 859 -1, 771 858 857 -1, 771 772 858 -1, 770 857 856 -1, 770 771 857 -1, 769 856 855 -1, 769 770 856 -1, 768 855 854 -1, 768 769 855 -1, 767 854 853 -1, 767 768 854 -1, 766 853 852 -1, 766 767 853 -1, 765 852 851 -1, 765 766 852 -1, 764 851 850 -1, 764 765 851 -1, 763 850 849 -1, 763 764 850 -1, 762 849 848 -1, 762 763 849 -1, 761 848 847 -1, 761 762 848 -1, 760 847 846 -1, 760 761 847 -1, 759 760 846 -1, 759 846 845 -1, 758 759 845 -1, 758 845 844 -1, 757 844 843 -1, 757 758 844 -1, 756 843 842 -1, 756 757 843 -1, 755 756 842 -1, 755 842 841 -1, 754 841 840 -1, 754 755 841 -1, 753 840 839 -1, 753 754 840 -1, 752 839 838 -1, 752 753 839 -1, 751 838 837 -1, 751 752 838 -1, 750 837 836 -1, 750 751 837 -1, 749 836 835 -1, 749 750 836 -1, 748 835 834 -1, 748 749 835 -1, 747 834 833 -1, 747 748 834 -1, 746 747 833 -1, 746 833 832 -1, 745 746 832 -1, 745 832 831 -1, 744 745 831 -1, 744 831 830 -1, 743 744 830 -1, 743 830 829 -1, 742 743 829 -1, 742 829 828 -1, 741 742 828 -1, 741 828 827 -1, 740 741 827 -1, 740 827 826 -1, 739 740 826 -1, 739 826 825 -1, 738 739 825 -1, 738 825 824 -1, 737 738 824 -1, 737 824 823 -1, 736 823 822 -1, 736 737 823 -1, 735 822 821 -1, 735 736 822 -1, 734 735 821 -1, 734 821 820 -1, 733 734 820 -1, 733 820 819 -1, 732 733 819 -1, 732 819 818 -1, 985 987 1071 -1, 985 986 987 -1, 984 1071 1070 -1, 984 985 1071 -1, 983 1070 1069 -1, 983 984 1070 -1, 982 1069 1068 -1, 982 983 1069 -1, 981 1068 1067 -1, 981 982 1068 -1, 980 1067 1066 -1, 980 981 1067 -1, 979 980 1066 -1, 979 1066 1065 -1, 978 979 1065 -1, 978 1065 1064 -1, 977 978 1064 -1, 977 1063 1062 -1, 977 1064 1063 -1, 976 977 1062 -1, 976 1062 1061 -1, 975 976 1061 -1, 974 975 1061 -1, 974 1060 1059 -1, 974 1061 1060 -1, 973 974 1059 -1, 972 973 1059 -1, 972 1058 1057 -1, 972 1059 1058 -1, 971 972 1057 -1, 970 971 1057 -1, 970 1057 1056 -1, 969 970 1056 -1, 969 1056 1055 -1, 968 969 1055 -1, 968 1054 1053 -1, 968 1055 1054 -1, 967 968 1053 -1, 966 1053 1052 -1, 966 967 1053 -1, 965 1052 1051 -1, 965 966 1052 -1, 964 1051 1050 -1, 964 965 1051 -1, 963 1050 1049 -1, 963 964 1050 -1, 962 1049 1048 -1, 962 963 1049 -1, 961 1048 1047 -1, 961 962 1048 -1, 960 1047 1046 -1, 960 961 1047 -1, 959 1046 1045 -1, 959 960 1046 -1, 958 1045 1044 -1, 958 959 1045 -1, 957 1044 1043 -1, 957 958 1044 -1, 956 1043 1042 -1, 956 957 1043 -1, 955 1041 1040 -1, 955 1042 1041 -1, 955 956 1042 -1, 954 1040 1039 -1, 954 955 1040 -1, 953 954 1039 -1, 952 953 1039 -1, 952 1039 1038 -1, 951 952 1038 -1, 951 1038 1037 -1, 950 951 1037 -1, 950 1037 1036 -1, 949 950 1036 -1, 949 1036 1035 -1, 948 949 1035 -1, 948 1035 1034 -1, 947 1034 1033 -1, 947 948 1034 -1, 946 1033 1032 -1, 946 947 1033 -1, 945 1032 1031 -1, 945 946 1032 -1, 944 1031 1030 -1, 944 945 1031 -1, 943 1030 1029 -1, 943 944 1030 -1, 942 1029 1028 -1, 942 943 1029 -1, 941 1028 1027 -1, 941 942 1028 -1, 940 1027 1026 -1, 940 941 1027 -1, 939 1026 1025 -1, 939 940 1026 -1, 938 1025 1024 -1, 938 939 1025 -1, 937 1024 1023 -1, 937 938 1024 -1, 936 1023 1022 -1, 936 937 1023 -1, 935 1022 1021 -1, 935 936 1022 -1, 934 1021 1020 -1, 934 935 1021 -1, 933 1020 1019 -1, 933 934 1020 -1, 932 1019 1018 -1, 932 933 1019 -1, 931 1018 1017 -1, 931 932 1018 -1, 930 1017 1016 -1, 930 931 1017 -1, 929 930 1016 -1, 929 1016 1015 -1, 928 929 1015 -1, 928 1015 1014 -1, 927 1014 1013 -1, 927 928 1014 -1, 926 1013 1012 -1, 926 927 1013 -1, 925 926 1012 -1, 925 1012 1011 -1, 924 1011 1010 -1, 924 925 1011 -1, 923 1010 1009 -1, 923 924 1010 -1, 922 1009 1008 -1, 922 923 1009 -1, 921 1008 1007 -1, 921 922 1008 -1, 920 1007 1006 -1, 920 921 1007 -1, 919 1006 1005 -1, 919 920 1006 -1, 918 1005 1004 -1, 918 919 1005 -1, 917 1004 1003 -1, 917 918 1004 -1, 916 917 1003 -1, 916 1003 1002 -1, 915 916 1002 -1, 915 1002 1001 -1, 914 915 1001 -1, 914 1001 1000 -1, 913 914 1000 -1, 913 1000 999 -1, 912 913 999 -1, 912 999 998 -1, 911 912 998 -1, 911 998 997 -1, 910 911 997 -1, 910 997 996 -1, 909 910 996 -1, 909 996 995 -1, 908 909 995 -1, 908 995 994 -1, 907 908 994 -1, 907 994 993 -1, 906 993 992 -1, 906 907 993 -1, 905 992 991 -1, 905 906 992 -1, 904 905 991 -1, 904 991 990 -1, 903 904 990 -1, 903 990 989 -1, 902 903 989 -1, 902 989 988 -1, 1155 1157 1241 -1, 1155 1156 1157 -1, 1154 1241 1240 -1, 1154 1155 1241 -1, 1153 1240 1239 -1, 1153 1154 1240 -1, 1152 1239 1238 -1, 1152 1153 1239 -1, 1151 1238 1237 -1, 1151 1152 1238 -1, 1150 1237 1236 -1, 1150 1151 1237 -1, 1149 1150 1236 -1, 1149 1236 1235 -1, 1148 1149 1235 -1, 1148 1235 1234 -1, 1147 1148 1234 -1, 1147 1233 1232 -1, 1147 1234 1233 -1, 1146 1147 1232 -1, 1146 1232 1231 -1, 1145 1146 1231 -1, 1144 1145 1231 -1, 1144 1230 1229 -1, 1144 1231 1230 -1, 1143 1144 1229 -1, 1142 1143 1229 -1, 1142 1228 1227 -1, 1142 1229 1228 -1, 1141 1142 1227 -1, 1140 1141 1227 -1, 1140 1227 1226 -1, 1139 1140 1226 -1, 1139 1226 1225 -1, 1138 1139 1225 -1, 1138 1224 1223 -1, 1138 1225 1224 -1, 1137 1138 1223 -1, 1136 1223 1222 -1, 1136 1137 1223 -1, 1135 1222 1221 -1, 1135 1136 1222 -1, 1134 1221 1220 -1, 1134 1135 1221 -1, 1133 1220 1219 -1, 1133 1134 1220 -1, 1132 1219 1218 -1, 1132 1133 1219 -1, 1131 1218 1217 -1, 1131 1132 1218 -1, 1130 1217 1216 -1, 1130 1131 1217 -1, 1129 1216 1215 -1, 1129 1130 1216 -1, 1128 1215 1214 -1, 1128 1129 1215 -1, 1127 1214 1213 -1, 1127 1128 1214 -1, 1126 1213 1212 -1, 1126 1127 1213 -1, 1125 1211 1210 -1, 1125 1212 1211 -1, 1125 1126 1212 -1, 1124 1210 1209 -1, 1124 1125 1210 -1, 1123 1124 1209 -1, 1122 1123 1209 -1, 1122 1209 1208 -1, 1121 1122 1208 -1, 1121 1208 1207 -1, 1120 1121 1207 -1, 1120 1207 1206 -1, 1119 1120 1206 -1, 1119 1206 1205 -1, 1118 1119 1205 -1, 1118 1205 1204 -1, 1117 1204 1203 -1, 1117 1118 1204 -1, 1116 1203 1202 -1, 1116 1117 1203 -1, 1115 1202 1201 -1, 1115 1116 1202 -1, 1114 1201 1200 -1, 1114 1115 1201 -1, 1113 1200 1199 -1, 1113 1114 1200 -1, 1112 1199 1198 -1, 1112 1113 1199 -1, 1111 1198 1197 -1, 1111 1112 1198 -1, 1110 1197 1196 -1, 1110 1111 1197 -1, 1109 1196 1195 -1, 1109 1110 1196 -1, 1108 1195 1194 -1, 1108 1109 1195 -1, 1107 1194 1193 -1, 1107 1108 1194 -1, 1106 1193 1192 -1, 1106 1107 1193 -1, 1105 1192 1191 -1, 1105 1106 1192 -1, 1104 1191 1190 -1, 1104 1105 1191 -1, 1103 1190 1189 -1, 1103 1104 1190 -1, 1102 1189 1188 -1, 1102 1103 1189 -1, 1101 1188 1187 -1, 1101 1102 1188 -1, 1100 1187 1186 -1, 1100 1101 1187 -1, 1099 1100 1186 -1, 1099 1186 1185 -1, 1098 1099 1185 -1, 1098 1185 1184 -1, 1097 1184 1183 -1, 1097 1098 1184 -1, 1096 1183 1182 -1, 1096 1097 1183 -1, 1095 1096 1182 -1, 1095 1182 1181 -1, 1094 1181 1180 -1, 1094 1095 1181 -1, 1093 1180 1179 -1, 1093 1094 1180 -1, 1092 1179 1178 -1, 1092 1093 1179 -1, 1091 1178 1177 -1, 1091 1092 1178 -1, 1090 1177 1176 -1, 1090 1091 1177 -1, 1089 1176 1175 -1, 1089 1090 1176 -1, 1088 1175 1174 -1, 1088 1089 1175 -1, 1087 1174 1173 -1, 1087 1088 1174 -1, 1086 1087 1173 -1, 1086 1173 1172 -1, 1085 1086 1172 -1, 1085 1172 1171 -1, 1084 1085 1171 -1, 1084 1171 1170 -1, 1083 1084 1170 -1, 1083 1170 1169 -1, 1082 1083 1169 -1, 1082 1169 1168 -1, 1081 1082 1168 -1, 1081 1168 1167 -1, 1080 1081 1167 -1, 1080 1167 1166 -1, 1079 1080 1166 -1, 1079 1166 1165 -1, 1078 1079 1165 -1, 1078 1165 1164 -1, 1077 1078 1164 -1, 1077 1164 1163 -1, 1076 1163 1162 -1, 1076 1077 1163 -1, 1075 1162 1161 -1, 1075 1076 1162 -1, 1074 1075 1161 -1, 1074 1161 1160 -1, 1073 1074 1160 -1, 1073 1160 1159 -1, 1072 1073 1159 -1, 1072 1159 1158 -1 ] } }
Shape { appearance Appearance { material Material { diffuseColor 0.64 0.66 0.69 specularColor .4 .4 .4 shininess .5 } } geometry IndexedFaceSet { solid FALSE coord Coordinate { point [ 2.283465 1.102362 5.118110, 2.283465 1.496063 5.118110, 2.277080 1.496063 4.947467, 2.257960 1.496063 4.777778, 2.226213 1.496063 4.609992, 2.182017 1.496063 4.445047, 2.125617 1.496063 4.283867, 2.057330 1.496063 4.127352, 1.977538 1.496063 3.976378, 1.886687 1.496063 3.831789, 1.785284 1.496063 3.694393, 1.673898 1.496063 3.564960, 1.553150 1.496063 3.444212, 1.423717 1.496063 3.332826, 1.286321 1.496063 3.231423, 1.141732 1.496063 3.140572, 0.990758 1.496063 3.060780, 0.834243 1.496063 2.992493, 0.673063 1.496063 2.936094, 0.508119 1.496063 2.891897, 0.340333 1.496063 2.860150, 0.170644 1.496063 2.841031, -0.000000 1.496063 2.834646, -0.170644 1.496063 2.841031, -0.340333 1.496063 2.860150, -0.508119 1.496063 2.891897, -0.673063 1.496063 2.936094, -0.834243 1.496063 2.992493, -0.990758 1.496063 3.060780, -1.141732 1.496063 3.140572, -1.286321 1.496063 3.231423, -1.423717 1.496063 3.332826, -1.553150 1.496063 3.444212, -1.673898 1.496063 3.564960, -1.785284 1.496063 3.694393, -1.886687 1.496063 3.831789, -1.977538 1.496063 3.976378, -2.057330 1.496063 4.127352, -2.125617 1.496063 4.283867, -2.182017 1.496063 4.445047, -2.226213 1.496063 4.609992, -2.257960 1.496063 4.777778, -2.277080 1.496063 4.947467, -2.283465 1.496063 5.118110, -2.277080 1.496063 5.288754, -2.257960 1.496063 5.458443, -2.226213 1.496063 5.626229, -2.182017 1.496063 5.791173, -2.125617 1.496063 5.952354, -2.057330 1.496063 6.108868, -1.977538 1.496063 6.259843, -1.886687 1.496063 6.404432, -1.785284 1.496063 6.541827, -1.673898 1.496063 6.671261, -1.553150 1.496063 6.792008, -1.423717 1.496063 6.903395, -1.286321 1.496063 7.004797, -1.141732 1.496063 7.095649, -0.990758 1.496063 7.175441, -0.834243 1.496063 7.243727, -0.673063 1.496063 7.300127, -0.508119 1.496063 7.344324, -0.340333 1.496063 7.376070, -0.170644 1.496063 7.395190, -0.000000 1.496063 7.401575, 0.170644 1.496063 7.395190, 0.340333 1.496063 7.376070, 0.508119 1.496063 7.344324, 0.673063 1.496063 7.300127, 0.834243 1.496063 7.243727, 0.990758 1.496063 7.175441, 1.141732 1.496063 7.095649, 1.286321 1.496063 7.004797, 1.423717 1.496063 6.903395, 1.553150 1.496063 6.792008, 1.673898 1.496063 6.671261, 1.785284 1.496063 6.541827, 1.886687 1.496063 6.404432, 1.977538 1.496063 6.259843, 2.057330 1.496063 6.108868, 2.125617 1.496063 5.952354, 2.182017 1.496063 5.791173, 2.226213 1.496063 5.626229, 2.257960 1.496063 5.458443, 2.277080 1.496063 5.288754, 2.283465 1.496063 5.118110, 2.283465 1.102362 5.118110, 2.277080 1.102362 4.947467, 2.257960 1.102362 4.777778, 2.226213 1.102362 4.609992, 2.182017 1.102362 4.445047, 2.125617 1.102362 4.283867, 2.057330 1.102362 4.127352, 1.977538 1.102362 3.976378, 1.886687 1.102362 3.831789, 1.785284 1.102362 3.694393, 1.673898 1.102362 3.564960, 1.553150 1.102362 3.444212, 1.423717 1.102362 3.332826, 1.286321 1.102362 3.231423, 1.141732 1.102362 3.140572, 0.990758 1.102362 3.060780, 0.834243 1.102362 2.992493, 0.673063 1.102362 2.936094, 0.508119 1.102362 2.891897, 0.340333 1.102362 2.860150, 0.170644 1.102362 2.841031, -0.000000 1.102362 2.834646, -0.170644 1.102362 2.841031, -0.340333 1.102362 2.860150, -0.508119 1.102362 2.891897, -0.673063 1.102362 2.936094, -0.834243 1.102362 2.992493, -0.990758 1.102362 3.060780, -1.141732 1.102362 3.140572, -1.286321 1.102362 3.231423, -1.423717 1.102362 3.332826, -1.553150 1.102362 3.444212, -1.673898 1.102362 3.564960, -1.785284 1.102362 3.694393, -1.886687 1.102362 3.831789, -1.977538 1.102362 3.976378, -2.057330 1.102362 4.127352, -2.125617 1.102362 4.283867, -2.182017 1.102362 4.445047, -2.226213 1.102362 4.609992, -2.257960 1.102362 4.777778, -2.277080 1.102362 4.947467, -2.283465 1.102362 5.118110, -2.277080 1.102362 5.288754, -2.257960 1.102362 5.458443, -2.226213 1.102362 5.626229, -2.182017 1.102362 5.791173, -2.125617 1.102362 5.952354, -2.057330 1.102362 6.108868, -1.977538 1.102362 6.259843, -1.886687 1.102362 6.404432, -1.785284 1.102362 6.541827, -1.673898 1.102362 6.671261, -1.553150 1.102362 6.792008, -1.423717 1.102362 6.903395, -1.286321 1.102362 7.004797, -1.141732 1.102362 7.095649, -0.990758 1.102362 7.175441, -0.834243 1.102362 7.243727, -0.673063 1.102362 7.300127, -0.508119 1.102362 7.344324, -0.340333 1.102362 7.376070, -0.170644 1.102362 7.395190, -0.000000 1.102362 7.401575, 0.170644 1.102362 7.395190, 0.340333 1.102362 7.376070, 0.508119 1.102362 7.344324, 0.673063 1.102362 7.300127, 0.834243 1.102362 7.243727, 0.990758 1.102362 7.175441, 1.141732 1.102362 7.095649, 1.286321 1.102362 7.004797, 1.423717 1.102362 6.903395, 1.553150 1.102362 6.792008, 1.673898 1.102362 6.671261, 1.785284 1.102362 6.541827, 1.886687 1.102362 6.404432, 1.977538 1.102362 6.259843, 2.057330 1.102362 6.108868, 2.125617 1.102362 5.952354, 2.182017 1.102362 5.791173, 2.226213 1.102362 5.626229, 2.257960 1.102362 5.458443, 2.277080 1.102362 5.288754, 2.283465 1.102362 5.118110, 2.277080 1.102362 4.947467, 2.257960 1.102362 4.777778, 2.226213 1.102362 4.609992, 2.182017 1.102362 4.445047, 2.125617 1.102362 4.283867, 2.057330 1.102362 4.127352, 1.977538 1.102362 3.976378, 1.886687 1.102362 3.831789, 1.785284 1.102362 3.694393, 1.673898 1.102362 3.564960, 1.553150 1.102362 3.444212, 1.423717 1.102362 3.332826, 1.286321 1.102362 3.231423, 1.141732 1.102362 3.140572, 0.990758 1.102362 3.060780, 0.834243 1.102362 2.992493, 0.673063 1.102362 2.936094, 0.508119 1.102362 2.891897, 0.340333 1.102362 2.860150, 0.170644 1.102362 2.841031, -0.000000 1.102362 2.834646, -0.170644 1.102362 2.841031, -0.340333 1.102362 2.860150, -0.508119 1.102362 2.891897, -0.673063 1.102362 2.936094, -0.834243 1.102362 2.992493, -0.990758 1.102362 3.060780, -1.141732 1.102362 3.140572, -1.286321 1.102362 3.231423, -1.423717 1.102362 3.332826, -1.553150 1.102362 3.444212, -1.673898 1.102362 3.564960, -1.785284 1.102362 3.694393, -1.886687 1.102362 3.831789, -1.977538 1.102362 3.976378, -2.057330 1.102362 4.127352, -2.125617 1.102362 4.283867, -2.182017 1.102362 4.445047, -2.226213 1.102362 4.609992, -2.257960 1.102362 4.777778, -2.277080 1.102362 4.947467, -2.283465 1.102362 5.118110, -2.277080 1.102362 5.288754, -2.257960 1.102362 5.458443, -2.226213 1.102362 5.626229, -2.182017 1.102362 5.791173, -2.125617 1.102362 5.952354, -2.057330 1.102362 6.108868, -1.977538 1.102362 6.259843, -1.886687 1.102362 6.404432, -1.785284 1.102362 6.541827, -1.673898 1.102362 6.671261, -1.553150 1.102362 6.792008, -1.423717 1.102362 6.903395, -1.286321 1.102362 7.004797, -1.141732 1.102362 7.095649, -0.990758 1.102362 7.175441, -0.834243 1.102362 7.243727, -0.673063 1.102362 7.300127, -0.508119 1.102362 7.344324, -0.340333 1.102362 7.376070, -0.170644 1.102362 7.395190, -0.000000 1.102362 7.401575, 0.170644 1.102362 7.395190, 0.340333 1.102362 7.376070, 0.508119 1.102362 7.344324, 0.673063 1.102362 7.300127, 0.834243 1.102362 7.243727, 0.990758 1.102362 7.175441, 1.141732 1.102362 7.095649, 1.286321 1.102362 7.004797, 1.423717 1.102362 6.903395, 1.553150 1.102362 6.792008, 1.673898 1.102362 6.671261, 1.785284 1.102362 6.541827, 1.886687 1.102362 6.404432, 1.977538 1.102362 6.259843, 2.057330 1.102362 6.108868, 2.125617 1.102362 5.952354, 2.182017 1.102362 5.791173, 2.226213 1.102362 5.626229, 2.257960 1.102362 5.458443, 2.277080 1.102362 5.288754, 2.283465 1.496063 5.118110, 2.277080 1.496063 4.947467, 2.257960 1.496063 4.777778, 2.226213 1.496063 4.609992, 2.182017 1.496063 4.445047, 2.125617 1.496063 4.283867, 2.057330 1.496063 4.127352, 1.977538 1.496063 3.976378, 1.886687 1.496063 3.831789, 1.785284 1.496063 3.694393, 1.673898 1.496063 3.564960, 1.553150 1.496063 3.444212, 1.423717 1.496063 3.332826, 1.286321 1.496063 3.231423, 1.141732 1.496063 3.140572, 0.990758 1.496063 3.060780, 0.834243 1.496063 2.992493, 0.673063 1.496063 2.936094, 0.508119 1.496063 2.891897, 0.340333 1.496063 2.860150, 0.170644 1.496063 2.841031, -0.000000 1.496063 2.834646, -0.170644 1.496063 2.841031, -0.340333 1.496063 2.860150, -0.508119 1.496063 2.891897, -0.673063 1.496063 2.936094, -0.834243 1.496063 2.992493, -0.990758 1.496063 3.060780, -1.141732 1.496063 3.140572, -1.286321 1.496063 3.231423, -1.423717 1.496063 3.332826, -1.553150 1.496063 3.444212, -1.673898 1.496063 3.564960, -1.785284 1.496063 3.694393, -1.886687 1.496063 3.831789, -1.977538 1.496063 3.976378, -2.057330 1.496063 4.127352, -2.125617 1.496063 4.283867, -2.182017 1.496063 4.445047, -2.226213 1.496063 4.609992, -2.257960 1.496063 4.777778, -2.277080 1.496063 4.947467, -2.283465 1.496063 5.118110, -2.277080 1.496063 5.288754, -2.257960 1.496063 5.458443, -2.226213 1.496063 5.626229, -2.182017 1.496063 5.791173, -2.125617 1.496063 5.952354, -2.057330 1.496063 6.108868, -1.977538 1.496063 6.259843, -1.886687 1.496063 6.404432, -1.785284 1.496063 6.541827, -1.673898 1.496063 6.671261, -1.553150 1.496063 6.792008, -1.423717 1.496063 6.903395, -1.286321 1.496063 7.004797, -1.141732 1.496063 7.095649, -0.990758 1.496063 7.175441, -0.834243 1.496063 7.243727, -0.673063 1.496063 7.300127, -0.508119 1.496063 7.344324, -0.340333 1.496063 7.376070, -0.170644 1.496063 7.395190, -0.000000 1.496063 7.401575, 0.170644 1.496063 7.395190, 0.340333 1.496063 7.376070, 0.508119 1.496063 7.344324, 0.673063 1.496063 7.300127, 0.834243 1.496063 7.243727, 0.990758 1.496063 7.175441, 1.141732 1.496063 7.095649, 1.286321 1.496063 7.004797, 1.423717 1.496063 6.903395, 1.553150 1.496063 6.792008, 1.673898 1.496063 6.671261, 1.785284 1.496063 6.541827, 1.886687 1.496063 6.404432, 1.977538 1.496063 6.259843, 2.057330 1.496063 6.108868, 2.125617 1.496063 5.952354, 2.182017 1.496063 5.791173, 2.226213 1.496063 5.626229, 2.257960 1.496063 5.458443, 2.277080 1.496063 5.288754 ] } coordIndex [ 87 1 0 -1, 87 2 1 -1, 88 3 2 -1, 88 2 87 -1, 89 4 3 -1, 89 3 88 -1, 90 5 4 -1, 90 4 89 -1, 91 6 5 -1, 91 5 90 -1, 92 7 6 -1, 92 6 91 -1, 93 8 7 -1, 93 7 92 -1, 94 8 93 -1, 94 9 8 -1, 95 10 9 -1, 95 9 94 -1, 96 11 10 -1, 96 10 95 -1, 97 12 11 -1, 97 11 96 -1, 98 13 12 -1, 98 12 97 -1, 99 14 13 -1, 99 13 98 -1, 100 15 14 -1, 100 14 99 -1, 101 16 15 -1, 101 15 100 -1, 102 17 16 -1, 102 16 101 -1, 103 18 17 -1, 103 17 102 -1, 104 19 18 -1, 104 18 103 -1, 105 20 19 -1, 105 19 104 -1, 106 21 20 -1, 106 22 21 -1, 106 20 105 -1, 107 23 22 -1, 107 22 106 -1, 108 23 107 -1, 109 24 23 -1, 109 23 108 -1, 110 25 24 -1, 110 24 109 -1, 111 26 25 -1, 111 27 26 -1, 111 25 110 -1, 112 28 27 -1, 112 27 111 -1, 113 28 112 -1, 114 29 28 -1, 114 28 113 -1, 115 30 29 -1, 115 29 114 -1, 116 31 30 -1, 116 30 115 -1, 117 32 31 -1, 117 31 116 -1, 118 32 117 -1, 118 33 32 -1, 119 33 118 -1, 119 34 33 -1, 120 34 119 -1, 120 35 34 -1, 121 35 120 -1, 121 36 35 -1, 122 36 121 -1, 122 37 36 -1, 123 37 122 -1, 123 38 37 -1, 124 38 123 -1, 124 39 38 -1, 125 39 124 -1, 125 40 39 -1, 126 40 125 -1, 126 41 40 -1, 127 41 126 -1, 127 42 41 -1, 128 42 127 -1, 128 43 42 -1, 128 44 43 -1, 129 44 128 -1, 130 44 129 -1, 130 45 44 -1, 131 46 45 -1, 131 45 130 -1, 132 47 46 -1, 132 46 131 -1, 133 48 47 -1, 133 47 132 -1, 134 49 48 -1, 134 48 133 -1, 135 50 49 -1, 135 49 134 -1, 136 51 50 -1, 136 50 135 -1, 137 52 51 -1, 137 51 136 -1, 138 53 52 -1, 138 54 53 -1, 138 52 137 -1, 139 54 138 -1, 140 55 54 -1, 140 54 139 -1, 141 56 55 -1, 141 55 140 -1, 142 57 56 -1, 142 56 141 -1, 143 58 57 -1, 143 57 142 -1, 144 58 143 -1, 144 59 58 -1, 145 59 144 -1, 145 60 59 -1, 146 60 145 -1, 146 61 60 -1, 147 61 146 -1, 147 62 61 -1, 148 62 147 -1, 148 63 62 -1, 149 63 148 -1, 149 64 63 -1, 149 65 64 -1, 150 65 149 -1, 151 65 150 -1, 151 66 65 -1, 152 66 151 -1, 152 67 66 -1, 153 67 152 -1, 153 68 67 -1, 154 68 153 -1, 154 69 68 -1, 155 69 154 -1, 155 70 69 -1, 156 70 155 -1, 156 71 70 -1, 157 71 156 -1, 157 72 71 -1, 158 72 157 -1, 158 73 72 -1, 159 73 158 -1, 159 74 73 -1, 160 74 159 -1, 160 75 74 -1, 161 75 160 -1, 161 76 75 -1, 162 76 161 -1, 162 77 76 -1, 163 78 77 -1, 163 77 162 -1, 164 79 78 -1, 164 78 163 -1, 165 80 79 -1, 165 79 164 -1, 166 81 80 -1, 166 80 165 -1, 167 82 81 -1, 167 81 166 -1, 168 83 82 -1, 168 82 167 -1, 169 83 168 -1, 169 84 83 -1, 86 84 169 -1, 86 85 84 -1, 220 222 221 -1, 226 225 224 -1, 218 220 219 -1, 218 223 222 -1, 218 224 223 -1, 218 222 220 -1, 230 228 227 -1, 230 229 228 -1, 214 216 215 -1, 232 230 227 -1, 232 227 226 -1, 232 231 230 -1, 213 216 214 -1, 213 217 216 -1, 212 217 213 -1, 212 218 217 -1, 234 232 226 -1, 234 233 232 -1, 234 226 224 -1, 236 235 234 -1, 208 210 209 -1, 208 211 210 -1, 208 212 211 -1, 207 212 208 -1, 240 238 237 -1, 240 239 238 -1, 204 206 205 -1, 204 207 206 -1, 204 212 207 -1, 242 240 237 -1, 242 237 236 -1, 242 241 240 -1, 202 204 203 -1, 201 204 202 -1, 244 243 242 -1, 200 204 201 -1, 245 244 242 -1, 199 204 200 -1, 246 234 224 -1, 246 236 234 -1, 246 242 236 -1, 246 245 242 -1, 247 246 224 -1, 196 198 197 -1, 196 199 198 -1, 196 204 199 -1, 249 247 224 -1, 249 248 247 -1, 252 249 224 -1, 252 250 249 -1, 252 251 250 -1, 192 194 193 -1, 192 195 194 -1, 170 253 252 -1, 191 196 195 -1, 191 195 192 -1, 190 196 191 -1, 187 189 188 -1, 186 190 189 -1, 186 189 187 -1, 185 190 186 -1, 176 175 174 -1, 177 171 170 -1, 177 172 171 -1, 177 173 172 -1, 177 174 173 -1, 177 170 252 -1, 177 176 174 -1, 178 177 252 -1, 178 218 212 -1, 178 252 224 -1, 178 224 218 -1, 182 184 183 -1, 182 185 184 -1, 182 196 190 -1, 182 190 185 -1, 182 204 196 -1, 180 179 178 -1, 180 178 212 -1, 180 212 204 -1, 181 204 182 -1, 181 180 204 -1, 304 305 306 -1, 310 308 309 -1, 302 303 304 -1, 302 306 307 -1, 302 307 308 -1, 302 304 306 -1, 314 311 312 -1, 314 312 313 -1, 298 299 300 -1, 316 311 314 -1, 316 310 311 -1, 316 314 315 -1, 297 298 300 -1, 297 300 301 -1, 296 297 301 -1, 296 301 302 -1, 318 310 316 -1, 318 316 317 -1, 318 308 310 -1, 320 318 319 -1, 292 293 294 -1, 292 294 295 -1, 292 295 296 -1, 291 292 296 -1, 324 321 322 -1, 324 322 323 -1, 288 289 290 -1, 288 290 291 -1, 288 291 296 -1, 326 321 324 -1, 326 320 321 -1, 326 324 325 -1, 286 287 288 -1, 285 286 288 -1, 328 326 327 -1, 284 285 288 -1, 329 326 328 -1, 283 284 288 -1, 330 308 318 -1, 330 318 320 -1, 330 320 326 -1, 330 326 329 -1, 331 308 330 -1, 280 281 282 -1, 280 282 283 -1, 280 283 288 -1, 333 308 331 -1, 333 331 332 -1, 336 308 333 -1, 336 333 334 -1, 336 334 335 -1, 276 277 278 -1, 276 278 279 -1, 254 336 337 -1, 275 279 280 -1, 275 276 279 -1, 274 275 280 -1, 271 272 273 -1, 270 273 274 -1, 270 271 273 -1, 269 270 274 -1, 260 258 259 -1, 261 254 255 -1, 261 255 256 -1, 261 256 257 -1, 261 257 258 -1, 261 336 254 -1, 261 258 260 -1, 262 336 261 -1, 262 296 302 -1, 262 308 336 -1, 262 302 308 -1, 266 267 268 -1, 266 268 269 -1, 266 274 280 -1, 266 269 274 -1, 266 280 288 -1, 264 262 263 -1, 264 296 262 -1, 264 288 296 -1, 265 266 288 -1, 265 288 264 -1 ] } }
Shape { appearance Appearance { material Material { diffuseColor 0.64 0.66 0.69 specularColor .4 .4 .4 shininess .5 } } geometry IndexedFaceSet { solid FALSE coord Coordinate { point [ 1.251969 1.496063 5.118110, 1.251969 4.055118 5.118110, 1.248468 4.055118 5.024551, 1.237985 4.055118 4.931514, 1.220579 4.055118 4.839521, 1.196347 4.055118 4.749086, 1.165425 4.055118 4.660715, 1.127985 4.055118 4.574901, 1.084237 4.055118 4.492126, 1.034425 4.055118 4.412851, 0.978828 4.055118 4.337521, 0.917758 4.055118 4.266555, 0.851555 4.055118 4.200352, 0.780590 4.055118 4.139282, 0.705259 4.055118 4.083685, 0.625984 4.055118 4.033874, 0.543209 4.055118 3.990126, 0.457395 4.055118 3.952686, 0.369024 4.055118 3.921763, 0.278589 4.055118 3.897531, 0.186596 4.055118 3.880125, 0.093560 4.055118 3.869642, -0.000000 4.055118 3.866142, -0.093560 4.055118 3.869642, -0.186596 4.055118 3.880125, -0.278589 4.055118 3.897531, -0.369024 4.055118 3.921763, -0.457395 4.055118 3.952686, -0.543209 4.055118 3.990126, -0.625984 4.055118 4.033874, -0.705259 4.055118 4.083685, -0.780590 4.055118 4.139282, -0.851555 4.055118 4.200352, -0.917758 4.055118 4.266555, -0.978828 4.055118 4.337521, -1.034425 4.055118 4.412851, -1.084237 4.055118 4.492126, -1.127985 4.055118 4.574901, -1.165425 4.055118 4.660715, -1.196347 4.055118 4.749086, -1.220579 4.055118 4.839521, -1.237985 4.055118 4.931514, -1.248468 4.055118 5.024551, -1.251969 4.055118 5.118110, -1.248468 4.055118 5.211670, -1.237985 4.055118 5.304706, -1.220579 4.055118 5.396699, -1.196347 4.055118 5.487134, -1.165425 4.055118 5.575506, -1.127985 4.055118 5.661319, -1.084237 4.055118 5.744094, -1.034425 4.055118 5.823369, -0.978828 4.055118 5.898700, -0.917758 4.055118 5.969665, -0.851555 4.055118 6.035868, -0.780590 4.055118 6.096939, -0.705259 4.055118 6.152535, -0.625984 4.055118 6.202347, -0.543209 4.055118 6.246095, -0.457395 4.055118 6.283535, -0.369024 4.055118 6.314457, -0.278589 4.055118 6.338689, -0.186596 4.055118 6.356095, -0.093560 4.055118 6.366578, -0.000000 4.055118 6.370079, 0.093560 4.055118 6.366578, 0.186596 4.055118 6.356095, 0.278589 4.055118 6.338689, 0.369024 4.055118 6.314457, 0.457395 4.055118 6.283535, 0.543209 4.055118 6.246095, 0.625984 4.055118 6.202347, 0.705259 4.055118 6.152535, 0.780590 4.055118 6.096939, 0.851555 4.055118 6.035868, 0.917758 4.055118 5.969665, 0.978828 4.055118 5.898700, 1.034425 4.055118 5.823369, 1.084237 4.055118 5.744094, 1.127985 4.055118 5.661319, 1.165425 4.055118 5.575506, 1.196347 4.055118 5.487134, 1.220579 4.055118 5.396699, 1.237985 4.055118 5.304706, 1.248468 4.055118 5.211670, 1.251969 4.055118 5.118110, 1.251969 1.496063 5.118110, 1.248468 1.496063 5.024551, 1.237985 1.496063 4.931514, 1.220579 1.496063 4.839521, 1.196347 1.496063 4.749086, 1.165425 1.496063 4.660715, 1.127985 1.496063 4.574901, 1.084237 1.496063 4.492126, 1.034425 1.496063 4.412851, 0.978828 1.496063 4.337521, 0.917758 1.496063 4.266555, 0.851555 1.496063 4.200352, 0.780590 1.496063 4.139282, 0.705259 1.496063 4.083685, 0.625984 1.496063 4.033874, 0.543209 1.496063 3.990126, 0.457395 1.496063 3.952686, 0.369024 1.496063 3.921763, 0.278589 1.496063 3.897531, 0.186596 1.496063 3.880125, 0.093560 1.496063 3.869642, -0.000000 1.496063 3.866142, -0.093560 1.496063 3.869642, -0.186596 1.496063 3.880125, -0.278589 1.496063 3.897531, -0.369024 1.496063 3.921763, -0.457395 1.496063 3.952686, -0.543209 1.496063 3.990126, -0.625984 1.496063 4.033874, -0.705259 1.496063 4.083685, -0.780590 1.496063 4.139282, -0.851555 1.496063 4.200352, -0.917758 1.496063 4.266555, -0.978828 1.496063 4.337521, -1.034425 1.496063 4.412851, -1.084237 1.496063 4.492126, -1.127985 1.496063 4.574901, -1.165425 1.496063 4.660715, -1.196347 1.496063 4.749086, -1.220579 1.496063 4.839521, -1.237985 1.496063 4.931514, -1.248468 1.496063 5.024551, -1.251969 1.496063 5.118110, -1.248468 1.496063 5.211670, -1.237985 1.496063 5.304706, -1.220579 1.496063 5.396699, -1.196347 1.496063 5.487134, -1.165425 1.496063 5.575506, -1.127985 1.496063 5.661319, -1.084237 1.496063 5.744094, -1.034425 1.496063 5.823369, -0.978828 1.496063 5.898700, -0.917758 1.496063 5.969665, -0.851555 1.496063 6.035868, -0.780590 1.496063 6.096939, -0.705259 1.496063 6.152535, -0.625984 1.496063 6.202347, -0.543209 1.496063 6.246095, -0.457395 1.496063 6.283535, -0.369024 1.496063 6.314457, -0.278589 1.496063 6.338689, -0.186596 1.496063 6.356095, -0.093560 1.496063 6.366578, -0.000000 1.496063 6.370079, 0.093560 1.496063 6.366578, 0.186596 1.496063 6.356095, 0.278589 1.496063 6.338689, 0.369024 1.496063 6.314457, 0.457395 1.496063 6.283535, 0.543209 1.496063 6.246095, 0.625984 1.496063 6.202347, 0.705259 1.496063 6.152535, 0.780590 1.496063 6.096939, 0.851555 1.496063 6.035868, 0.917758 1.496063 5.969665, 0.978828 1.496063 5.898700, 1.034425 1.496063 5.823369, 1.084237 1.496063 5.744094, 1.127985 1.496063 5.661319, 1.165425 1.496063 5.575506, 1.196347 1.496063 5.487134, 1.220579 1.496063 5.396699, 1.237985 1.496063 5.304706, 1.248468 1.496063 5.211670, 1.251969 1.496063 5.118110, 1.248468 1.496063 5.024551, 1.237985 1.496063 4.931514, 1.220579 1.496063 4.839521, 1.196347 1.496063 4.749086, 1.165425 1.496063 4.660715, 1.127985 1.496063 4.574901, 1.084237 1.496063 4.492126, 1.034425 1.496063 4.412851, 0.978828 1.496063 4.337521, 0.917758 1.496063 4.266555, 0.851555 1.496063 4.200352, 0.780590 1.496063 4.139282, 0.705259 1.496063 4.083685, 0.625984 1.496063 4.033874, 0.543209 1.496063 3.990126, 0.457395 1.496063 3.952686, 0.369024 1.496063 3.921763, 0.278589 1.496063 3.897531, 0.186596 1.496063 3.880125, 0.093560 1.496063 3.869642, -0.000000 1.496063 3.866142, -0.093560 1.496063 3.869642, -0.186596 1.496063 3.880125, -0.278589 1.496063 3.897531, -0.369024 1.496063 3.921763, -0.457395 1.496063 3.952686, -0.543209 1.496063 3.990126, -0.625984 1.496063 4.033874, -0.705259 1.496063 4.083685, -0.780590 1.496063 4.139282, -0.851555 1.496063 4.200352, -0.917758 1.496063 4.266555, -0.978828 1.496063 4.337521, -1.034425 1.496063 4.412851, -1.084237 1.496063 4.492126, -1.127985 1.496063 4.574901, -1.165425 1.496063 4.660715, -1.196347 1.496063 4.749086, -1.220579 1.496063 4.839521, -1.237985 1.496063 4.931514, -1.248468 1.496063 5.024551, -1.251969 1.496063 5.118110, -1.248468 1.496063 5.211670, -1.237985 1.496063 5.304706, -1.220579 1.496063 5.396699, -1.196347 1.496063 5.487134, -1.165425 1.496063 5.575506, -1.127985 1.496063 5.661319, -1.084237 1.496063 5.744094, -1.034425 1.496063 5.823369, -0.978828 1.496063 5.898700, -0.917758 1.496063 5.969665, -0.851555 1.496063 6.035868, -0.780590 1.496063 6.096939, -0.705259 1.496063 6.152535, -0.625984 1.496063 6.202347, -0.543209 1.496063 6.246095, -0.457395 1.496063 6.283535, -0.369024 1.496063 6.314457, -0.278589 1.496063 6.338689, -0.186596 1.496063 6.356095, -0.093560 1.496063 6.366578, -0.000000 1.496063 6.370079, 0.093560 1.496063 6.366578, 0.186596 1.496063 6.356095, 0.278589 1.496063 6.338689, 0.369024 1.496063 6.314457, 0.457395 1.496063 6.283535, 0.543209 1.496063 6.246095, 0.625984 1.496063 6.202347, 0.705259 1.496063 6.152535, 0.780590 1.496063 6.096939, 0.851555 1.496063 6.035868, 0.917758 1.496063 5.969665, 0.978828 1.496063 5.898700, 1.034425 1.496063 5.823369, 1.084237 1.496063 5.744094, 1.127985 1.496063 5.661319, 1.165425 1.496063 5.575506, 1.196347 1.496063 5.487134, 1.220579 1.496063 5.396699, 1.237985 1.496063 5.304706, 1.248468 1.496063 5.211670, 1.251969 4.055118 5.118110, 1.248468 4.055118 5.024551, 1.237985 4.055118 4.931514, 1.220579 4.055118 4.839521, 1.196347 4.055118 4.749086, 1.165425 4.055118 4.660715, 1.127985 4.055118 4.574901, 1.084237 4.055118 4.492126, 1.034425 4.055118 4.412851, 0.978828 4.055118 4.337521, 0.917758 4.055118 4.266555, 0.851555 4.055118 4.200352, 0.780590 4.055118 4.139282, 0.705259 4.055118 4.083685, 0.625984 4.055118 4.033874, 0.543209 4.055118 3.990126, 0.457395 4.055118 3.952686, 0.369024 4.055118 3.921763, 0.278589 4.055118 3.897531, 0.186596 4.055118 3.880125, 0.093560 4.055118 3.869642, -0.000000 4.055118 3.866142, -0.093560 4.055118 3.869642, -0.186596 4.055118 3.880125, -0.278589 4.055118 3.897531, -0.369024 4.055118 3.921763, -0.457395 4.055118 3.952686, -0.543209 4.055118 3.990126, -0.625984 4.055118 4.033874, -0.705259 4.055118 4.083685, -0.780590 4.055118 4.139282, -0.851555 4.055118 4.200352, -0.917758 4.055118 4.266555, -0.978828 4.055118 4.337521, -1.034425 4.055118 4.412851, -1.084237 4.055118 4.492126, -1.127985 4.055118 4.574901, -1.165425 4.055118 4.660715, -1.196347 4.055118 4.749086, -1.220579 4.055118 4.839521, -1.237985 4.055118 4.931514, -1.248468 4.055118 5.024551, -1.251969 4.055118 5.118110, -1.248468 4.055118 5.211670, -1.237985 4.055118 5.304706, -1.220579 4.055118 5.396699, -1.196347 4.055118 5.487134, -1.165425 4.055118 5.575506, -1.127985 4.055118 5.661319, -1.084237 4.055118 5.744094, -1.034425 4.055118 5.823369, -0.978828 4.055118 5.898700, -0.917758 4.055118 5.969665, -0.851555 4.055118 6.035868, -0.780590 4.055118 6.096939, -0.705259 4.055118 6.152535, -0.625984 4.055118 6.202347, -0.543209 4.055118 6.246095, -0.457395 4.055118 6.283535, -0.369024 4.055118 6.314457, -0.278589 4.055118 6.338689, -0.186596 4.055118 6.356095, -0.093560 4.055118 6.366578, -0.000000 4.055118 6.370079, 0.093560 4.055118 6.366578, 0.186596 4.055118 6.356095, 0.278589 4.055118 6.338689, 0.369024 4.055118 6.314457, 0.457395 4.055118 6.283535, 0.543209 4.055118 6.246095, 0.625984 4.055118 6.202347, 0.705259 4.055118 6.152535, 0.780590 4.055118 6.096939, 0.851555 4.055118 6.035868, 0.917758 4.055118 5.969665, 0.978828 4.055118 5.898700, 1.034425 4.055118 5.823369, 1.084237 4.055118 5.744094, 1.127985 4.055118 5.661319, 1.165425 4.055118 5.575506, 1.196347 4.055118 5.487134, 1.220579 4.055118 5.396699, 1.237985 4.055118 5.304706, 1.248468 4.055118 5.211670 ] } coordIndex [ 87 1 0 -1, 87 2 1 -1, 87 3 2 -1, 88 3 87 -1, 89 4 3 -1, 89 3 88 -1, 90 5 4 -1, 90 6 5 -1, 90 4 89 -1, 91 6 90 -1, 92 7 6 -1, 92 6 91 -1, 93 8 7 -1, 93 7 92 -1, 94 8 93 -1, 94 9 8 -1, 94 10 9 -1, 95 10 94 -1, 96 11 10 -1, 96 10 95 -1, 97 12 11 -1, 97 11 96 -1, 98 13 12 -1, 98 14 13 -1, 98 12 97 -1, 99 14 98 -1, 100 15 14 -1, 100 14 99 -1, 101 16 15 -1, 101 15 100 -1, 102 17 16 -1, 102 18 17 -1, 102 16 101 -1, 103 18 102 -1, 104 19 18 -1, 104 18 103 -1, 105 20 19 -1, 105 19 104 -1, 106 21 20 -1, 106 20 105 -1, 107 22 21 -1, 107 23 22 -1, 107 21 106 -1, 108 23 107 -1, 109 24 23 -1, 109 23 108 -1, 110 25 24 -1, 110 24 109 -1, 111 26 25 -1, 111 25 110 -1, 112 27 26 -1, 112 26 111 -1, 113 28 27 -1, 113 27 112 -1, 114 29 28 -1, 114 28 113 -1, 115 30 29 -1, 115 31 30 -1, 115 29 114 -1, 116 31 115 -1, 117 32 31 -1, 117 31 116 -1, 118 32 117 -1, 118 33 32 -1, 119 33 118 -1, 119 34 33 -1, 120 34 119 -1, 120 35 34 -1, 121 35 120 -1, 121 36 35 -1, 122 36 121 -1, 122 37 36 -1, 123 37 122 -1, 123 38 37 -1, 124 38 123 -1, 124 39 38 -1, 125 39 124 -1, 125 40 39 -1, 126 40 125 -1, 126 41 40 -1, 127 41 126 -1, 127 42 41 -1, 128 42 127 -1, 128 43 42 -1, 129 44 43 -1, 129 43 128 -1, 130 44 129 -1, 130 45 44 -1, 131 46 45 -1, 131 45 130 -1, 132 47 46 -1, 132 46 131 -1, 133 48 47 -1, 133 47 132 -1, 134 49 48 -1, 134 48 133 -1, 135 50 49 -1, 135 49 134 -1, 136 51 50 -1, 136 52 51 -1, 136 50 135 -1, 137 52 136 -1, 138 53 52 -1, 138 54 53 -1, 138 52 137 -1, 139 54 138 -1, 140 55 54 -1, 140 56 55 -1, 140 54 139 -1, 141 57 56 -1, 141 56 140 -1, 142 57 141 -1, 143 57 142 -1, 143 58 57 -1, 143 59 58 -1, 144 59 143 -1, 145 59 144 -1, 145 60 59 -1, 146 60 145 -1, 146 61 60 -1, 146 62 61 -1, 147 62 146 -1, 148 62 147 -1, 148 63 62 -1, 148 64 63 -1, 149 64 148 -1, 150 64 149 -1, 150 65 64 -1, 150 66 65 -1, 151 66 150 -1, 152 66 151 -1, 152 67 66 -1, 153 67 152 -1, 153 68 67 -1, 153 69 68 -1, 154 69 153 -1, 155 69 154 -1, 155 70 69 -1, 156 70 155 -1, 156 71 70 -1, 156 72 71 -1, 157 72 156 -1, 158 72 157 -1, 158 73 72 -1, 158 74 73 -1, 159 74 158 -1, 160 74 159 -1, 160 75 74 -1, 161 75 160 -1, 161 76 75 -1, 161 77 76 -1, 162 77 161 -1, 163 77 162 -1, 163 78 77 -1, 163 79 78 -1, 164 79 163 -1, 165 80 79 -1, 165 79 164 -1, 166 81 80 -1, 166 82 81 -1, 166 80 165 -1, 167 82 166 -1, 168 83 82 -1, 168 82 167 -1, 169 83 168 -1, 169 84 83 -1, 86 84 169 -1, 86 85 84 -1, 227 224 223 -1, 227 225 224 -1, 227 226 225 -1, 218 220 219 -1, 217 220 218 -1, 217 221 220 -1, 217 222 221 -1, 217 223 222 -1, 215 217 216 -1, 231 229 228 -1, 231 230 229 -1, 213 215 214 -1, 233 232 231 -1, 211 213 212 -1, 235 234 233 -1, 237 236 235 -1, 240 237 235 -1, 240 238 237 -1, 240 239 238 -1, 204 213 211 -1, 204 206 205 -1, 204 207 206 -1, 204 208 207 -1, 204 209 208 -1, 204 210 209 -1, 204 211 210 -1, 241 233 231 -1, 241 235 233 -1, 241 240 235 -1, 201 203 202 -1, 244 231 228 -1, 244 241 231 -1, 244 228 227 -1, 244 242 241 -1, 244 243 242 -1, 199 201 200 -1, 199 204 203 -1, 199 203 201 -1, 247 246 245 -1, 197 223 217 -1, 197 217 215 -1, 197 215 213 -1, 197 199 198 -1, 197 204 199 -1, 197 213 204 -1, 197 227 223 -1, 250 247 245 -1, 250 248 247 -1, 250 249 248 -1, 194 196 195 -1, 194 197 196 -1, 252 251 250 -1, 252 250 245 -1, 191 193 192 -1, 170 253 252 -1, 171 252 245 -1, 171 170 252 -1, 172 171 245 -1, 172 245 244 -1, 188 190 189 -1, 188 191 190 -1, 188 194 193 -1, 188 193 191 -1, 188 197 194 -1, 174 173 172 -1, 174 172 244 -1, 185 187 186 -1, 185 188 187 -1, 176 175 174 -1, 184 188 185 -1, 177 174 244 -1, 177 176 174 -1, 182 184 183 -1, 182 188 184 -1, 181 178 177 -1, 181 179 178 -1, 181 180 179 -1, 181 197 188 -1, 181 177 244 -1, 181 227 197 -1, 181 188 182 -1, 181 244 227 -1, 311 307 308 -1, 311 308 309 -1, 311 309 310 -1, 302 303 304 -1, 301 302 304 -1, 301 304 305 -1, 301 305 306 -1, 301 306 307 -1, 299 300 301 -1, 315 312 313 -1, 315 313 314 -1, 297 298 299 -1, 317 315 316 -1, 295 296 297 -1, 319 317 318 -1, 321 319 320 -1, 324 319 321 -1, 324 321 322 -1, 324 322 323 -1, 288 295 297 -1, 288 289 290 -1, 288 290 291 -1, 288 291 292 -1, 288 292 293 -1, 288 293 294 -1, 288 294 295 -1, 325 315 317 -1, 325 317 319 -1, 325 319 324 -1, 285 286 287 -1, 328 312 315 -1, 328 315 325 -1, 328 311 312 -1, 328 325 326 -1, 328 326 327 -1, 283 284 285 -1, 283 287 288 -1, 283 285 287 -1, 331 329 330 -1, 281 301 307 -1, 281 299 301 -1, 281 297 299 -1, 281 282 283 -1, 281 283 288 -1, 281 288 297 -1, 281 307 311 -1, 334 329 331 -1, 334 331 332 -1, 334 332 333 -1, 278 279 280 -1, 278 280 281 -1, 336 334 335 -1, 336 329 334 -1, 275 276 277 -1, 254 336 337 -1, 255 329 336 -1, 255 336 254 -1, 256 329 255 -1, 256 328 329 -1, 272 273 274 -1, 272 274 275 -1, 272 277 278 -1, 272 275 277 -1, 272 278 281 -1, 258 256 257 -1, 258 328 256 -1, 269 270 271 -1, 269 271 272 -1, 260 258 259 -1, 268 269 272 -1, 261 328 258 -1, 261 258 260 -1, 266 267 268 -1, 266 268 272 -1, 265 261 262 -1, 265 262 263 -1, 265 263 264 -1, 265 272 281 -1, 265 328 261 -1, 265 281 311 -1, 265 266 272 -1, 265 311 328 -1 ] } }
Shape { appearance Appearance { material Material { diffuseColor 0.64 0.66 0.69 specularColor .4 .4 .4 shininess .5 } } geometry IndexedFaceSet { solid FALSE coord Coordinate { point [ 1.377953 1.614173 5.118110, 1.377953 1.724409 5.118110, 1.374100 1.724409 5.015136, 1.362562 1.724409 4.912737, 1.343405 1.724409 4.811487, 1.316734 1.724409 4.711952, 1.282700 1.724409 4.614688, 1.241493 1.724409 4.520239, 1.193342 1.724409 4.429134, 1.138518 1.724409 4.341882, 1.077327 1.724409 4.258971, 1.010111 1.724409 4.180864, 0.937246 1.724409 4.107999, 0.859139 1.724409 4.040783, 0.776228 1.724409 3.979592, 0.688976 1.724409 3.924768, 0.597871 1.724409 3.876618, 0.503423 1.724409 3.835410, 0.406159 1.724409 3.801376, 0.306623 1.724409 3.774706, 0.205373 1.724409 3.755548, 0.102975 1.724409 3.744011, -0.000000 1.724409 3.740157, -0.102975 1.724409 3.744011, -0.205373 1.724409 3.755548, -0.306623 1.724409 3.774706, -0.406159 1.724409 3.801376, -0.503423 1.724409 3.835410, -0.597871 1.724409 3.876618, -0.688976 1.724409 3.924768, -0.776228 1.724409 3.979592, -0.859139 1.724409 4.040783, -0.937246 1.724409 4.107999, -1.010111 1.724409 4.180864, -1.077327 1.724409 4.258971, -1.138518 1.724409 4.341882, -1.193342 1.724409 4.429134, -1.241493 1.724409 4.520239, -1.282700 1.724409 4.614688, -1.316734 1.724409 4.711952, -1.343405 1.724409 4.811487, -1.362562 1.724409 4.912737, -1.374100 1.724409 5.015136, -1.377953 1.724409 5.118110, -1.374100 1.724409 5.221085, -1.362562 1.724409 5.323483, -1.343405 1.724409 5.424734, -1.316734 1.724409 5.524269, -1.282700 1.724409 5.621533, -1.241493 1.724409 5.715982, -1.193342 1.724409 5.807087, -1.138518 1.724409 5.894339, -1.077327 1.724409 5.977250, -1.010111 1.724409 6.055356, -0.937246 1.724409 6.128221, -0.859139 1.724409 6.195437, -0.776228 1.724409 6.256628, -0.688976 1.724409 6.311452, -0.597871 1.724409 6.359603, -0.503423 1.724409 6.400810, -0.406159 1.724409 6.434844, -0.306623 1.724409 6.461515, -0.205373 1.724409 6.480672, -0.102975 1.724409 6.492210, -0.000000 1.724409 6.496063, 0.102975 1.724409 6.492210, 0.205373 1.724409 6.480672, 0.306623 1.724409 6.461515, 0.406159 1.724409 6.434844, 0.503423 1.724409 6.400810, 0.597871 1.724409 6.359603, 0.688976 1.724409 6.311452, 0.776228 1.724409 6.256628, 0.859139 1.724409 6.195437, 0.937246 1.724409 6.128221, 1.010111 1.724409 6.055356, 1.077327 1.724409 5.977250, 1.138518 1.724409 5.894339, 1.193342 1.724409 5.807087, 1.241493 1.724409 5.715982, 1.282700 1.724409 5.621533, 1.316734 1.724409 5.524269, 1.343405 1.724409 5.424734, 1.362562 1.724409 5.323483, 1.374100 1.724409 5.221085, 1.377953 1.724409 5.118110, 1.377953 1.614173 5.118110, 1.374100 1.614173 5.015136, 1.362562 1.614173 4.912737, 1.343405 1.614173 4.811487, 1.316734 1.614173 4.711952, 1.282700 1.614173 4.614688, 1.241493 1.614173 4.520239, 1.193342 1.614173 4.429134, 1.138518 1.614173 4.341882, 1.077327 1.614173 4.258971, 1.010111 1.614173 4.180864, 0.937246 1.614173 4.107999, 0.859139 1.614173 4.040783, 0.776228 1.614173 3.979592, 0.688976 1.614173 3.924768, 0.597871 1.614173 3.876618, 0.503423 1.614173 3.835410, 0.406159 1.614173 3.801376, 0.306623 1.614173 3.774706, 0.205373 1.614173 3.755548, 0.102975 1.614173 3.744011, -0.000000 1.614173 3.740157, -0.102975 1.614173 3.744011, -0.205373 1.614173 3.755548, -0.306623 1.614173 3.774706, -0.406159 1.614173 3.801376, -0.503423 1.614173 3.835410, -0.597871 1.614173 3.876618, -0.688976 1.614173 3.924768, -0.776228 1.614173 3.979592, -0.859139 1.614173 4.040783, -0.937246 1.614173 4.107999, -1.010111 1.614173 4.180864, -1.077327 1.614173 4.258971, -1.138518 1.614173 4.341882, -1.193342 1.614173 4.429134, -1.241493 1.614173 4.520239, -1.282700 1.614173 4.614688, -1.316734 1.614173 4.711952, -1.343405 1.614173 4.811487, -1.362562 1.614173 4.912737, -1.374100 1.614173 5.015136, -1.377953 1.614173 5.118110, -1.374100 1.614173 5.221085, -1.362562 1.614173 5.323483, -1.343405 1.614173 5.424734, -1.316734 1.614173 5.524269, -1.282700 1.614173 5.621533, -1.241493 1.614173 5.715982, -1.193342 1.614173 5.807087, -1.138518 1.614173 5.894339, -1.077327 1.614173 5.977250, -1.010111 1.614173 6.055356, -0.937246 1.614173 6.128221, -0.859139 1.614173 6.195437, -0.776228 1.614173 6.256628, -0.688976 1.614173 6.311452, -0.597871 1.614173 6.359603, -0.503423 1.614173 6.400810, -0.406159 1.614173 6.434844, -0.306623 1.614173 6.461515, -0.205373 1.614173 6.480672, -0.102975 1.614173 6.492210, -0.000000 1.614173 6.496063, 0.102975 1.614173 6.492210, 0.205373 1.614173 6.480672, 0.306623 1.614173 6.461515, 0.406159 1.614173 6.434844, 0.503423 1.614173 6.400810, 0.597871 1.614173 6.359603, 0.688976 1.614173 6.311452, 0.776228 1.614173 6.256628, 0.859139 1.614173 6.195437, 0.937246 1.614173 6.128221, 1.010111 1.614173 6.055356, 1.077327 1.614173 5.977250, 1.138518 1.614173 5.894339, 1.193342 1.614173 5.807087, 1.241493 1.614173 5.715982, 1.282700 1.614173 5.621533, 1.316734 1.614173 5.524269, 1.343405 1.614173 5.424734, 1.362562 1.614173 5.323483, 1.374100 1.614173 5.221085, 1.377953 1.614173 5.118110, 1.374100 1.614173 5.015136, 1.362562 1.614173 4.912737, 1.343405 1.614173 4.811487, 1.316734 1.614173 4.711952, 1.282700 1.614173 4.614688, 1.241493 1.614173 4.520239, 1.193342 1.614173 4.429134, 1.138518 1.614173 4.341882, 1.077327 1.614173 4.258971, 1.010111 1.614173 4.180864, 0.937246 1.614173 4.107999, 0.859139 1.614173 4.040783, 0.776228 1.614173 3.979592, 0.688976 1.614173 3.924768, 0.597871 1.614173 3.876618, 0.503423 1.614173 3.835410, 0.406159 1.614173 3.801376, 0.306623 1.614173 3.774706, 0.205373 1.614173 3.755548, 0.102975 1.614173 3.744011, -0.000000 1.614173 3.740157, -0.102975 1.614173 3.744011, -0.205373 1.614173 3.755548, -0.306623 1.614173 3.774706, -0.406159 1.614173 3.801376, -0.503423 1.614173 3.835410, -0.597871 1.614173 3.876618, -0.688976 1.614173 3.924768, -0.776228 1.614173 3.979592, -0.859139 1.614173 4.040783, -0.937246 1.614173 4.107999, -1.010111 1.614173 4.180864, -1.077327 1.614173 4.258971, -1.138518 1.614173 4.341882, -1.193342 1.614173 4.429134, -1.241493 1.614173 4.520239, -1.282700 1.614173 4.614688, -1.316734 1.614173 4.711952, -1.343405 1.614173 4.811487, -1.362562 1.614173 4.912737, -1.374100 1.614173 5.015136, -1.377953 1.614173 5.118110, -1.374100 1.614173 5.221085, -1.362562 1.614173 5.323483, -1.343405 1.614173 5.424734, -1.316734 1.614173 5.524269, -1.282700 1.614173 5.621533, -1.241493 1.614173 5.715982, -1.193342 1.614173 5.807087, -1.138518 1.614173 5.894339, -1.077327 1.614173 5.977250, -1.010111 1.614173 6.055356, -0.937246 1.614173 6.128221, -0.859139 1.614173 6.195437, -0.776228 1.614173 6.256628, -0.688976 1.614173 6.311452, -0.597871 1.614173 6.359603, -0.503423 1.614173 6.400810, -0.406159 1.614173 6.434844, -0.306623 1.614173 6.461515, -0.205373 1.614173 6.480672, -0.102975 1.614173 6.492210, -0.000000 1.614173 6.496063, 0.102975 1.614173 6.492210, 0.205373 1.614173 6.480672, 0.306623 1.614173 6.461515, 0.406159 1.614173 6.434844, 0.503423 1.614173 6.400810, 0.597871 1.614173 6.359603, 0.688976 1.614173 6.311452, 0.776228 1.614173 6.256628, 0.859139 1.614173 6.195437, 0.937246 1.614173 6.128221, 1.010111 1.614173 6.055356, 1.077327 1.614173 5.977250, 1.138518 1.614173 5.894339, 1.193342 1.614173 5.807087, 1.241493 1.614173 5.715982, 1.282700 1.614173 5.621533, 1.316734 1.614173 5.524269, 1.343405 1.614173 5.424734, 1.362562 1.614173 5.323483, 1.374100 1.614173 5.221085, 1.377953 1.724409 5.118110, 1.374100 1.724409 5.015136, 1.362562 1.724409 4.912737, 1.343405 1.724409 4.811487, 1.316734 1.724409 4.711952, 1.282700 1.724409 4.614688, 1.241493 1.724409 4.520239, 1.193342 1.724409 4.429134, 1.138518 1.724409 4.341882, 1.077327 1.724409 4.258971, 1.010111 1.724409 4.180864, 0.937246 1.724409 4.107999, 0.859139 1.724409 4.040783, 0.776228 1.724409 3.979592, 0.688976 1.724409 3.924768, 0.597871 1.724409 3.876618, 0.503423 1.724409 3.835410, 0.406159 1.724409 3.801376, 0.306623 1.724409 3.774706, 0.205373 1.724409 3.755548, 0.102975 1.724409 3.744011, -0.000000 1.724409 3.740157, -0.102975 1.724409 3.744011, -0.205373 1.724409 3.755548, -0.306623 1.724409 3.774706, -0.406159 1.724409 3.801376, -0.503423 1.724409 3.835410, -0.597871 1.724409 3.876618, -0.688976 1.724409 3.924768, -0.776228 1.724409 3.979592, -0.859139 1.724409 4.040783, -0.937246 1.724409 4.107999, -1.010111 1.724409 4.180864, -1.077327 1.724409 4.258971, -1.138518 1.724409 4.341882, -1.193342 1.724409 4.429134, -1.241493 1.724409 4.520239, -1.282700 1.724409 4.614688, -1.316734 1.724409 4.711952, -1.343405 1.724409 4.811487, -1.362562 1.724409 4.912737, -1.374100 1.724409 5.015136, -1.377953 1.724409 5.118110, -1.374100 1.724409 5.221085, -1.362562 1.724409 5.323483, -1.343405 1.724409 5.424734, -1.316734 1.724409 5.524269, -1.282700 1.724409 5.621533, -1.241493 1.724409 5.715982, -1.193342 1.724409 5.807087, -1.138518 1.724409 5.894339, -1.077327 1.724409 5.977250, -1.010111 1.724409 6.055356, -0.937246 1.724409 6.128221, -0.859139 1.724409 6.195437, -0.776228 1.724409 6.256628, -0.688976 1.724409 6.311452, -0.597871 1.724409 6.359603, -0.503423 1.724409 6.400810, -0.406159 1.724409 6.434844, -0.306623 1.724409 6.461515, -0.205373 1.724409 6.480672, -0.102975 1.724409 6.492210, -0.000000 1.724409 6.496063, 0.102975 1.724409 6.492210, 0.205373 1.724409 6.480672, 0.306623 1.724409 6.461515, 0.406159 1.724409 6.434844, 0.503423 1.724409 6.400810, 0.597871 1.724409 6.359603, 0.688976 1.724409 6.311452, 0.776228 1.724409 6.256628, 0.859139 1.724409 6.195437, 0.937246 1.724409 6.128221, 1.010111 1.724409 6.055356, 1.077327 1.724409 5.977250, 1.138518 1.724409 5.894339, 1.193342 1.724409 5.807087, 1.241493 1.724409 5.715982, 1.282700 1.724409 5.621533, 1.316734 1.724409 5.524269, 1.343405 1.724409 5.424734, 1.362562 1.724409 5.323483, 1.374100 1.724409 5.221085 ] } coordIndex [ 87 1 0 -1, 87 2 1 -1, 88 3 2 -1, 88 2 87 -1, 89 4 3 -1, 89 3 88 -1, 90 5 4 -1, 90 4 89 -1, 91 6 5 -1, 91 5 90 -1, 92 7 6 -1, 92 6 91 -1, 93 8 7 -1, 93 7 92 -1, 94 8 93 -1, 94 9 8 -1, 95 10 9 -1, 95 9 94 -1, 96 11 10 -1, 96 10 95 -1, 96 12 11 -1, 97 12 96 -1, 98 13 12 -1, 98 12 97 -1, 99 14 13 -1, 99 15 14 -1, 99 13 98 -1, 100 15 99 -1, 101 16 15 -1, 101 17 16 -1, 101 15 100 -1, 102 17 101 -1, 103 18 17 -1, 103 17 102 -1, 104 19 18 -1, 104 18 103 -1, 105 20 19 -1, 105 19 104 -1, 106 21 20 -1, 106 20 105 -1, 107 22 21 -1, 107 21 106 -1, 108 23 22 -1, 108 22 107 -1, 109 24 23 -1, 109 25 24 -1, 109 23 108 -1, 110 25 109 -1, 111 26 25 -1, 111 25 110 -1, 112 27 26 -1, 112 26 111 -1, 113 28 27 -1, 113 29 28 -1, 113 27 112 -1, 114 29 113 -1, 115 30 29 -1, 115 31 30 -1, 115 29 114 -1, 116 31 115 -1, 117 32 31 -1, 117 33 32 -1, 117 31 116 -1, 118 33 117 -1, 119 33 118 -1, 119 34 33 -1, 120 34 119 -1, 120 35 34 -1, 121 35 120 -1, 121 36 35 -1, 122 36 121 -1, 122 37 36 -1, 123 37 122 -1, 123 38 37 -1, 124 38 123 -1, 124 39 38 -1, 125 39 124 -1, 125 40 39 -1, 125 41 40 -1, 126 41 125 -1, 126 42 41 -1, 127 42 126 -1, 128 42 127 -1, 128 43 42 -1, 128 44 43 -1, 129 45 44 -1, 129 44 128 -1, 130 45 129 -1, 131 46 45 -1, 131 45 130 -1, 132 47 46 -1, 132 46 131 -1, 133 48 47 -1, 133 49 48 -1, 133 47 132 -1, 134 49 133 -1, 135 50 49 -1, 135 49 134 -1, 136 51 50 -1, 136 52 51 -1, 136 50 135 -1, 137 52 136 -1, 138 53 52 -1, 138 52 137 -1, 139 54 53 -1, 139 53 138 -1, 140 55 54 -1, 140 54 139 -1, 141 56 55 -1, 141 55 140 -1, 142 57 56 -1, 142 56 141 -1, 143 58 57 -1, 143 57 142 -1, 144 58 143 -1, 144 59 58 -1, 145 59 144 -1, 145 60 59 -1, 145 61 60 -1, 146 61 145 -1, 147 61 146 -1, 147 62 61 -1, 148 62 147 -1, 148 63 62 -1, 149 63 148 -1, 149 64 63 -1, 150 64 149 -1, 150 65 64 -1, 151 65 150 -1, 151 66 65 -1, 152 66 151 -1, 152 67 66 -1, 153 67 152 -1, 153 68 67 -1, 154 68 153 -1, 154 69 68 -1, 155 69 154 -1, 155 70 69 -1, 156 70 155 -1, 156 71 70 -1, 157 71 156 -1, 157 72 71 -1, 158 72 157 -1, 158 73 72 -1, 159 73 158 -1, 159 74 73 -1, 160 74 159 -1, 160 75 74 -1, 161 75 160 -1, 161 76 75 -1, 162 76 161 -1, 162 77 76 -1, 163 78 77 -1, 163 77 162 -1, 164 79 78 -1, 164 78 163 -1, 165 80 79 -1, 165 79 164 -1, 166 81 80 -1, 166 80 165 -1, 167 82 81 -1, 167 81 166 -1, 168 83 82 -1, 168 82 167 -1, 169 83 168 -1, 169 84 83 -1, 169 85 84 -1, 86 85 169 -1, 219 221 220 -1, 219 222 221 -1, 219 223 222 -1, 219 224 223 -1, 219 225 224 -1, 227 226 225 -1, 217 225 219 -1, 217 219 218 -1, 229 228 227 -1, 214 216 215 -1, 214 217 216 -1, 213 217 214 -1, 234 229 227 -1, 234 230 229 -1, 234 231 230 -1, 234 232 231 -1, 234 233 232 -1, 211 213 212 -1, 236 235 234 -1, 237 236 234 -1, 207 209 208 -1, 206 210 209 -1, 206 211 210 -1, 206 209 207 -1, 240 239 238 -1, 204 206 205 -1, 241 240 238 -1, 241 238 237 -1, 201 211 206 -1, 201 203 202 -1, 201 204 203 -1, 201 206 204 -1, 244 241 237 -1, 244 242 241 -1, 244 243 242 -1, 199 201 200 -1, 246 237 234 -1, 246 244 237 -1, 246 245 244 -1, 197 199 198 -1, 197 201 199 -1, 249 247 246 -1, 249 248 247 -1, 194 196 195 -1, 193 225 217 -1, 193 217 213 -1, 193 213 211 -1, 193 197 196 -1, 193 211 201 -1, 193 201 197 -1, 193 196 194 -1, 193 227 225 -1, 191 193 192 -1, 170 253 252 -1, 172 171 170 -1, 172 170 252 -1, 172 251 250 -1, 172 252 251 -1, 188 190 189 -1, 188 191 190 -1, 187 191 188 -1, 174 173 172 -1, 174 172 250 -1, 177 175 174 -1, 177 176 175 -1, 177 174 250 -1, 177 250 249 -1, 184 186 185 -1, 184 187 186 -1, 183 193 191 -1, 183 234 227 -1, 183 191 187 -1, 183 187 184 -1, 183 246 234 -1, 183 227 193 -1, 180 178 177 -1, 180 179 178 -1, 180 177 249 -1, 180 246 183 -1, 180 249 246 -1, 181 183 182 -1, 181 180 183 -1, 303 304 305 -1, 303 305 306 -1, 303 306 307 -1, 303 307 308 -1, 303 308 309 -1, 311 309 310 -1, 301 303 309 -1, 301 302 303 -1, 313 311 312 -1, 298 299 300 -1, 298 300 301 -1, 297 298 301 -1, 318 311 313 -1, 318 313 314 -1, 318 314 315 -1, 318 315 316 -1, 318 316 317 -1, 295 296 297 -1, 320 318 319 -1, 321 318 320 -1, 291 292 293 -1, 290 293 294 -1, 290 294 295 -1, 290 291 293 -1, 324 322 323 -1, 288 289 290 -1, 325 322 324 -1, 325 321 322 -1, 285 290 295 -1, 285 286 287 -1, 285 287 288 -1, 285 288 290 -1, 328 321 325 -1, 328 325 326 -1, 328 326 327 -1, 283 284 285 -1, 330 318 321 -1, 330 321 328 -1, 330 328 329 -1, 281 282 283 -1, 281 283 285 -1, 333 330 331 -1, 333 331 332 -1, 278 279 280 -1, 277 301 309 -1, 277 297 301 -1, 277 295 297 -1, 277 280 281 -1, 277 285 295 -1, 277 281 285 -1, 277 278 280 -1, 277 309 311 -1, 275 276 277 -1, 254 336 337 -1, 256 254 255 -1, 256 336 254 -1, 256 334 335 -1, 256 335 336 -1, 272 273 274 -1, 272 274 275 -1, 271 272 275 -1, 258 256 257 -1, 258 334 256 -1, 261 258 259 -1, 261 259 260 -1, 261 334 258 -1, 261 333 334 -1, 268 269 270 -1, 268 270 271 -1, 267 275 277 -1, 267 311 318 -1, 267 271 275 -1, 267 268 271 -1, 267 318 330 -1, 267 277 311 -1, 264 261 262 -1, 264 262 263 -1, 264 333 261 -1, 264 267 330 -1, 264 330 333 -1, 265 266 267 -1, 265 267 264 -1 ] } }
Shape { appearance Appearance { material Material { diffuseColor 0.64 0.66 0.69 specularColor .4 .4 .4 shininess .5 } } geometry IndexedFaceSet { solid FALSE coord Coordinate { point [ 1.377953 1.909449 5.118110, 1.377953 2.019685 5.118110, 1.374100 2.019685 5.015136, 1.362562 2.019685 4.912737, 1.343405 2.019685 4.811487, 1.316734 2.019685 4.711952, 1.282700 2.019685 4.614688, 1.241493 2.019685 4.520239, 1.193342 2.019685 4.429134, 1.138518 2.019685 4.341882, 1.077327 2.019685 4.258971, 1.010111 2.019685 4.180864, 0.937246 2.019685 4.107999, 0.859139 2.019685 4.040783, 0.776228 2.019685 3.979592, 0.688976 2.019685 3.924768, 0.597871 2.019685 3.876618, 0.503423 2.019685 3.835410, 0.406159 2.019685 3.801376, 0.306623 2.019685 3.774706, 0.205373 2.019685 3.755548, 0.102975 2.019685 3.744011, -0.000000 2.019685 3.740157, -0.102975 2.019685 3.744011, -0.205373 2.019685 3.755548, -0.306623 2.019685 3.774706, -0.406159 2.019685 3.801376, -0.503423 2.019685 3.835410, -0.597871 2.019685 3.876618, -0.688976 2.019685 3.924768, -0.776228 2.019685 3.979592, -0.859139 2.019685 4.040783, -0.937246 2.019685 4.107999, -1.010111 2.019685 4.180864, -1.077327 2.019685 4.258971, -1.138518 2.019685 4.341882, -1.193342 2.019685 4.429134, -1.241493 2.019685 4.520239, -1.282700 2.019685 4.614688, -1.316734 2.019685 4.711952, -1.343405 2.019685 4.811487, -1.362562 2.019685 4.912737, -1.374100 2.019685 5.015136, -1.377953 2.019685 5.118110, -1.374100 2.019685 5.221085, -1.362562 2.019685 5.323483, -1.343405 2.019685 5.424734, -1.316734 2.019685 5.524269, -1.282700 2.019685 5.621533, -1.241493 2.019685 5.715982, -1.193342 2.019685 5.807087, -1.138518 2.019685 5.894339, -1.077327 2.019685 5.977250, -1.010111 2.019685 6.055356, -0.937246 2.019685 6.128221, -0.859139 2.019685 6.195437, -0.776228 2.019685 6.256628, -0.688976 2.019685 6.311452, -0.597871 2.019685 6.359603, -0.503423 2.019685 6.400810, -0.406159 2.019685 6.434844, -0.306623 2.019685 6.461515, -0.205373 2.019685 6.480672, -0.102975 2.019685 6.492210, -0.000000 2.019685 6.496063, 0.102975 2.019685 6.492210, 0.205373 2.019685 6.480672, 0.306623 2.019685 6.461515, 0.406159 2.019685 6.434844, 0.503423 2.019685 6.400810, 0.597871 2.019685 6.359603, 0.688976 2.019685 6.311452, 0.776228 2.019685 6.256628, 0.859139 2.019685 6.195437, 0.937246 2.019685 6.128221, 1.010111 2.019685 6.055356, 1.077327 2.019685 5.977250, 1.138518 2.019685 5.894339, 1.193342 2.019685 5.807087, 1.241493 2.019685 5.715982, 1.282700 2.019685 5.621533, 1.316734 2.019685 5.524269, 1.343405 2.019685 5.424734, 1.362562 2.019685 5.323483, 1.374100 2.019685 5.221085, 1.377953 2.019685 5.118110, 1.377953 1.909449 5.118110, 1.374100 1.909449 5.015136, 1.362562 1.909449 4.912737, 1.343405 1.909449 4.811487, 1.316734 1.909449 4.711952, 1.282700 1.909449 4.614688, 1.241493 1.909449 4.520239, 1.193342 1.909449 4.429134, 1.138518 1.909449 4.341882, 1.077327 1.909449 4.258971, 1.010111 1.909449 4.180864, 0.937246 1.909449 4.107999, 0.859139 1.909449 4.040783, 0.776228 1.909449 3.979592, 0.688976 1.909449 3.924768, 0.597871 1.909449 3.876618, 0.503423 1.909449 3.835410, 0.406159 1.909449 3.801376, 0.306623 1.909449 3.774706, 0.205373 1.909449 3.755548, 0.102975 1.909449 3.744011, -0.000000 1.909449 3.740157, -0.102975 1.909449 3.744011, -0.205373 1.909449 3.755548, -0.306623 1.909449 3.774706, -0.406159 1.909449 3.801376, -0.503423 1.909449 3.835410, -0.597871 1.909449 3.876618, -0.688976 1.909449 3.924768, -0.776228 1.909449 3.979592, -0.859139 1.909449 4.040783, -0.937246 1.909449 4.107999, -1.010111 1.909449 4.180864, -1.077327 1.909449 4.258971, -1.138518 1.909449 4.341882, -1.193342 1.909449 4.429134, -1.241493 1.909449 4.520239, -1.282700 1.909449 4.614688, -1.316734 1.909449 4.711952, -1.343405 1.909449 4.811487, -1.362562 1.909449 4.912737, -1.374100 1.909449 5.015136, -1.377953 1.909449 5.118110, -1.374100 1.909449 5.221085, -1.362562 1.909449 5.323483, -1.343405 1.909449 5.424734, -1.316734 1.909449 5.524269, -1.282700 1.909449 5.621533, -1.241493 1.909449 5.715982, -1.193342 1.909449 5.807087, -1.138518 1.909449 5.894339, -1.077327 1.909449 5.977250, -1.010111 1.909449 6.055356, -0.937246 1.909449 6.128221, -0.859139 1.909449 6.195437, -0.776228 1.909449 6.256628, -0.688976 1.909449 6.311452, -0.597871 1.909449 6.359603, -0.503423 1.909449 6.400810, -0.406159 1.909449 6.434844, -0.306623 1.909449 6.461515, -0.205373 1.909449 6.480672, -0.102975 1.909449 6.492210, -0.000000 1.909449 6.496063, 0.102975 1.909449 6.492210, 0.205373 1.909449 6.480672, 0.306623 1.909449 6.461515, 0.406159 1.909449 6.434844, 0.503423 1.909449 6.400810, 0.597871 1.909449 6.359603, 0.688976 1.909449 6.311452, 0.776228 1.909449 6.256628, 0.859139 1.909449 6.195437, 0.937246 1.909449 6.128221, 1.010111 1.909449 6.055356, 1.077327 1.909449 5.977250, 1.138518 1.909449 5.894339, 1.193342 1.909449 5.807087, 1.241493 1.909449 5.715982, 1.282700 1.909449 5.621533, 1.316734 1.909449 5.524269, 1.343405 1.909449 5.424734, 1.362562 1.909449 5.323483, 1.374100 1.909449 5.221085, 1.377953 1.909449 5.118110, 1.374100 1.909449 5.015136, 1.362562 1.909449 4.912737, 1.343405 1.909449 4.811487, 1.316734 1.909449 4.711952, 1.282700 1.909449 4.614688, 1.241493 1.909449 4.520239, 1.193342 1.909449 4.429134, 1.138518 1.909449 4.341882, 1.077327 1.909449 4.258971, 1.010111 1.909449 4.180864, 0.937246 1.909449 4.107999, 0.859139 1.909449 4.040783, 0.776228 1.909449 3.979592, 0.688976 1.909449 3.924768, 0.597871 1.909449 3.876618, 0.503423 1.909449 3.835410, 0.406159 1.909449 3.801376, 0.306623 1.909449 3.774706, 0.205373 1.909449 3.755548, 0.102975 1.909449 3.744011, -0.000000 1.909449 3.740157, -0.102975 1.909449 3.744011, -0.205373 1.909449 3.755548, -0.306623 1.909449 3.774706, -0.406159 1.909449 3.801376, -0.503423 1.909449 3.835410, -0.597871 1.909449 3.876618, -0.688976 1.909449 3.924768, -0.776228 1.909449 3.979592, -0.859139 1.909449 4.040783, -0.937246 1.909449 4.107999, -1.010111 1.909449 4.180864, -1.077327 1.909449 4.258971, -1.138518 1.909449 4.341882, -1.193342 1.909449 4.429134, -1.241493 1.909449 4.520239, -1.282700 1.909449 4.614688, -1.316734 1.909449 4.711952, -1.343405 1.909449 4.811487, -1.362562 1.909449 4.912737, -1.374100 1.909449 5.015136, -1.377953 1.909449 5.118110, -1.374100 1.909449 5.221085, -1.362562 1.909449 5.323483, -1.343405 1.909449 5.424734, -1.316734 1.909449 5.524269, -1.282700 1.909449 5.621533, -1.241493 1.909449 5.715982, -1.193342 1.909449 5.807087, -1.138518 1.909449 5.894339, -1.077327 1.909449 5.977250, -1.010111 1.909449 6.055356, -0.937246 1.909449 6.128221, -0.859139 1.909449 6.195437, -0.776228 1.909449 6.256628, -0.688976 1.909449 6.311452, -0.597871 1.909449 6.359603, -0.503423 1.909449 6.400810, -0.406159 1.909449 6.434844, -0.306623 1.909449 6.461515, -0.205373 1.909449 6.480672, -0.102975 1.909449 6.492210, -0.000000 1.909449 6.496063, 0.102975 1.909449 6.492210, 0.205373 1.909449 6.480672, 0.306623 1.909449 6.461515, 0.406159 1.909449 6.434844, 0.503423 1.909449 6.400810, 0.597871 1.909449 6.359603, 0.688976 1.909449 6.311452, 0.776228 1.909449 6.256628, 0.859139 1.909449 6.195437, 0.937246 1.909449 6.128221, 1.010111 1.909449 6.055356, 1.077327 1.909449 5.977250, 1.138518 1.909449 5.894339, 1.193342 1.909449 5.807087, 1.241493 1.909449 5.715982, 1.282700 1.909449 5.621533, 1.316734 1.909449 5.524269, 1.343405 1.909449 5.424734, 1.362562 1.909449 5.323483, 1.374100 1.909449 5.221085, 1.377953 2.019685 5.118110, 1.374100 2.019685 5.015136, 1.362562 2.019685 4.912737, 1.343405 2.019685 4.811487, 1.316734 2.019685 4.711952, 1.282700 2.019685 4.614688, 1.241493 2.019685 4.520239, 1.193342 2.019685 4.429134, 1.138518 2.019685 4.341882, 1.077327 2.019685 4.258971, 1.010111 2.019685 4.180864, 0.937246 2.019685 4.107999, 0.859139 2.019685 4.040783, 0.776228 2.019685 3.979592, 0.688976 2.019685 3.924768, 0.597871 2.019685 3.876618, 0.503423 2.019685 3.835410, 0.406159 2.019685 3.801376, 0.306623 2.019685 3.774706, 0.205373 2.019685 3.755548, 0.102975 2.019685 3.744011, -0.000000 2.019685 3.740157, -0.102975 2.019685 3.744011, -0.205373 2.019685 3.755548, -0.306623 2.019685 3.774706, -0.406159 2.019685 3.801376, -0.503423 2.019685 3.835410, -0.597871 2.019685 3.876618, -0.688976 2.019685 3.924768, -0.776228 2.019685 3.979592, -0.859139 2.019685 4.040783, -0.937246 2.019685 4.107999, -1.010111 2.019685 4.180864, -1.077327 2.019685 4.258971, -1.138518 2.019685 4.341882, -1.193342 2.019685 4.429134, -1.241493 2.019685 4.520239, -1.282700 2.019685 4.614688, -1.316734 2.019685 4.711952, -1.343405 2.019685 4.811487, -1.362562 2.019685 4.912737, -1.374100 2.019685 5.015136, -1.377953 2.019685 5.118110, -1.374100 2.019685 5.221085, -1.362562 2.019685 5.323483, -1.343405 2.019685 5.424734, -1.316734 2.019685 5.524269, -1.282700 2.019685 5.621533, -1.241493 2.019685 5.715982, -1.193342 2.019685 5.807087, -1.138518 2.019685 5.894339, -1.077327 2.019685 5.977250, -1.010111 2.019685 6.055356, -0.937246 2.019685 6.128221, -0.859139 2.019685 6.195437, -0.776228 2.019685 6.256628, -0.688976 2.019685 6.311452, -0.597871 2.019685 6.359603, -0.503423 2.019685 6.400810, -0.406159 2.019685 6.434844, -0.306623 2.019685 6.461515, -0.205373 2.019685 6.480672, -0.102975 2.019685 6.492210, -0.000000 2.019685 6.496063, 0.102975 2.019685 6.492210, 0.205373 2.019685 6.480672, 0.306623 2.019685 6.461515, 0.406159 2.019685 6.434844, 0.503423 2.019685 6.400810, 0.597871 2.019685 6.359603, 0.688976 2.019685 6.311452, 0.776228 2.019685 6.256628, 0.859139 2.019685 6.195437, 0.937246 2.019685 6.128221, 1.010111 2.019685 6.055356, 1.077327 2.019685 5.977250, 1.138518 2.019685 5.894339, 1.193342 2.019685 5.807087, 1.241493 2.019685 5.715982, 1.282700 2.019685 5.621533, 1.316734 2.019685 5.524269, 1.343405 2.019685 5.424734, 1.362562 2.019685 5.323483, 1.374100 2.019685 5.221085 ] } coordIndex [ 87 1 0 -1, 87 2 1 -1, 88 3 2 -1, 88 2 87 -1, 89 4 3 -1, 89 3 88 -1, 90 5 4 -1, 90 4 89 -1, 91 6 5 -1, 91 5 90 -1, 92 7 6 -1, 92 6 91 -1, 93 8 7 -1, 93 7 92 -1, 94 8 93 -1, 94 9 8 -1, 95 10 9 -1, 95 9 94 -1, 96 11 10 -1, 96 10 95 -1, 96 12 11 -1, 97 12 96 -1, 98 13 12 -1, 98 12 97 -1, 99 14 13 -1, 99 15 14 -1, 99 13 98 -1, 100 15 99 -1, 101 16 15 -1, 101 17 16 -1, 101 15 100 -1, 102 17 101 -1, 103 18 17 -1, 103 17 102 -1, 104 19 18 -1, 104 18 103 -1, 105 20 19 -1, 105 19 104 -1, 106 21 20 -1, 106 20 105 -1, 107 22 21 -1, 107 21 106 -1, 108 23 22 -1, 108 22 107 -1, 109 24 23 -1, 109 25 24 -1, 109 23 108 -1, 110 25 109 -1, 111 26 25 -1, 111 25 110 -1, 112 27 26 -1, 112 26 111 -1, 113 28 27 -1, 113 29 28 -1, 113 27 112 -1, 114 29 113 -1, 115 30 29 -1, 115 31 30 -1, 115 29 114 -1, 116 31 115 -1, 117 32 31 -1, 117 33 32 -1, 117 31 116 -1, 118 33 117 -1, 119 33 118 -1, 119 34 33 -1, 120 34 119 -1, 120 35 34 -1, 121 35 120 -1, 121 36 35 -1, 122 36 121 -1, 122 37 36 -1, 123 37 122 -1, 123 38 37 -1, 124 38 123 -1, 124 39 38 -1, 125 39 124 -1, 125 40 39 -1, 125 41 40 -1, 126 41 125 -1, 126 42 41 -1, 127 42 126 -1, 128 42 127 -1, 128 43 42 -1, 128 44 43 -1, 129 45 44 -1, 129 44 128 -1, 130 45 129 -1, 131 46 45 -1, 131 45 130 -1, 132 47 46 -1, 132 46 131 -1, 133 48 47 -1, 133 49 48 -1, 133 47 132 -1, 134 49 133 -1, 135 50 49 -1, 135 49 134 -1, 136 51 50 -1, 136 52 51 -1, 136 50 135 -1, 137 52 136 -1, 138 53 52 -1, 138 52 137 -1, 139 54 53 -1, 139 53 138 -1, 140 55 54 -1, 140 54 139 -1, 141 56 55 -1, 141 55 140 -1, 142 57 56 -1, 142 56 141 -1, 143 58 57 -1, 143 57 142 -1, 144 58 143 -1, 144 59 58 -1, 145 59 144 -1, 145 60 59 -1, 145 61 60 -1, 146 61 145 -1, 147 61 146 -1, 147 62 61 -1, 148 62 147 -1, 148 63 62 -1, 149 63 148 -1, 149 64 63 -1, 150 64 149 -1, 150 65 64 -1, 151 65 150 -1, 151 66 65 -1, 152 66 151 -1, 152 67 66 -1, 153 67 152 -1, 153 68 67 -1, 154 68 153 -1, 154 69 68 -1, 155 69 154 -1, 155 70 69 -1, 156 70 155 -1, 156 71 70 -1, 157 71 156 -1, 157 72 71 -1, 158 72 157 -1, 158 73 72 -1, 159 73 158 -1, 159 74 73 -1, 160 74 159 -1, 160 75 74 -1, 161 75 160 -1, 161 76 75 -1, 162 76 161 -1, 162 77 76 -1, 163 78 77 -1, 163 77 162 -1, 164 79 78 -1, 164 78 163 -1, 165 80 79 -1, 165 79 164 -1, 166 81 80 -1, 166 80 165 -1, 167 82 81 -1, 167 81 166 -1, 168 83 82 -1, 168 82 167 -1, 169 83 168 -1, 169 84 83 -1, 169 85 84 -1, 86 85 169 -1, 219 221 220 -1, 219 222 221 -1, 219 223 222 -1, 219 224 223 -1, 219 225 224 -1, 227 226 225 -1, 217 225 219 -1, 217 219 218 -1, 229 228 227 -1, 214 216 215 -1, 214 217 216 -1, 213 217 214 -1, 234 229 227 -1, 234 230 229 -1, 234 231 230 -1, 234 232 231 -1, 234 233 232 -1, 211 213 212 -1, 236 235 234 -1, 237 236 234 -1, 207 209 208 -1, 206 210 209 -1, 206 211 210 -1, 206 209 207 -1, 240 239 238 -1, 204 206 205 -1, 241 240 238 -1, 241 238 237 -1, 201 211 206 -1, 201 203 202 -1, 201 204 203 -1, 201 206 204 -1, 244 241 237 -1, 244 242 241 -1, 244 243 242 -1, 199 201 200 -1, 246 237 234 -1, 246 244 237 -1, 246 245 244 -1, 197 199 198 -1, 197 201 199 -1, 249 247 246 -1, 249 248 247 -1, 194 196 195 -1, 193 225 217 -1, 193 217 213 -1, 193 213 211 -1, 193 197 196 -1, 193 211 201 -1, 193 201 197 -1, 193 196 194 -1, 193 227 225 -1, 191 193 192 -1, 170 253 252 -1, 172 171 170 -1, 172 170 252 -1, 172 251 250 -1, 172 252 251 -1, 188 190 189 -1, 188 191 190 -1, 187 191 188 -1, 174 173 172 -1, 174 172 250 -1, 177 175 174 -1, 177 176 175 -1, 177 174 250 -1, 177 250 249 -1, 184 186 185 -1, 184 187 186 -1, 183 193 191 -1, 183 234 227 -1, 183 191 187 -1, 183 187 184 -1, 183 246 234 -1, 183 227 193 -1, 180 178 177 -1, 180 179 178 -1, 180 177 249 -1, 180 246 183 -1, 180 249 246 -1, 181 183 182 -1, 181 180 183 -1, 303 304 305 -1, 303 305 306 -1, 303 306 307 -1, 303 307 308 -1, 303 308 309 -1, 311 309 310 -1, 301 303 309 -1, 301 302 303 -1, 313 311 312 -1, 298 299 300 -1, 298 300 301 -1, 297 298 301 -1, 318 311 313 -1, 318 313 314 -1, 318 314 315 -1, 318 315 316 -1, 318 316 317 -1, 295 296 297 -1, 320 318 319 -1, 321 318 320 -1, 291 292 293 -1, 290 293 294 -1, 290 294 295 -1, 290 291 293 -1, 324 322 323 -1, 288 289 290 -1, 325 322 324 -1, 325 321 322 -1, 285 290 295 -1, 285 286 287 -1, 285 287 288 -1, 285 288 290 -1, 328 321 325 -1, 328 325 326 -1, 328 326 327 -1, 283 284 285 -1, 330 318 321 -1, 330 321 328 -1, 330 328 329 -1, 281 282 283 -1, 281 283 285 -1, 333 330 331 -1, 333 331 332 -1, 278 279 280 -1, 277 301 309 -1, 277 297 301 -1, 277 295 297 -1, 277 280 281 -1, 277 285 295 -1, 277 281 285 -1, 277 278 280 -1, 277 309 311 -1, 275 276 277 -1, 254 336 337 -1, 256 254 255 -1, 256 336 254 -1, 256 334 335 -1, 256 335 336 -1, 272 273 274 -1, 272 274 275 -1, 271 272 275 -1, 258 256 257 -1, 258 334 256 -1, 261 258 259 -1, 261 259 260 -1, 261 334 258 -1, 261 333 334 -1, 268 269 270 -1, 268 270 271 -1, 267 275 277 -1, 267 311 318 -1, 267 271 275 -1, 267 268 271 -1, 267 318 330 -1, 267 277 311 -1, 264 261 262 -1, 264 262 263 -1, 264 333 261 -1, 264 267 330 -1, 264 330 333 -1, 265 266 267 -1, 265 267 264 -1 ] } }
Shape { appearance Appearance { material Material { diffuseColor 0.64 0.66 0.69 specularColor .4 .4 .4 shininess .5 } } geometry IndexedFaceSet { solid FALSE coord Coordinate { point [ 1.377953 2.204724 5.118110, 1.377953 2.314961 5.118110, 1.374100 2.314961 5.015136, 1.362562 2.314961 4.912737, 1.343405 2.314961 4.811487, 1.316734 2.314961 4.711952, 1.282700 2.314961 4.614688, 1.241493 2.314961 4.520239, 1.193342 2.314961 4.429134, 1.138518 2.314961 4.341882, 1.077327 2.314961 4.258971, 1.010111 2.314961 4.180864, 0.937246 2.314961 4.107999, 0.859139 2.314961 4.040783, 0.776228 2.314961 3.979592, 0.688976 2.314961 3.924768, 0.597871 2.314961 3.876618, 0.503423 2.314961 3.835410, 0.406159 2.314961 3.801376, 0.306623 2.314961 3.774706, 0.205373 2.314961 3.755548, 0.102975 2.314961 3.744011, -0.000000 2.314961 3.740157, -0.102975 2.314961 3.744011, -0.205373 2.314961 3.755548, -0.306623 2.314961 3.774706, -0.406159 2.314961 3.801376, -0.503423 2.314961 3.835410, -0.597871 2.314961 3.876618, -0.688976 2.314961 3.924768, -0.776228 2.314961 3.979592, -0.859139 2.314961 4.040783, -0.937246 2.314961 4.107999, -1.010111 2.314961 4.180864, -1.077327 2.314961 4.258971, -1.138518 2.314961 4.341882, -1.193342 2.314961 4.429134, -1.241493 2.314961 4.520239, -1.282700 2.314961 4.614688, -1.316734 2.314961 4.711952, -1.343405 2.314961 4.811487, -1.362562 2.314961 4.912737, -1.374100 2.314961 5.015136, -1.377953 2.314961 5.118110, -1.374100 2.314961 5.221085, -1.362562 2.314961 5.323483, -1.343405 2.314961 5.424734, -1.316734 2.314961 5.524269, -1.282700 2.314961 5.621533, -1.241493 2.314961 5.715982, -1.193342 2.314961 5.807087, -1.138518 2.314961 5.894339, -1.077327 2.314961 5.977250, -1.010111 2.314961 6.055356, -0.937246 2.314961 6.128221, -0.859139 2.314961 6.195437, -0.776228 2.314961 6.256628, -0.688976 2.314961 6.311452, -0.597871 2.314961 6.359603, -0.503423 2.314961 6.400810, -0.406159 2.314961 6.434844, -0.306623 2.314961 6.461515, -0.205373 2.314961 6.480672, -0.102975 2.314961 6.492210, -0.000000 2.314961 6.496063, 0.102975 2.314961 6.492210, 0.205373 2.314961 6.480672, 0.306623 2.314961 6.461515, 0.406159 2.314961 6.434844, 0.503423 2.314961 6.400810, 0.597871 2.314961 6.359603, 0.688976 2.314961 6.311452, 0.776228 2.314961 6.256628, 0.859139 2.314961 6.195437, 0.937246 2.314961 6.128221, 1.010111 2.314961 6.055356, 1.077327 2.314961 5.977250, 1.138518 2.314961 5.894339, 1.193342 2.314961 5.807087, 1.241493 2.314961 5.715982, 1.282700 2.314961 5.621533, 1.316734 2.314961 5.524269, 1.343405 2.314961 5.424734, 1.362562 2.314961 5.323483, 1.374100 2.314961 5.221085, 1.377953 2.314961 5.118110, 1.377953 2.204724 5.118110, 1.374100 2.204724 5.015136, 1.362562 2.204724 4.912737, 1.343405 2.204724 4.811487, 1.316734 2.204724 4.711952, 1.282700 2.204724 4.614688, 1.241493 2.204724 4.520239, 1.193342 2.204724 4.429134, 1.138518 2.204724 4.341882, 1.077327 2.204724 4.258971, 1.010111 2.204724 4.180864, 0.937246 2.204724 4.107999, 0.859139 2.204724 4.040783, 0.776228 2.204724 3.979592, 0.688976 2.204724 3.924768, 0.597871 2.204724 3.876618, 0.503423 2.204724 3.835410, 0.406159 2.204724 3.801376, 0.306623 2.204724 3.774706, 0.205373 2.204724 3.755548, 0.102975 2.204724 3.744011, -0.000000 2.204724 3.740157, -0.102975 2.204724 3.744011, -0.205373 2.204724 3.755548, -0.306623 2.204724 3.774706, -0.406159 2.204724 3.801376, -0.503423 2.204724 3.835410, -0.597871 2.204724 3.876618, -0.688976 2.204724 3.924768, -0.776228 2.204724 3.979592, -0.859139 2.204724 4.040783, -0.937246 2.204724 4.107999, -1.010111 2.204724 4.180864, -1.077327 2.204724 4.258971, -1.138518 2.204724 4.341882, -1.193342 2.204724 4.429134, -1.241493 2.204724 4.520239, -1.282700 2.204724 4.614688, -1.316734 2.204724 4.711952, -1.343405 2.204724 4.811487, -1.362562 2.204724 4.912737, -1.374100 2.204724 5.015136, -1.377953 2.204724 5.118110, -1.374100 2.204724 5.221085, -1.362562 2.204724 5.323483, -1.343405 2.204724 5.424734, -1.316734 2.204724 5.524269, -1.282700 2.204724 5.621533, -1.241493 2.204724 5.715982, -1.193342 2.204724 5.807087, -1.138518 2.204724 5.894339, -1.077327 2.204724 5.977250, -1.010111 2.204724 6.055356, -0.937246 2.204724 6.128221, -0.859139 2.204724 6.195437, -0.776228 2.204724 6.256628, -0.688976 2.204724 6.311452, -0.597871 2.204724 6.359603, -0.503423 2.204724 6.400810, -0.406159 2.204724 6.434844, -0.306623 2.204724 6.461515, -0.205373 2.204724 6.480672, -0.102975 2.204724 6.492210, -0.000000 2.204724 6.496063, 0.102975 2.204724 6.492210, 0.205373 2.204724 6.480672, 0.306623 2.204724 6.461515, 0.406159 2.204724 6.434844, 0.503423 2.204724 6.400810, 0.597871 2.204724 6.359603, 0.688976 2.204724 6.311452, 0.776228 2.204724 6.256628, 0.859139 2.204724 6.195437, 0.937246 2.204724 6.128221, 1.010111 2.204724 6.055356, 1.077327 2.204724 5.977250, 1.138518 2.204724 5.894339, 1.193342 2.204724 5.807087, 1.241493 2.204724 5.715982, 1.282700 2.204724 5.621533, 1.316734 2.204724 5.524269, 1.343405 2.204724 5.424734, 1.362562 2.204724 5.323483, 1.374100 2.204724 5.221085, 1.377953 2.204724 5.118110, 1.374100 2.204724 5.015136, 1.362562 2.204724 4.912737, 1.343405 2.204724 4.811487, 1.316734 2.204724 4.711952, 1.282700 2.204724 4.614688, 1.241493 2.204724 4.520239, 1.193342 2.204724 4.429134, 1.138518 2.204724 4.341882, 1.077327 2.204724 4.258971, 1.010111 2.204724 4.180864, 0.937246 2.204724 4.107999, 0.859139 2.204724 4.040783, 0.776228 2.204724 3.979592, 0.688976 2.204724 3.924768, 0.597871 2.204724 3.876618, 0.503423 2.204724 3.835410, 0.406159 2.204724 3.801376, 0.306623 2.204724 3.774706, 0.205373 2.204724 3.755548, 0.102975 2.204724 3.744011, -0.000000 2.204724 3.740157, -0.102975 2.204724 3.744011, -0.205373 2.204724 3.755548, -0.306623 2.204724 3.774706, -0.406159 2.204724 3.801376, -0.503423 2.204724 3.835410, -0.597871 2.204724 3.876618, -0.688976 2.204724 3.924768, -0.776228 2.204724 3.979592, -0.859139 2.204724 4.040783, -0.937246 2.204724 4.107999, -1.010111 2.204724 4.180864, -1.077327 2.204724 4.258971, -1.138518 2.204724 4.341882, -1.193342 2.204724 4.429134, -1.241493 2.204724 4.520239, -1.282700 2.204724 4.614688, -1.316734 2.204724 4.711952, -1.343405 2.204724 4.811487, -1.362562 2.204724 4.912737, -1.374100 2.204724 5.015136, -1.377953 2.204724 5.118110, -1.374100 2.204724 5.221085, -1.362562 2.204724 5.323483, -1.343405 2.204724 5.424734, -1.316734 2.204724 5.524269, -1.282700 2.204724 5.621533, -1.241493 2.204724 5.715982, -1.193342 2.204724 5.807087, -1.138518 2.204724 5.894339, -1.077327 2.204724 5.977250, -1.010111 2.204724 6.055356, -0.937246 2.204724 6.128221, -0.859139 2.204724 6.195437, -0.776228 2.204724 6.256628, -0.688976 2.204724 6.311452, -0.597871 2.204724 6.359603, -0.503423 2.204724 6.400810, -0.406159 2.204724 6.434844, -0.306623 2.204724 6.461515, -0.205373 2.204724 6.480672, -0.102975 2.204724 6.492210, -0.000000 2.204724 6.496063, 0.102975 2.204724 6.492210, 0.205373 2.204724 6.480672, 0.306623 2.204724 6.461515, 0.406159 2.204724 6.434844, 0.503423 2.204724 6.400810, 0.597871 2.204724 6.359603, 0.688976 2.204724 6.311452, 0.776228 2.204724 6.256628, 0.859139 2.204724 6.195437, 0.937246 2.204724 6.128221, 1.010111 2.204724 6.055356, 1.077327 2.204724 5.977250, 1.138518 2.204724 5.894339, 1.193342 2.204724 5.807087, 1.241493 2.204724 5.715982, 1.282700 2.204724 5.621533, 1.316734 2.204724 5.524269, 1.343405 2.204724 5.424734, 1.362562 2.204724 5.323483, 1.374100 2.204724 5.221085, 1.377953 2.314961 5.118110, 1.374100 2.314961 5.015136, 1.362562 2.314961 4.912737, 1.343405 2.314961 4.811487, 1.316734 2.314961 4.711952, 1.282700 2.314961 4.614688, 1.241493 2.314961 4.520239, 1.193342 2.314961 4.429134, 1.138518 2.314961 4.341882, 1.077327 2.314961 4.258971, 1.010111 2.314961 4.180864, 0.937246 2.314961 4.107999, 0.859139 2.314961 4.040783, 0.776228 2.314961 3.979592, 0.688976 2.314961 3.924768, 0.597871 2.314961 3.876618, 0.503423 2.314961 3.835410, 0.406159 2.314961 3.801376, 0.306623 2.314961 3.774706, 0.205373 2.314961 3.755548, 0.102975 2.314961 3.744011, -0.000000 2.314961 3.740157, -0.102975 2.314961 3.744011, -0.205373 2.314961 3.755548, -0.306623 2.314961 3.774706, -0.406159 2.314961 3.801376, -0.503423 2.314961 3.835410, -0.597871 2.314961 3.876618, -0.688976 2.314961 3.924768, -0.776228 2.314961 3.979592, -0.859139 2.314961 4.040783, -0.937246 2.314961 4.107999, -1.010111 2.314961 4.180864, -1.077327 2.314961 4.258971, -1.138518 2.314961 4.341882, -1.193342 2.314961 4.429134, -1.241493 2.314961 4.520239, -1.282700 2.314961 4.614688, -1.316734 2.314961 4.711952, -1.343405 2.314961 4.811487, -1.362562 2.314961 4.912737, -1.374100 2.314961 5.015136, -1.377953 2.314961 5.118110, -1.374100 2.314961 5.221085, -1.362562 2.314961 5.323483, -1.343405 2.314961 5.424734, -1.316734 2.314961 5.524269, -1.282700 2.314961 5.621533, -1.241493 2.314961 5.715982, -1.193342 2.314961 5.807087, -1.138518 2.314961 5.894339, -1.077327 2.314961 5.977250, -1.010111 2.314961 6.055356, -0.937246 2.314961 6.128221, -0.859139 2.314961 6.195437, -0.776228 2.314961 6.256628, -0.688976 2.314961 6.311452, -0.597871 2.314961 6.359603, -0.503423 2.314961 6.400810, -0.406159 2.314961 6.434844, -0.306623 2.314961 6.461515, -0.205373 2.314961 6.480672, -0.102975 2.314961 6.492210, -0.000000 2.314961 6.496063, 0.102975 2.314961 6.492210, 0.205373 2.314961 6.480672, 0.306623 2.314961 6.461515, 0.406159 2.314961 6.434844, 0.503423 2.314961 6.400810, 0.597871 2.314961 6.359603, 0.688976 2.314961 6.311452, 0.776228 2.314961 6.256628, 0.859139 2.314961 6.195437, 0.937246 2.314961 6.128221, 1.010111 2.314961 6.055356, 1.077327 2.314961 5.977250, 1.138518 2.314961 5.894339, 1.193342 2.314961 5.807087, 1.241493 2.314961 5.715982, 1.282700 2.314961 5.621533, 1.316734 2.314961 5.524269, 1.343405 2.314961 5.424734, 1.362562 2.314961 5.323483, 1.374100 2.314961 5.221085 ] } coordIndex [ 87 1 0 -1, 87 2 1 -1, 88 3 2 -1, 88 2 87 -1, 89 4 3 -1, 89 3 88 -1, 90 5 4 -1, 90 4 89 -1, 91 6 5 -1, 91 5 90 -1, 92 7 6 -1, 92 6 91 -1, 93 8 7 -1, 93 7 92 -1, 94 8 93 -1, 94 9 8 -1, 95 10 9 -1, 95 9 94 -1, 96 11 10 -1, 96 10 95 -1, 96 12 11 -1, 97 12 96 -1, 98 13 12 -1, 98 12 97 -1, 99 14 13 -1, 99 15 14 -1, 99 13 98 -1, 100 15 99 -1, 101 16 15 -1, 101 17 16 -1, 101 15 100 -1, 102 17 101 -1, 103 18 17 -1, 103 17 102 -1, 104 19 18 -1, 104 18 103 -1, 105 20 19 -1, 105 19 104 -1, 106 21 20 -1, 106 20 105 -1, 107 22 21 -1, 107 21 106 -1, 108 23 22 -1, 108 22 107 -1, 109 24 23 -1, 109 25 24 -1, 109 23 108 -1, 110 25 109 -1, 111 26 25 -1, 111 25 110 -1, 112 27 26 -1, 112 26 111 -1, 113 28 27 -1, 113 29 28 -1, 113 27 112 -1, 114 29 113 -1, 115 30 29 -1, 115 31 30 -1, 115 29 114 -1, 116 31 115 -1, 117 32 31 -1, 117 33 32 -1, 117 31 116 -1, 118 33 117 -1, 119 33 118 -1, 119 34 33 -1, 120 34 119 -1, 120 35 34 -1, 121 35 120 -1, 121 36 35 -1, 122 36 121 -1, 122 37 36 -1, 123 37 122 -1, 123 38 37 -1, 124 38 123 -1, 124 39 38 -1, 125 39 124 -1, 125 40 39 -1, 125 41 40 -1, 126 41 125 -1, 126 42 41 -1, 127 42 126 -1, 128 42 127 -1, 128 43 42 -1, 128 44 43 -1, 129 45 44 -1, 129 44 128 -1, 130 45 129 -1, 131 46 45 -1, 131 45 130 -1, 132 47 46 -1, 132 46 131 -1, 133 48 47 -1, 133 49 48 -1, 133 47 132 -1, 134 49 133 -1, 135 50 49 -1, 135 49 134 -1, 136 51 50 -1, 136 52 51 -1, 136 50 135 -1, 137 52 136 -1, 138 53 52 -1, 138 52 137 -1, 139 54 53 -1, 139 53 138 -1, 140 55 54 -1, 140 54 139 -1, 141 56 55 -1, 141 55 140 -1, 142 57 56 -1, 142 56 141 -1, 143 58 57 -1, 143 57 142 -1, 144 58 143 -1, 144 59 58 -1, 145 59 144 -1, 145 60 59 -1, 145 61 60 -1, 146 61 145 -1, 147 61 146 -1, 147 62 61 -1, 148 62 147 -1, 148 63 62 -1, 149 63 148 -1, 149 64 63 -1, 150 64 149 -1, 150 65 64 -1, 151 65 150 -1, 151 66 65 -1, 152 66 151 -1, 152 67 66 -1, 153 67 152 -1, 153 68 67 -1, 154 68 153 -1, 154 69 68 -1, 155 69 154 -1, 155 70 69 -1, 156 70 155 -1, 156 71 70 -1, 157 71 156 -1, 157 72 71 -1, 158 72 157 -1, 158 73 72 -1, 159 73 158 -1, 159 74 73 -1, 160 74 159 -1, 160 75 74 -1, 161 75 160 -1, 161 76 75 -1, 162 76 161 -1, 162 77 76 -1, 163 78 77 -1, 163 77 162 -1, 164 79 78 -1, 164 78 163 -1, 165 80 79 -1, 165 79 164 -1, 166 81 80 -1, 166 80 165 -1, 167 82 81 -1, 167 81 166 -1, 168 83 82 -1, 168 82 167 -1, 169 83 168 -1, 169 84 83 -1, 169 85 84 -1, 86 85 169 -1, 219 221 220 -1, 219 222 221 -1, 219 223 222 -1, 219 224 223 -1, 219 225 224 -1, 227 226 225 -1, 217 225 219 -1, 217 219 218 -1, 229 228 227 -1, 214 216 215 -1, 214 217 216 -1, 213 217 214 -1, 234 229 227 -1, 234 230 229 -1, 234 231 230 -1, 234 232 231 -1, 234 233 232 -1, 211 213 212 -1, 236 235 234 -1, 237 236 234 -1, 207 209 208 -1, 206 210 209 -1, 206 211 210 -1, 206 209 207 -1, 240 239 238 -1, 204 206 205 -1, 241 240 238 -1, 241 238 237 -1, 201 211 206 -1, 201 203 202 -1, 201 204 203 -1, 201 206 204 -1, 244 241 237 -1, 244 242 241 -1, 244 243 242 -1, 199 201 200 -1, 246 237 234 -1, 246 244 237 -1, 246 245 244 -1, 197 199 198 -1, 197 201 199 -1, 249 247 246 -1, 249 248 247 -1, 194 196 195 -1, 193 225 217 -1, 193 217 213 -1, 193 213 211 -1, 193 197 196 -1, 193 211 201 -1, 193 201 197 -1, 193 196 194 -1, 193 227 225 -1, 191 193 192 -1, 170 253 252 -1, 172 171 170 -1, 172 170 252 -1, 172 251 250 -1, 172 252 251 -1, 188 190 189 -1, 188 191 190 -1, 187 191 188 -1, 174 173 172 -1, 174 172 250 -1, 177 175 174 -1, 177 176 175 -1, 177 174 250 -1, 177 250 249 -1, 184 186 185 -1, 184 187 186 -1, 183 193 191 -1, 183 234 227 -1, 183 191 187 -1, 183 187 184 -1, 183 246 234 -1, 183 227 193 -1, 180 178 177 -1, 180 179 178 -1, 180 177 249 -1, 180 246 183 -1, 180 249 246 -1, 181 183 182 -1, 181 180 183 -1, 303 304 305 -1, 303 305 306 -1, 303 306 307 -1, 303 307 308 -1, 303 308 309 -1, 311 309 310 -1, 301 303 309 -1, 301 302 303 -1, 313 311 312 -1, 298 299 300 -1, 298 300 301 -1, 297 298 301 -1, 318 311 313 -1, 318 313 314 -1, 318 314 315 -1, 318 315 316 -1, 318 316 317 -1, 295 296 297 -1, 320 318 319 -1, 321 318 320 -1, 291 292 293 -1, 290 293 294 -1, 290 294 295 -1, 290 291 293 -1, 324 322 323 -1, 288 289 290 -1, 325 322 324 -1, 325 321 322 -1, 285 290 295 -1, 285 286 287 -1, 285 287 288 -1, 285 288 290 -1, 328 321 325 -1, 328 325 326 -1, 328 326 327 -1, 283 284 285 -1, 330 318 321 -1, 330 321 328 -1, 330 328 329 -1, 281 282 283 -1, 281 283 285 -1, 333 330 331 -1, 333 331 332 -1, 278 279 280 -1, 277 301 309 -1, 277 297 301 -1, 277 295 297 -1, 277 280 281 -1, 277 285 295 -1, 277 281 285 -1, 277 278 280 -1, 277 309 311 -1, 275 276 277 -1, 254 336 337 -1, 256 254 255 -1, 256 336 254 -1, 256 334 335 -1, 256 335 336 -1, 272 273 274 -1, 272 274 275 -1, 271 272 275 -1, 258 256 257 -1, 258 334 256 -1, 261 258 259 -1, 261 259 260 -1, 261 334 258 -1, 261 333 334 -1, 268 269 270 -1, 268 270 271 -1, 267 275 277 -1, 267 311 318 -1, 267 271 275 -1, 267 268 271 -1, 267 318 330 -1, 267 277 311 -1, 264 261 262 -1, 264 262 263 -1, 264 333 261 -1, 264 267 330 -1, 264 330 333 -1, 265 266 267 -1, 265 267 264 -1 ] } }
Shape { appearance Appearance { material Material { diffuseColor 0.64 0.66 0.69 specularColor .4 .4 .4 shininess .5 } } geometry IndexedFaceSet { solid FALSE coord Coordinate { point [ 1.377953 2.500000 5.118110, 1.377953 2.610236 5.118110, 1.374100 2.610236 5.015136, 1.362562 2.610236 4.912737, 1.343405 2.610236 4.811487, 1.316734 2.610236 4.711952, 1.282700 2.610236 4.614688, 1.241493 2.610236 4.520239, 1.193342 2.610236 4.429134, 1.138518 2.610236 4.341882, 1.077327 2.610236 4.258971, 1.010111 2.610236 4.180864, 0.937246 2.610236 4.107999, 0.859139 2.610236 4.040783, 0.776228 2.610236 3.979592, 0.688976 2.610236 3.924768, 0.597871 2.610236 3.876618, 0.503423 2.610236 3.835410, 0.406159 2.610236 3.801376, 0.306623 2.610236 3.774706, 0.205373 2.610236 3.755548, 0.102975 2.610236 3.744011, -0.000000 2.610236 3.740157, -0.102975 2.610236 3.744011, -0.205373 2.610236 3.755548, -0.306623 2.610236 3.774706, -0.406159 2.610236 3.801376, -0.503423 2.610236 3.835410, -0.597871 2.610236 3.876618, -0.688976 2.610236 3.924768, -0.776228 2.610236 3.979592, -0.859139 2.610236 4.040783, -0.937246 2.610236 4.107999, -1.010111 2.610236 4.180864, -1.077327 2.610236 4.258971, -1.138518 2.610236 4.341882, -1.193342 2.610236 4.429134, -1.241493 2.610236 4.520239, -1.282700 2.610236 4.614688, -1.316734 2.610236 4.711952, -1.343405 2.610236 4.811487, -1.362562 2.610236 4.912737, -1.374100 2.610236 5.015136, -1.377953 2.610236 5.118110, -1.374100 2.610236 5.221085, -1.362562 2.610236 5.323483, -1.343405 2.610236 5.424734, -1.316734 2.610236 5.524269, -1.282700 2.610236 5.621533, -1.241493 2.610236 5.715982, -1.193342 2.610236 5.807087, -1.138518 2.610236 5.894339, -1.077327 2.610236 5.977250, -1.010111 2.610236 6.055356, -0.937246 2.610236 6.128221, -0.859139 2.610236 6.195437, -0.776228 2.610236 6.256628, -0.688976 2.610236 6.311452, -0.597871 2.610236 6.359603, -0.503423 2.610236 6.400810, -0.406159 2.610236 6.434844, -0.306623 2.610236 6.461515, -0.205373 2.610236 6.480672, -0.102975 2.610236 6.492210, -0.000000 2.610236 6.496063, 0.102975 2.610236 6.492210, 0.205373 2.610236 6.480672, 0.306623 2.610236 6.461515, 0.406159 2.610236 6.434844, 0.503423 2.610236 6.400810, 0.597871 2.610236 6.359603, 0.688976 2.610236 6.311452, 0.776228 2.610236 6.256628, 0.859139 2.610236 6.195437, 0.937246 2.610236 6.128221, 1.010111 2.610236 6.055356, 1.077327 2.610236 5.977250, 1.138518 2.610236 5.894339, 1.193342 2.610236 5.807087, 1.241493 2.610236 5.715982, 1.282700 2.610236 5.621533, 1.316734 2.610236 5.524269, 1.343405 2.610236 5.424734, 1.362562 2.610236 5.323483, 1.374100 2.610236 5.221085, 1.377953 2.610236 5.118110, 1.377953 2.500000 5.118110, 1.374100 2.500000 5.015136, 1.362562 2.500000 4.912737, 1.343405 2.500000 4.811487, 1.316734 2.500000 4.711952, 1.282700 2.500000 4.614688, 1.241493 2.500000 4.520239, 1.193342 2.500000 4.429134, 1.138518 2.500000 4.341882, 1.077327 2.500000 4.258971, 1.010111 2.500000 4.180864, 0.937246 2.500000 4.107999, 0.859139 2.500000 4.040783, 0.776228 2.500000 3.979592, 0.688976 2.500000 3.924768, 0.597871 2.500000 3.876618, 0.503423 2.500000 3.835410, 0.406159 2.500000 3.801376, 0.306623 2.500000 3.774706, 0.205373 2.500000 3.755548, 0.102975 2.500000 3.744011, -0.000000 2.500000 3.740157, -0.102975 2.500000 3.744011, -0.205373 2.500000 3.755548, -0.306623 2.500000 3.774706, -0.406159 2.500000 3.801376, -0.503423 2.500000 3.835410, -0.597871 2.500000 3.876618, -0.688976 2.500000 3.924768, -0.776228 2.500000 3.979592, -0.859139 2.500000 4.040783, -0.937246 2.500000 4.107999, -1.010111 2.500000 4.180864, -1.077327 2.500000 4.258971, -1.138518 2.500000 4.341882, -1.193342 2.500000 4.429134, -1.241493 2.500000 4.520239, -1.282700 2.500000 4.614688, -1.316734 2.500000 4.711952, -1.343405 2.500000 4.811487, -1.362562 2.500000 4.912737, -1.374100 2.500000 5.015136, -1.377953 2.500000 5.118110, -1.374100 2.500000 5.221085, -1.362562 2.500000 5.323483, -1.343405 2.500000 5.424734, -1.316734 2.500000 5.524269, -1.282700 2.500000 5.621533, -1.241493 2.500000 5.715982, -1.193342 2.500000 5.807087, -1.138518 2.500000 5.894339, -1.077327 2.500000 5.977250, -1.010111 2.500000 6.055356, -0.937246 2.500000 6.128221, -0.859139 2.500000 6.195437, -0.776228 2.500000 6.256628, -0.688976 2.500000 6.311452, -0.597871 2.500000 6.359603, -0.503423 2.500000 6.400810, -0.406159 2.500000 6.434844, -0.306623 2.500000 6.461515, -0.205373 2.500000 6.480672, -0.102975 2.500000 6.492210, -0.000000 2.500000 6.496063, 0.102975 2.500000 6.492210, 0.205373 2.500000 6.480672, 0.306623 2.500000 6.461515, 0.406159 2.500000 6.434844, 0.503423 2.500000 6.400810, 0.597871 2.500000 6.359603, 0.688976 2.500000 6.311452, 0.776228 2.500000 6.256628, 0.859139 2.500000 6.195437, 0.937246 2.500000 6.128221, 1.010111 2.500000 6.055356, 1.077327 2.500000 5.977250, 1.138518 2.500000 5.894339, 1.193342 2.500000 5.807087, 1.241493 2.500000 5.715982, 1.282700 2.500000 5.621533, 1.316734 2.500000 5.524269, 1.343405 2.500000 5.424734, 1.362562 2.500000 5.323483, 1.374100 2.500000 5.221085, 1.377953 2.500000 5.118110, 1.374100 2.500000 5.015136, 1.362562 2.500000 4.912737, 1.343405 2.500000 4.811487, 1.316734 2.500000 4.711952, 1.282700 2.500000 4.614688, 1.241493 2.500000 4.520239, 1.193342 2.500000 4.429134, 1.138518 2.500000 4.341882, 1.077327 2.500000 4.258971, 1.010111 2.500000 4.180864, 0.937246 2.500000 4.107999, 0.859139 2.500000 4.040783, 0.776228 2.500000 3.979592, 0.688976 2.500000 3.924768, 0.597871 2.500000 3.876618, 0.503423 2.500000 3.835410, 0.406159 2.500000 3.801376, 0.306623 2.500000 3.774706, 0.205373 2.500000 3.755548, 0.102975 2.500000 3.744011, -0.000000 2.500000 3.740157, -0.102975 2.500000 3.744011, -0.205373 2.500000 3.755548, -0.306623 2.500000 3.774706, -0.406159 2.500000 3.801376, -0.503423 2.500000 3.835410, -0.597871 2.500000 3.876618, -0.688976 2.500000 3.924768, -0.776228 2.500000 3.979592, -0.859139 2.500000 4.040783, -0.937246 2.500000 4.107999, -1.010111 2.500000 4.180864, -1.077327 2.500000 4.258971, -1.138518 2.500000 4.341882, -1.193342 2.500000 4.429134, -1.241493 2.500000 4.520239, -1.282700 2.500000 4.614688, -1.316734 2.500000 4.711952, -1.343405 2.500000 4.811487, -1.362562 2.500000 4.912737, -1.374100 2.500000 5.015136, -1.377953 2.500000 5.118110, -1.374100 2.500000 5.221085, -1.362562 2.500000 5.323483, -1.343405 2.500000 5.424734, -1.316734 2.500000 5.524269, -1.282700 2.500000 5.621533, -1.241493 2.500000 5.715982, -1.193342 2.500000 5.807087, -1.138518 2.500000 5.894339, -1.077327 2.500000 5.977250, -1.010111 2.500000 6.055356, -0.937246 2.500000 6.128221, -0.859139 2.500000 6.195437, -0.776228 2.500000 6.256628, -0.688976 2.500000 6.311452, -0.597871 2.500000 6.359603, -0.503423 2.500000 6.400810, -0.406159 2.500000 6.434844, -0.306623 2.500000 6.461515, -0.205373 2.500000 6.480672, -0.102975 2.500000 6.492210, -0.000000 2.500000 6.496063, 0.102975 2.500000 6.492210, 0.205373 2.500000 6.480672, 0.306623 2.500000 6.461515, 0.406159 2.500000 6.434844, 0.503423 2.500000 6.400810, 0.597871 2.500000 6.359603, 0.688976 2.500000 6.311452, 0.776228 2.500000 6.256628, 0.859139 2.500000 6.195437, 0.937246 2.500000 6.128221, 1.010111 2.500000 6.055356, 1.077327 2.500000 5.977250, 1.138518 2.500000 5.894339, 1.193342 2.500000 5.807087, 1.241493 2.500000 5.715982, 1.282700 2.500000 5.621533, 1.316734 2.500000 5.524269, 1.343405 2.500000 5.424734, 1.362562 2.500000 5.323483, 1.374100 2.500000 5.221085, 1.377953 2.610236 5.118110, 1.374100 2.610236 5.015136, 1.362562 2.610236 4.912737, 1.343405 2.610236 4.811487, 1.316734 2.610236 4.711952, 1.282700 2.610236 4.614688, 1.241493 2.610236 4.520239, 1.193342 2.610236 4.429134, 1.138518 2.610236 4.341882, 1.077327 2.610236 4.258971, 1.010111 2.610236 4.180864, 0.937246 2.610236 4.107999, 0.859139 2.610236 4.040783, 0.776228 2.610236 3.979592, 0.688976 2.610236 3.924768, 0.597871 2.610236 3.876618, 0.503423 2.610236 3.835410, 0.406159 2.610236 3.801376, 0.306623 2.610236 3.774706, 0.205373 2.610236 3.755548, 0.102975 2.610236 3.744011, -0.000000 2.610236 3.740157, -0.102975 2.610236 3.744011, -0.205373 2.610236 3.755548, -0.306623 2.610236 3.774706, -0.406159 2.610236 3.801376, -0.503423 2.610236 3.835410, -0.597871 2.610236 3.876618, -0.688976 2.610236 3.924768, -0.776228 2.610236 3.979592, -0.859139 2.610236 4.040783, -0.937246 2.610236 4.107999, -1.010111 2.610236 4.180864, -1.077327 2.610236 4.258971, -1.138518 2.610236 4.341882, -1.193342 2.610236 4.429134, -1.241493 2.610236 4.520239, -1.282700 2.610236 4.614688, -1.316734 2.610236 4.711952, -1.343405 2.610236 4.811487, -1.362562 2.610236 4.912737, -1.374100 2.610236 5.015136, -1.377953 2.610236 5.118110, -1.374100 2.610236 5.221085, -1.362562 2.610236 5.323483, -1.343405 2.610236 5.424734, -1.316734 2.610236 5.524269, -1.282700 2.610236 5.621533, -1.241493 2.610236 5.715982, -1.193342 2.610236 5.807087, -1.138518 2.610236 5.894339, -1.077327 2.610236 5.977250, -1.010111 2.610236 6.055356, -0.937246 2.610236 6.128221, -0.859139 2.610236 6.195437, -0.776228 2.610236 6.256628, -0.688976 2.610236 6.311452, -0.597871 2.610236 6.359603, -0.503423 2.610236 6.400810, -0.406159 2.610236 6.434844, -0.306623 2.610236 6.461515, -0.205373 2.610236 6.480672, -0.102975 2.610236 6.492210, -0.000000 2.610236 6.496063, 0.102975 2.610236 6.492210, 0.205373 2.610236 6.480672, 0.306623 2.610236 6.461515, 0.406159 2.610236 6.434844, 0.503423 2.610236 6.400810, 0.597871 2.610236 6.359603, 0.688976 2.610236 6.311452, 0.776228 2.610236 6.256628, 0.859139 2.610236 6.195437, 0.937246 2.610236 6.128221, 1.010111 2.610236 6.055356, 1.077327 2.610236 5.977250, 1.138518 2.610236 5.894339, 1.193342 2.610236 5.807087, 1.241493 2.610236 5.715982, 1.282700 2.610236 5.621533, 1.316734 2.610236 5.524269, 1.343405 2.610236 5.424734, 1.362562 2.610236 5.323483, 1.374100 2.610236 5.221085 ] } coordIndex [ 87 1 0 -1, 87 2 1 -1, 88 3 2 -1, 88 2 87 -1, 89 4 3 -1, 89 3 88 -1, 90 5 4 -1, 90 4 89 -1, 91 6 5 -1, 91 5 90 -1, 92 7 6 -1, 92 6 91 -1, 93 8 7 -1, 93 7 92 -1, 94 8 93 -1, 94 9 8 -1, 95 10 9 -1, 95 9 94 -1, 96 11 10 -1, 96 10 95 -1, 96 12 11 -1, 97 12 96 -1, 98 13 12 -1, 98 12 97 -1, 99 14 13 -1, 99 15 14 -1, 99 13 98 -1, 100 15 99 -1, 101 16 15 -1, 101 17 16 -1, 101 15 100 -1, 102 17 101 -1, 103 18 17 -1, 103 17 102 -1, 104 19 18 -1, 104 18 103 -1, 105 20 19 -1, 105 19 104 -1, 106 21 20 -1, 106 20 105 -1, 107 22 21 -1, 107 21 106 -1, 108 23 22 -1, 108 22 107 -1, 109 24 23 -1, 109 25 24 -1, 109 23 108 -1, 110 25 109 -1, 111 26 25 -1, 111 25 110 -1, 112 27 26 -1, 112 26 111 -1, 113 28 27 -1, 113 29 28 -1, 113 27 112 -1, 114 29 113 -1, 115 30 29 -1, 115 31 30 -1, 115 29 114 -1, 116 31 115 -1, 117 32 31 -1, 117 33 32 -1, 117 31 116 -1, 118 33 117 -1, 119 33 118 -1, 119 34 33 -1, 120 34 119 -1, 120 35 34 -1, 121 35 120 -1, 121 36 35 -1, 122 36 121 -1, 122 37 36 -1, 123 37 122 -1, 123 38 37 -1, 124 38 123 -1, 124 39 38 -1, 125 39 124 -1, 125 40 39 -1, 125 41 40 -1, 126 41 125 -1, 126 42 41 -1, 127 42 126 -1, 128 42 127 -1, 128 43 42 -1, 128 44 43 -1, 129 45 44 -1, 129 44 128 -1, 130 45 129 -1, 131 46 45 -1, 131 45 130 -1, 132 47 46 -1, 132 46 131 -1, 133 48 47 -1, 133 49 48 -1, 133 47 132 -1, 134 49 133 -1, 135 50 49 -1, 135 49 134 -1, 136 51 50 -1, 136 52 51 -1, 136 50 135 -1, 137 52 136 -1, 138 53 52 -1, 138 52 137 -1, 139 54 53 -1, 139 53 138 -1, 140 55 54 -1, 140 54 139 -1, 141 56 55 -1, 141 55 140 -1, 142 57 56 -1, 142 56 141 -1, 143 58 57 -1, 143 57 142 -1, 144 58 143 -1, 144 59 58 -1, 145 59 144 -1, 145 60 59 -1, 145 61 60 -1, 146 61 145 -1, 147 61 146 -1, 147 62 61 -1, 148 62 147 -1, 148 63 62 -1, 149 63 148 -1, 149 64 63 -1, 150 64 149 -1, 150 65 64 -1, 151 65 150 -1, 151 66 65 -1, 152 66 151 -1, 152 67 66 -1, 153 67 152 -1, 153 68 67 -1, 154 68 153 -1, 154 69 68 -1, 155 69 154 -1, 155 70 69 -1, 156 70 155 -1, 156 71 70 -1, 157 71 156 -1, 157 72 71 -1, 158 72 157 -1, 158 73 72 -1, 159 73 158 -1, 159 74 73 -1, 160 74 159 -1, 160 75 74 -1, 161 75 160 -1, 161 76 75 -1, 162 76 161 -1, 162 77 76 -1, 163 78 77 -1, 163 77 162 -1, 164 79 78 -1, 164 78 163 -1, 165 80 79 -1, 165 79 164 -1, 166 81 80 -1, 166 80 165 -1, 167 82 81 -1, 167 81 166 -1, 168 83 82 -1, 168 82 167 -1, 169 83 168 -1, 169 84 83 -1, 169 85 84 -1, 86 85 169 -1, 219 221 220 -1, 219 222 221 -1, 219 223 222 -1, 219 224 223 -1, 219 225 224 -1, 227 226 225 -1, 217 225 219 -1, 217 219 218 -1, 229 228 227 -1, 214 216 215 -1, 214 217 216 -1, 213 217 214 -1, 234 229 227 -1, 234 230 229 -1, 234 231 230 -1, 234 232 231 -1, 234 233 232 -1, 211 213 212 -1, 236 235 234 -1, 237 236 234 -1, 207 209 208 -1, 206 210 209 -1, 206 211 210 -1, 206 209 207 -1, 240 239 238 -1, 204 206 205 -1, 241 240 238 -1, 241 238 237 -1, 201 211 206 -1, 201 203 202 -1, 201 204 203 -1, 201 206 204 -1, 244 241 237 -1, 244 242 241 -1, 244 243 242 -1, 199 201 200 -1, 246 237 234 -1, 246 244 237 -1, 246 245 244 -1, 197 199 198 -1, 197 201 199 -1, 249 247 246 -1, 249 248 247 -1, 194 196 195 -1, 193 225 217 -1, 193 217 213 -1, 193 213 211 -1, 193 197 196 -1, 193 211 201 -1, 193 201 197 -1, 193 196 194 -1, 193 227 225 -1, 191 193 192 -1, 170 253 252 -1, 172 171 170 -1, 172 170 252 -1, 172 251 250 -1, 172 252 251 -1, 188 190 189 -1, 188 191 190 -1, 187 191 188 -1, 174 173 172 -1, 174 172 250 -1, 177 175 174 -1, 177 176 175 -1, 177 174 250 -1, 177 250 249 -1, 184 186 185 -1, 184 187 186 -1, 183 193 191 -1, 183 234 227 -1, 183 191 187 -1, 183 187 184 -1, 183 246 234 -1, 183 227 193 -1, 180 178 177 -1, 180 179 178 -1, 180 177 249 -1, 180 246 183 -1, 180 249 246 -1, 181 183 182 -1, 181 180 183 -1, 303 304 305 -1, 303 305 306 -1, 303 306 307 -1, 303 307 308 -1, 303 308 309 -1, 311 309 310 -1, 301 303 309 -1, 301 302 303 -1, 313 311 312 -1, 298 299 300 -1, 298 300 301 -1, 297 298 301 -1, 318 311 313 -1, 318 313 314 -1, 318 314 315 -1, 318 315 316 -1, 318 316 317 -1, 295 296 297 -1, 320 318 319 -1, 321 318 320 -1, 291 292 293 -1, 290 293 294 -1, 290 294 295 -1, 290 291 293 -1, 324 322 323 -1, 288 289 290 -1, 325 322 324 -1, 325 321 322 -1, 285 290 295 -1, 285 286 287 -1, 285 287 288 -1, 285 288 290 -1, 328 321 325 -1, 328 325 326 -1, 328 326 327 -1, 283 284 285 -1, 330 318 321 -1, 330 321 328 -1, 330 328 329 -1, 281 282 283 -1, 281 283 285 -1, 333 330 331 -1, 333 331 332 -1, 278 279 280 -1, 277 301 309 -1, 277 297 301 -1, 277 295 297 -1, 277 280 281 -1, 277 285 295 -1, 277 281 285 -1, 277 278 280 -1, 277 309 311 -1, 275 276 277 -1, 254 336 337 -1, 256 254 255 -1, 256 336 254 -1, 256 334 335 -1, 256 335 336 -1, 272 273 274 -1, 272 274 275 -1, 271 272 275 -1, 258 256 257 -1, 258 334 256 -1, 261 258 259 -1, 261 259 260 -1, 261 334 258 -1, 261 333 334 -1, 268 269 270 -1, 268 270 271 -1, 267 275 277 -1, 267 311 318 -1, 267 271 275 -1, 267 268 271 -1, 267 318 330 -1, 267 277 311 -1, 264 261 262 -1, 264 262 263 -1, 264 333 261 -1, 264 267 330 -1, 264 330 333 -1, 265 266 267 -1, 265 267 264 -1 ] } }
Shape { appearance Appearance { material Material { diffuseColor 0.64 0.66 0.69 specularColor .4 .4 .4 shininess .5 } } geometry IndexedFaceSet { solid FALSE coord Coordinate { point [ 1.377953 2.795276 5.118110, 1.377953 2.905512 5.118110, 1.374100 2.905512 5.015136, 1.362562 2.905512 4.912737, 1.343405 2.905512 4.811487, 1.316734 2.905512 4.711952, 1.282700 2.905512 4.614688, 1.241493 2.905512 4.520239, 1.193342 2.905512 4.429134, 1.138518 2.905512 4.341882, 1.077327 2.905512 4.258971, 1.010111 2.905512 4.180864, 0.937246 2.905512 4.107999, 0.859139 2.905512 4.040783, 0.776228 2.905512 3.979592, 0.688976 2.905512 3.924768, 0.597871 2.905512 3.876618, 0.503423 2.905512 3.835410, 0.406159 2.905512 3.801376, 0.306623 2.905512 3.774706, 0.205373 2.905512 3.755548, 0.102975 2.905512 3.744011, -0.000000 2.905512 3.740157, -0.102975 2.905512 3.744011, -0.205373 2.905512 3.755548, -0.306623 2.905512 3.774706, -0.406159 2.905512 3.801376, -0.503423 2.905512 3.835410, -0.597871 2.905512 3.876618, -0.688976 2.905512 3.924768, -0.776228 2.905512 3.979592, -0.859139 2.905512 4.040783, -0.937246 2.905512 4.107999, -1.010111 2.905512 4.180864, -1.077327 2.905512 4.258971, -1.138518 2.905512 4.341882, -1.193342 2.905512 4.429134, -1.241493 2.905512 4.520239, -1.282700 2.905512 4.614688, -1.316734 2.905512 4.711952, -1.343405 2.905512 4.811487, -1.362562 2.905512 4.912737, -1.374100 2.905512 5.015136, -1.377953 2.905512 5.118110, -1.374100 2.905512 5.221085, -1.362562 2.905512 5.323483, -1.343405 2.905512 5.424734, -1.316734 2.905512 5.524269, -1.282700 2.905512 5.621533, -1.241493 2.905512 5.715982, -1.193342 2.905512 5.807087, -1.138518 2.905512 5.894339, -1.077327 2.905512 5.977250, -1.010111 2.905512 6.055356, -0.937246 2.905512 6.128221, -0.859139 2.905512 6.195437, -0.776228 2.905512 6.256628, -0.688976 2.905512 6.311452, -0.597871 2.905512 6.359603, -0.503423 2.905512 6.400810, -0.406159 2.905512 6.434844, -0.306623 2.905512 6.461515, -0.205373 2.905512 6.480672, -0.102975 2.905512 6.492210, -0.000000 2.905512 6.496063, 0.102975 2.905512 6.492210, 0.205373 2.905512 6.480672, 0.306623 2.905512 6.461515, 0.406159 2.905512 6.434844, 0.503423 2.905512 6.400810, 0.597871 2.905512 6.359603, 0.688976 2.905512 6.311452, 0.776228 2.905512 6.256628, 0.859139 2.905512 6.195437, 0.937246 2.905512 6.128221, 1.010111 2.905512 6.055356, 1.077327 2.905512 5.977250, 1.138518 2.905512 5.894339, 1.193342 2.905512 5.807087, 1.241493 2.905512 5.715982, 1.282700 2.905512 5.621533, 1.316734 2.905512 5.524269, 1.343405 2.905512 5.424734, 1.362562 2.905512 5.323483, 1.374100 2.905512 5.221085, 1.377953 2.905512 5.118110, 1.377953 2.795276 5.118110, 1.374100 2.795276 5.015136, 1.362562 2.795276 4.912737, 1.343405 2.795276 4.811487, 1.316734 2.795276 4.711952, 1.282700 2.795276 4.614688, 1.241493 2.795276 4.520239, 1.193342 2.795276 4.429134, 1.138518 2.795276 4.341882, 1.077327 2.795276 4.258971, 1.010111 2.795276 4.180864, 0.937246 2.795276 4.107999, 0.859139 2.795276 4.040783, 0.776228 2.795276 3.979592, 0.688976 2.795276 3.924768, 0.597871 2.795276 3.876618, 0.503423 2.795276 3.835410, 0.406159 2.795276 3.801376, 0.306623 2.795276 3.774706, 0.205373 2.795276 3.755548, 0.102975 2.795276 3.744011, -0.000000 2.795276 3.740157, -0.102975 2.795276 3.744011, -0.205373 2.795276 3.755548, -0.306623 2.795276 3.774706, -0.406159 2.795276 3.801376, -0.503423 2.795276 3.835410, -0.597871 2.795276 3.876618, -0.688976 2.795276 3.924768, -0.776228 2.795276 3.979592, -0.859139 2.795276 4.040783, -0.937246 2.795276 4.107999, -1.010111 2.795276 4.180864, -1.077327 2.795276 4.258971, -1.138518 2.795276 4.341882, -1.193342 2.795276 4.429134, -1.241493 2.795276 4.520239, -1.282700 2.795276 4.614688, -1.316734 2.795276 4.711952, -1.343405 2.795276 4.811487, -1.362562 2.795276 4.912737, -1.374100 2.795276 5.015136, -1.377953 2.795276 5.118110, -1.374100 2.795276 5.221085, -1.362562 2.795276 5.323483, -1.343405 2.795276 5.424734, -1.316734 2.795276 5.524269, -1.282700 2.795276 5.621533, -1.241493 2.795276 5.715982, -1.193342 2.795276 5.807087, -1.138518 2.795276 5.894339, -1.077327 2.795276 5.977250, -1.010111 2.795276 6.055356, -0.937246 2.795276 6.128221, -0.859139 2.795276 6.195437, -0.776228 2.795276 6.256628, -0.688976 2.795276 6.311452, -0.597871 2.795276 6.359603, -0.503423 2.795276 6.400810, -0.406159 2.795276 6.434844, -0.306623 2.795276 6.461515, -0.205373 2.795276 6.480672, -0.102975 2.795276 6.492210, -0.000000 2.795276 6.496063, 0.102975 2.795276 6.492210, 0.205373 2.795276 6.480672, 0.306623 2.795276 6.461515, 0.406159 2.795276 6.434844, 0.503423 2.795276 6.400810, 0.597871 2.795276 6.359603, 0.688976 2.795276 6.311452, 0.776228 2.795276 6.256628, 0.859139 2.795276 6.195437, 0.937246 2.795276 6.128221, 1.010111 2.795276 6.055356, 1.077327 2.795276 5.977250, 1.138518 2.795276 5.894339, 1.193342 2.795276 5.807087, 1.241493 2.795276 5.715982, 1.282700 2.795276 5.621533, 1.316734 2.795276 5.524269, 1.343405 2.795276 5.424734, 1.362562 2.795276 5.323483, 1.374100 2.795276 5.221085, 1.377953 2.795276 5.118110, 1.374100 2.795276 5.015136, 1.362562 2.795276 4.912737, 1.343405 2.795276 4.811487, 1.316734 2.795276 4.711952, 1.282700 2.795276 4.614688, 1.241493 2.795276 4.520239, 1.193342 2.795276 4.429134, 1.138518 2.795276 4.341882, 1.077327 2.795276 4.258971, 1.010111 2.795276 4.180864, 0.937246 2.795276 4.107999, 0.859139 2.795276 4.040783, 0.776228 2.795276 3.979592, 0.688976 2.795276 3.924768, 0.597871 2.795276 3.876618, 0.503423 2.795276 3.835410, 0.406159 2.795276 3.801376, 0.306623 2.795276 3.774706, 0.205373 2.795276 3.755548, 0.102975 2.795276 3.744011, -0.000000 2.795276 3.740157, -0.102975 2.795276 3.744011, -0.205373 2.795276 3.755548, -0.306623 2.795276 3.774706, -0.406159 2.795276 3.801376, -0.503423 2.795276 3.835410, -0.597871 2.795276 3.876618, -0.688976 2.795276 3.924768, -0.776228 2.795276 3.979592, -0.859139 2.795276 4.040783, -0.937246 2.795276 4.107999, -1.010111 2.795276 4.180864, -1.077327 2.795276 4.258971, -1.138518 2.795276 4.341882, -1.193342 2.795276 4.429134, -1.241493 2.795276 4.520239, -1.282700 2.795276 4.614688, -1.316734 2.795276 4.711952, -1.343405 2.795276 4.811487, -1.362562 2.795276 4.912737, -1.374100 2.795276 5.015136, -1.377953 2.795276 5.118110, -1.374100 2.795276 5.221085, -1.362562 2.795276 5.323483, -1.343405 2.795276 5.424734, -1.316734 2.795276 5.524269, -1.282700 2.795276 5.621533, -1.241493 2.795276 5.715982, -1.193342 2.795276 5.807087, -1.138518 2.795276 5.894339, -1.077327 2.795276 5.977250, -1.010111 2.795276 6.055356, -0.937246 2.795276 6.128221, -0.859139 2.795276 6.195437, -0.776228 2.795276 6.256628, -0.688976 2.795276 6.311452, -0.597871 2.795276 6.359603, -0.503423 2.795276 6.400810, -0.406159 2.795276 6.434844, -0.306623 2.795276 6.461515, -0.205373 2.795276 6.480672, -0.102975 2.795276 6.492210, -0.000000 2.795276 6.496063, 0.102975 2.795276 6.492210, 0.205373 2.795276 6.480672, 0.306623 2.795276 6.461515, 0.406159 2.795276 6.434844, 0.503423 2.795276 6.400810, 0.597871 2.795276 6.359603, 0.688976 2.795276 6.311452, 0.776228 2.795276 6.256628, 0.859139 2.795276 6.195437, 0.937246 2.795276 6.128221, 1.010111 2.795276 6.055356, 1.077327 2.795276 5.977250, 1.138518 2.795276 5.894339, 1.193342 2.795276 5.807087, 1.241493 2.795276 5.715982, 1.282700 2.795276 5.621533, 1.316734 2.795276 5.524269, 1.343405 2.795276 5.424734, 1.362562 2.795276 5.323483, 1.374100 2.795276 5.221085, 1.377953 2.905512 5.118110, 1.374100 2.905512 5.015136, 1.362562 2.905512 4.912737, 1.343405 2.905512 4.811487, 1.316734 2.905512 4.711952, 1.282700 2.905512 4.614688, 1.241493 2.905512 4.520239, 1.193342 2.905512 4.429134, 1.138518 2.905512 4.341882, 1.077327 2.905512 4.258971, 1.010111 2.905512 4.180864, 0.937246 2.905512 4.107999, 0.859139 2.905512 4.040783, 0.776228 2.905512 3.979592, 0.688976 2.905512 3.924768, 0.597871 2.905512 3.876618, 0.503423 2.905512 3.835410, 0.406159 2.905512 3.801376, 0.306623 2.905512 3.774706, 0.205373 2.905512 3.755548, 0.102975 2.905512 3.744011, -0.000000 2.905512 3.740157, -0.102975 2.905512 3.744011, -0.205373 2.905512 3.755548, -0.306623 2.905512 3.774706, -0.406159 2.905512 3.801376, -0.503423 2.905512 3.835410, -0.597871 2.905512 3.876618, -0.688976 2.905512 3.924768, -0.776228 2.905512 3.979592, -0.859139 2.905512 4.040783, -0.937246 2.905512 4.107999, -1.010111 2.905512 4.180864, -1.077327 2.905512 4.258971, -1.138518 2.905512 4.341882, -1.193342 2.905512 4.429134, -1.241493 2.905512 4.520239, -1.282700 2.905512 4.614688, -1.316734 2.905512 4.711952, -1.343405 2.905512 4.811487, -1.362562 2.905512 4.912737, -1.374100 2.905512 5.015136, -1.377953 2.905512 5.118110, -1.374100 2.905512 5.221085, -1.362562 2.905512 5.323483, -1.343405 2.905512 5.424734, -1.316734 2.905512 5.524269, -1.282700 2.905512 5.621533, -1.241493 2.905512 5.715982, -1.193342 2.905512 5.807087, -1.138518 2.905512 5.894339, -1.077327 2.905512 5.977250, -1.010111 2.905512 6.055356, -0.937246 2.905512 6.128221, -0.859139 2.905512 6.195437, -0.776228 2.905512 6.256628, -0.688976 2.905512 6.311452, -0.597871 2.905512 6.359603, -0.503423 2.905512 6.400810, -0.406159 2.905512 6.434844, -0.306623 2.905512 6.461515, -0.205373 2.905512 6.480672, -0.102975 2.905512 6.492210, -0.000000 2.905512 6.496063, 0.102975 2.905512 6.492210, 0.205373 2.905512 6.480672, 0.306623 2.905512 6.461515, 0.406159 2.905512 6.434844, 0.503423 2.905512 6.400810, 0.597871 2.905512 6.359603, 0.688976 2.905512 6.311452, 0.776228 2.905512 6.256628, 0.859139 2.905512 6.195437, 0.937246 2.905512 6.128221, 1.010111 2.905512 6.055356, 1.077327 2.905512 5.977250, 1.138518 2.905512 5.894339, 1.193342 2.905512 5.807087, 1.241493 2.905512 5.715982, 1.282700 2.905512 5.621533, 1.316734 2.905512 5.524269, 1.343405 2.905512 5.424734, 1.362562 2.905512 5.323483, 1.374100 2.905512 5.221085 ] } coordIndex [ 87 1 0 -1, 87 2 1 -1, 88 3 2 -1, 88 2 87 -1, 89 4 3 -1, 89 3 88 -1, 90 5 4 -1, 90 4 89 -1, 91 6 5 -1, 91 5 90 -1, 92 7 6 -1, 92 6 91 -1, 93 8 7 -1, 93 7 92 -1, 94 8 93 -1, 94 9 8 -1, 95 10 9 -1, 95 9 94 -1, 96 11 10 -1, 96 10 95 -1, 96 12 11 -1, 97 12 96 -1, 98 13 12 -1, 98 12 97 -1, 99 14 13 -1, 99 15 14 -1, 99 13 98 -1, 100 15 99 -1, 101 16 15 -1, 101 17 16 -1, 101 15 100 -1, 102 17 101 -1, 103 18 17 -1, 103 17 102 -1, 104 19 18 -1, 104 18 103 -1, 105 20 19 -1, 105 19 104 -1, 106 21 20 -1, 106 20 105 -1, 107 22 21 -1, 107 21 106 -1, 108 23 22 -1, 108 22 107 -1, 109 24 23 -1, 109 25 24 -1, 109 23 108 -1, 110 25 109 -1, 111 26 25 -1, 111 25 110 -1, 112 27 26 -1, 112 26 111 -1, 113 28 27 -1, 113 29 28 -1, 113 27 112 -1, 114 29 113 -1, 115 30 29 -1, 115 31 30 -1, 115 29 114 -1, 116 31 115 -1, 117 32 31 -1, 117 33 32 -1, 117 31 116 -1, 118 33 117 -1, 119 33 118 -1, 119 34 33 -1, 120 34 119 -1, 120 35 34 -1, 121 35 120 -1, 121 36 35 -1, 122 36 121 -1, 122 37 36 -1, 123 37 122 -1, 123 38 37 -1, 124 38 123 -1, 124 39 38 -1, 125 39 124 -1, 125 40 39 -1, 125 41 40 -1, 126 41 125 -1, 126 42 41 -1, 127 42 126 -1, 128 42 127 -1, 128 43 42 -1, 128 44 43 -1, 129 45 44 -1, 129 44 128 -1, 130 45 129 -1, 131 46 45 -1, 131 45 130 -1, 132 47 46 -1, 132 46 131 -1, 133 48 47 -1, 133 49 48 -1, 133 47 132 -1, 134 49 133 -1, 135 50 49 -1, 135 49 134 -1, 136 51 50 -1, 136 52 51 -1, 136 50 135 -1, 137 52 136 -1, 138 53 52 -1, 138 52 137 -1, 139 54 53 -1, 139 53 138 -1, 140 55 54 -1, 140 54 139 -1, 141 56 55 -1, 141 55 140 -1, 142 57 56 -1, 142 56 141 -1, 143 58 57 -1, 143 57 142 -1, 144 58 143 -1, 144 59 58 -1, 145 59 144 -1, 145 60 59 -1, 145 61 60 -1, 146 61 145 -1, 147 61 146 -1, 147 62 61 -1, 148 62 147 -1, 148 63 62 -1, 149 63 148 -1, 149 64 63 -1, 150 64 149 -1, 150 65 64 -1, 151 65 150 -1, 151 66 65 -1, 152 66 151 -1, 152 67 66 -1, 153 67 152 -1, 153 68 67 -1, 154 68 153 -1, 154 69 68 -1, 155 69 154 -1, 155 70 69 -1, 156 70 155 -1, 156 71 70 -1, 157 71 156 -1, 157 72 71 -1, 158 72 157 -1, 158 73 72 -1, 159 73 158 -1, 159 74 73 -1, 160 74 159 -1, 160 75 74 -1, 161 75 160 -1, 161 76 75 -1, 162 76 161 -1, 162 77 76 -1, 163 78 77 -1, 163 77 162 -1, 164 79 78 -1, 164 78 163 -1, 165 80 79 -1, 165 79 164 -1, 166 81 80 -1, 166 80 165 -1, 167 82 81 -1, 167 81 166 -1, 168 83 82 -1, 168 82 167 -1, 169 83 168 -1, 169 84 83 -1, 169 85 84 -1, 86 85 169 -1, 219 221 220 -1, 219 222 221 -1, 219 223 222 -1, 219 224 223 -1, 219 225 224 -1, 227 226 225 -1, 217 225 219 -1, 217 219 218 -1, 229 228 227 -1, 214 216 215 -1, 214 217 216 -1, 213 217 214 -1, 234 229 227 -1, 234 230 229 -1, 234 231 230 -1, 234 232 231 -1, 234 233 232 -1, 211 213 212 -1, 236 235 234 -1, 237 236 234 -1, 207 209 208 -1, 206 210 209 -1, 206 211 210 -1, 206 209 207 -1, 240 239 238 -1, 204 206 205 -1, 241 240 238 -1, 241 238 237 -1, 201 211 206 -1, 201 203 202 -1, 201 204 203 -1, 201 206 204 -1, 244 241 237 -1, 244 242 241 -1, 244 243 242 -1, 199 201 200 -1, 246 237 234 -1, 246 244 237 -1, 246 245 244 -1, 197 199 198 -1, 197 201 199 -1, 249 247 246 -1, 249 248 247 -1, 194 196 195 -1, 193 225 217 -1, 193 217 213 -1, 193 213 211 -1, 193 197 196 -1, 193 211 201 -1, 193 201 197 -1, 193 196 194 -1, 193 227 225 -1, 191 193 192 -1, 170 253 252 -1, 172 171 170 -1, 172 170 252 -1, 172 251 250 -1, 172 252 251 -1, 188 190 189 -1, 188 191 190 -1, 187 191 188 -1, 174 173 172 -1, 174 172 250 -1, 177 175 174 -1, 177 176 175 -1, 177 174 250 -1, 177 250 249 -1, 184 186 185 -1, 184 187 186 -1, 183 193 191 -1, 183 234 227 -1, 183 191 187 -1, 183 187 184 -1, 183 246 234 -1, 183 227 193 -1, 180 178 177 -1, 180 179 178 -1, 180 177 249 -1, 180 246 183 -1, 180 249 246 -1, 181 183 182 -1, 181 180 183 -1, 303 304 305 -1, 303 305 306 -1, 303 306 307 -1, 303 307 308 -1, 303 308 309 -1, 311 309 310 -1, 301 303 309 -1, 301 302 303 -1, 313 311 312 -1, 298 299 300 -1, 298 300 301 -1, 297 298 301 -1, 318 311 313 -1, 318 313 314 -1, 318 314 315 -1, 318 315 316 -1, 318 316 317 -1, 295 296 297 -1, 320 318 319 -1, 321 318 320 -1, 291 292 293 -1, 290 293 294 -1, 290 294 295 -1, 290 291 293 -1, 324 322 323 -1, 288 289 290 -1, 325 322 324 -1, 325 321 322 -1, 285 290 295 -1, 285 286 287 -1, 285 287 288 -1, 285 288 290 -1, 328 321 325 -1, 328 325 326 -1, 328 326 327 -1, 283 284 285 -1, 330 318 321 -1, 330 321 328 -1, 330 328 329 -1, 281 282 283 -1, 281 283 285 -1, 333 330 331 -1, 333 331 332 -1, 278 279 280 -1, 277 301 309 -1, 277 297 301 -1, 277 295 297 -1, 277 280 281 -1, 277 285 295 -1, 277 281 285 -1, 277 278 280 -1, 277 309 311 -1, 275 276 277 -1, 254 336 337 -1, 256 254 255 -1, 256 336 254 -1, 256 334 335 -1, 256 335 336 -1, 272 273 274 -1, 272 274 275 -1, 271 272 275 -1, 258 256 257 -1, 258 334 256 -1, 261 258 259 -1, 261 259 260 -1, 261 334 258 -1, 261 333 334 -1, 268 269 270 -1, 268 270 271 -1, 267 275 277 -1, 267 311 318 -1, 267 271 275 -1, 267 268 271 -1, 267 318 330 -1, 267 277 311 -1, 264 261 262 -1, 264 262 263 -1, 264 333 261 -1, 264 267 330 -1, 264 330 333 -1, 265 266 267 -1, 265 267 264 -1 ] } }
Shape { appearance Appearance { material Material { diffuseColor 0.64 0.66 0.69 specularColor .4 .4 .4 shininess .5 } } geometry IndexedFaceSet { solid FALSE coord Coordinate { point [ 1.377953 3.090551 5.118110, 1.377953 3.200787 5.118110, 1.374100 3.200787 5.015136, 1.362562 3.200787 4.912737, 1.343405 3.200787 4.811487, 1.316734 3.200787 4.711952, 1.282700 3.200787 4.614688, 1.241493 3.200787 4.520239, 1.193342 3.200787 4.429134, 1.138518 3.200787 4.341882, 1.077327 3.200787 4.258971, 1.010111 3.200787 4.180864, 0.937246 3.200787 4.107999, 0.859139 3.200787 4.040783, 0.776228 3.200787 3.979592, 0.688976 3.200787 3.924768, 0.597871 3.200787 3.876618, 0.503423 3.200787 3.835410, 0.406159 3.200787 3.801376, 0.306623 3.200787 3.774706, 0.205373 3.200787 3.755548, 0.102975 3.200787 3.744011, -0.000000 3.200787 3.740157, -0.102975 3.200787 3.744011, -0.205373 3.200787 3.755548, -0.306623 3.200787 3.774706, -0.406159 3.200787 3.801376, -0.503423 3.200787 3.835410, -0.597871 3.200787 3.876618, -0.688976 3.200787 3.924768, -0.776228 3.200787 3.979592, -0.859139 3.200787 4.040783, -0.937246 3.200787 4.107999, -1.010111 3.200787 4.180864, -1.077327 3.200787 4.258971, -1.138518 3.200787 4.341882, -1.193342 3.200787 4.429134, -1.241493 3.200787 4.520239, -1.282700 3.200787 4.614688, -1.316734 3.200787 4.711952, -1.343405 3.200787 4.811487, -1.362562 3.200787 4.912737, -1.374100 3.200787 5.015136, -1.377953 3.200787 5.118110, -1.374100 3.200787 5.221085, -1.362562 3.200787 5.323483, -1.343405 3.200787 5.424734, -1.316734 3.200787 5.524269, -1.282700 3.200787 5.621533, -1.241493 3.200787 5.715982, -1.193342 3.200787 5.807087, -1.138518 3.200787 5.894339, -1.077327 3.200787 5.977250, -1.010111 3.200787 6.055356, -0.937246 3.200787 6.128221, -0.859139 3.200787 6.195437, -0.776228 3.200787 6.256628, -0.688976 3.200787 6.311452, -0.597871 3.200787 6.359603, -0.503423 3.200787 6.400810, -0.406159 3.200787 6.434844, -0.306623 3.200787 6.461515, -0.205373 3.200787 6.480672, -0.102975 3.200787 6.492210, -0.000000 3.200787 6.496063, 0.102975 3.200787 6.492210, 0.205373 3.200787 6.480672, 0.306623 3.200787 6.461515, 0.406159 3.200787 6.434844, 0.503423 3.200787 6.400810, 0.597871 3.200787 6.359603, 0.688976 3.200787 6.311452, 0.776228 3.200787 6.256628, 0.859139 3.200787 6.195437, 0.937246 3.200787 6.128221, 1.010111 3.200787 6.055356, 1.077327 3.200787 5.977250, 1.138518 3.200787 5.894339, 1.193342 3.200787 5.807087, 1.241493 3.200787 5.715982, 1.282700 3.200787 5.621533, 1.316734 3.200787 5.524269, 1.343405 3.200787 5.424734, 1.362562 3.200787 5.323483, 1.374100 3.200787 5.221085, 1.377953 3.200787 5.118110, 1.377953 3.090551 5.118110, 1.374100 3.090551 5.015136, 1.362562 3.090551 4.912737, 1.343405 3.090551 4.811487, 1.316734 3.090551 4.711952, 1.282700 3.090551 4.614688, 1.241493 3.090551 4.520239, 1.193342 3.090551 4.429134, 1.138518 3.090551 4.341882, 1.077327 3.090551 4.258971, 1.010111 3.090551 4.180864, 0.937246 3.090551 4.107999, 0.859139 3.090551 4.040783, 0.776228 3.090551 3.979592, 0.688976 3.090551 3.924768, 0.597871 3.090551 3.876618, 0.503423 3.090551 3.835410, 0.406159 3.090551 3.801376, 0.306623 3.090551 3.774706, 0.205373 3.090551 3.755548, 0.102975 3.090551 3.744011, -0.000000 3.090551 3.740157, -0.102975 3.090551 3.744011, -0.205373 3.090551 3.755548, -0.306623 3.090551 3.774706, -0.406159 3.090551 3.801376, -0.503423 3.090551 3.835410, -0.597871 3.090551 3.876618, -0.688976 3.090551 3.924768, -0.776228 3.090551 3.979592, -0.859139 3.090551 4.040783, -0.937246 3.090551 4.107999, -1.010111 3.090551 4.180864, -1.077327 3.090551 4.258971, -1.138518 3.090551 4.341882, -1.193342 3.090551 4.429134, -1.241493 3.090551 4.520239, -1.282700 3.090551 4.614688, -1.316734 3.090551 4.711952, -1.343405 3.090551 4.811487, -1.362562 3.090551 4.912737, -1.374100 3.090551 5.015136, -1.377953 3.090551 5.118110, -1.374100 3.090551 5.221085, -1.362562 3.090551 5.323483, -1.343405 3.090551 5.424734, -1.316734 3.090551 5.524269, -1.282700 3.090551 5.621533, -1.241493 3.090551 5.715982, -1.193342 3.090551 5.807087, -1.138518 3.090551 5.894339, -1.077327 3.090551 5.977250, -1.010111 3.090551 6.055356, -0.937246 3.090551 6.128221, -0.859139 3.090551 6.195437, -0.776228 3.090551 6.256628, -0.688976 3.090551 6.311452, -0.597871 3.090551 6.359603, -0.503423 3.090551 6.400810, -0.406159 3.090551 6.434844, -0.306623 3.090551 6.461515, -0.205373 3.090551 6.480672, -0.102975 3.090551 6.492210, -0.000000 3.090551 6.496063, 0.102975 3.090551 6.492210, 0.205373 3.090551 6.480672, 0.306623 3.090551 6.461515, 0.406159 3.090551 6.434844, 0.503423 3.090551 6.400810, 0.597871 3.090551 6.359603, 0.688976 3.090551 6.311452, 0.776228 3.090551 6.256628, 0.859139 3.090551 6.195437, 0.937246 3.090551 6.128221, 1.010111 3.090551 6.055356, 1.077327 3.090551 5.977250, 1.138518 3.090551 5.894339, 1.193342 3.090551 5.807087, 1.241493 3.090551 5.715982, 1.282700 3.090551 5.621533, 1.316734 3.090551 5.524269, 1.343405 3.090551 5.424734, 1.362562 3.090551 5.323483, 1.374100 3.090551 5.221085, 1.377953 3.090551 5.118110, 1.374100 3.090551 5.015136, 1.362562 3.090551 4.912737, 1.343405 3.090551 4.811487, 1.316734 3.090551 4.711952, 1.282700 3.090551 4.614688, 1.241493 3.090551 4.520239, 1.193342 3.090551 4.429134, 1.138518 3.090551 4.341882, 1.077327 3.090551 4.258971, 1.010111 3.090551 4.180864, 0.937246 3.090551 4.107999, 0.859139 3.090551 4.040783, 0.776228 3.090551 3.979592, 0.688976 3.090551 3.924768, 0.597871 3.090551 3.876618, 0.503423 3.090551 3.835410, 0.406159 3.090551 3.801376, 0.306623 3.090551 3.774706, 0.205373 3.090551 3.755548, 0.102975 3.090551 3.744011, -0.000000 3.090551 3.740157, -0.102975 3.090551 3.744011, -0.205373 3.090551 3.755548, -0.306623 3.090551 3.774706, -0.406159 3.090551 3.801376, -0.503423 3.090551 3.835410, -0.597871 3.090551 3.876618, -0.688976 3.090551 3.924768, -0.776228 3.090551 3.979592, -0.859139 3.090551 4.040783, -0.937246 3.090551 4.107999, -1.010111 3.090551 4.180864, -1.077327 3.090551 4.258971, -1.138518 3.090551 4.341882, -1.193342 3.090551 4.429134, -1.241493 3.090551 4.520239, -1.282700 3.090551 4.614688, -1.316734 3.090551 4.711952, -1.343405 3.090551 4.811487, -1.362562 3.090551 4.912737, -1.374100 3.090551 5.015136, -1.377953 3.090551 5.118110, -1.374100 3.090551 5.221085, -1.362562 3.090551 5.323483, -1.343405 3.090551 5.424734, -1.316734 3.090551 5.524269, -1.282700 3.090551 5.621533, -1.241493 3.090551 5.715982, -1.193342 3.090551 5.807087, -1.138518 3.090551 5.894339, -1.077327 3.090551 5.977250, -1.010111 3.090551 6.055356, -0.937246 3.090551 6.128221, -0.859139 3.090551 6.195437, -0.776228 3.090551 6.256628, -0.688976 3.090551 6.311452, -0.597871 3.090551 6.359603, -0.503423 3.090551 6.400810, -0.406159 3.090551 6.434844, -0.306623 3.090551 6.461515, -0.205373 3.090551 6.480672, -0.102975 3.090551 6.492210, -0.000000 3.090551 6.496063, 0.102975 3.090551 6.492210, 0.205373 3.090551 6.480672, 0.306623 3.090551 6.461515, 0.406159 3.090551 6.434844, 0.503423 3.090551 6.400810, 0.597871 3.090551 6.359603, 0.688976 3.090551 6.311452, 0.776228 3.090551 6.256628, 0.859139 3.090551 6.195437, 0.937246 3.090551 6.128221, 1.010111 3.090551 6.055356, 1.077327 3.090551 5.977250, 1.138518 3.090551 5.894339, 1.193342 3.090551 5.807087, 1.241493 3.090551 5.715982, 1.282700 3.090551 5.621533, 1.316734 3.090551 5.524269, 1.343405 3.090551 5.424734, 1.362562 3.090551 5.323483, 1.374100 3.090551 5.221085, 1.377953 3.200787 5.118110, 1.374100 3.200787 5.015136, 1.362562 3.200787 4.912737, 1.343405 3.200787 4.811487, 1.316734 3.200787 4.711952, 1.282700 3.200787 4.614688, 1.241493 3.200787 4.520239, 1.193342 3.200787 4.429134, 1.138518 3.200787 4.341882, 1.077327 3.200787 4.258971, 1.010111 3.200787 4.180864, 0.937246 3.200787 4.107999, 0.859139 3.200787 4.040783, 0.776228 3.200787 3.979592, 0.688976 3.200787 3.924768, 0.597871 3.200787 3.876618, 0.503423 3.200787 3.835410, 0.406159 3.200787 3.801376, 0.306623 3.200787 3.774706, 0.205373 3.200787 3.755548, 0.102975 3.200787 3.744011, -0.000000 3.200787 3.740157, -0.102975 3.200787 3.744011, -0.205373 3.200787 3.755548, -0.306623 3.200787 3.774706, -0.406159 3.200787 3.801376, -0.503423 3.200787 3.835410, -0.597871 3.200787 3.876618, -0.688976 3.200787 3.924768, -0.776228 3.200787 3.979592, -0.859139 3.200787 4.040783, -0.937246 3.200787 4.107999, -1.010111 3.200787 4.180864, -1.077327 3.200787 4.258971, -1.138518 3.200787 4.341882, -1.193342 3.200787 4.429134, -1.241493 3.200787 4.520239, -1.282700 3.200787 4.614688, -1.316734 3.200787 4.711952, -1.343405 3.200787 4.811487, -1.362562 3.200787 4.912737, -1.374100 3.200787 5.015136, -1.377953 3.200787 5.118110, -1.374100 3.200787 5.221085, -1.362562 3.200787 5.323483, -1.343405 3.200787 5.424734, -1.316734 3.200787 5.524269, -1.282700 3.200787 5.621533, -1.241493 3.200787 5.715982, -1.193342 3.200787 5.807087, -1.138518 3.200787 5.894339, -1.077327 3.200787 5.977250, -1.010111 3.200787 6.055356, -0.937246 3.200787 6.128221, -0.859139 3.200787 6.195437, -0.776228 3.200787 6.256628, -0.688976 3.200787 6.311452, -0.597871 3.200787 6.359603, -0.503423 3.200787 6.400810, -0.406159 3.200787 6.434844, -0.306623 3.200787 6.461515, -0.205373 3.200787 6.480672, -0.102975 3.200787 6.492210, -0.000000 3.200787 6.496063, 0.102975 3.200787 6.492210, 0.205373 3.200787 6.480672, 0.306623 3.200787 6.461515, 0.406159 3.200787 6.434844, 0.503423 3.200787 6.400810, 0.597871 3.200787 6.359603, 0.688976 3.200787 6.311452, 0.776228 3.200787 6.256628, 0.859139 3.200787 6.195437, 0.937246 3.200787 6.128221, 1.010111 3.200787 6.055356, 1.077327 3.200787 5.977250, 1.138518 3.200787 5.894339, 1.193342 3.200787 5.807087, 1.241493 3.200787 5.715982, 1.282700 3.200787 5.621533, 1.316734 3.200787 5.524269, 1.343405 3.200787 5.424734, 1.362562 3.200787 5.323483, 1.374100 3.200787 5.221085 ] } coordIndex [ 87 1 0 -1, 87 2 1 -1, 88 3 2 -1, 88 2 87 -1, 89 4 3 -1, 89 3 88 -1, 90 5 4 -1, 90 4 89 -1, 91 6 5 -1, 91 5 90 -1, 92 7 6 -1, 92 6 91 -1, 93 8 7 -1, 93 7 92 -1, 94 8 93 -1, 94 9 8 -1, 95 10 9 -1, 95 9 94 -1, 96 11 10 -1, 96 10 95 -1, 97 12 11 -1, 97 11 96 -1, 98 13 12 -1, 98 12 97 -1, 99 14 13 -1, 99 15 14 -1, 99 13 98 -1, 100 15 99 -1, 101 16 15 -1, 101 15 100 -1, 102 17 16 -1, 102 16 101 -1, 103 18 17 -1, 103 17 102 -1, 104 19 18 -1, 104 18 103 -1, 105 20 19 -1, 105 19 104 -1, 106 21 20 -1, 106 20 105 -1, 107 22 21 -1, 107 23 22 -1, 107 21 106 -1, 108 23 107 -1, 109 24 23 -1, 109 23 108 -1, 110 25 24 -1, 110 24 109 -1, 111 26 25 -1, 111 25 110 -1, 112 27 26 -1, 112 26 111 -1, 113 28 27 -1, 113 27 112 -1, 114 29 28 -1, 114 30 29 -1, 114 28 113 -1, 115 30 114 -1, 116 31 30 -1, 116 30 115 -1, 117 32 31 -1, 117 31 116 -1, 118 32 117 -1, 118 33 32 -1, 119 33 118 -1, 119 34 33 -1, 120 34 119 -1, 120 35 34 -1, 121 35 120 -1, 121 36 35 -1, 121 37 36 -1, 122 37 121 -1, 122 38 37 -1, 123 38 122 -1, 124 38 123 -1, 124 39 38 -1, 125 39 124 -1, 125 40 39 -1, 126 40 125 -1, 126 41 40 -1, 127 41 126 -1, 127 42 41 -1, 128 42 127 -1, 128 43 42 -1, 129 44 43 -1, 129 43 128 -1, 130 44 129 -1, 130 45 44 -1, 131 46 45 -1, 131 45 130 -1, 132 47 46 -1, 132 48 47 -1, 132 46 131 -1, 133 48 132 -1, 134 49 48 -1, 134 50 49 -1, 134 48 133 -1, 135 50 134 -1, 136 51 50 -1, 136 50 135 -1, 137 52 51 -1, 137 51 136 -1, 138 53 52 -1, 138 52 137 -1, 139 54 53 -1, 139 53 138 -1, 140 55 54 -1, 140 56 55 -1, 140 54 139 -1, 141 56 140 -1, 142 57 56 -1, 142 56 141 -1, 143 58 57 -1, 143 57 142 -1, 144 58 143 -1, 144 59 58 -1, 145 59 144 -1, 145 60 59 -1, 145 61 60 -1, 146 61 145 -1, 147 61 146 -1, 147 62 61 -1, 147 63 62 -1, 148 63 147 -1, 149 63 148 -1, 149 64 63 -1, 150 64 149 -1, 150 65 64 -1, 151 65 150 -1, 151 66 65 -1, 152 66 151 -1, 152 67 66 -1, 153 67 152 -1, 153 68 67 -1, 154 68 153 -1, 154 69 68 -1, 155 69 154 -1, 155 70 69 -1, 156 70 155 -1, 156 71 70 -1, 157 71 156 -1, 157 72 71 -1, 158 72 157 -1, 158 73 72 -1, 159 73 158 -1, 159 74 73 -1, 160 74 159 -1, 160 75 74 -1, 160 76 75 -1, 161 76 160 -1, 162 76 161 -1, 162 77 76 -1, 163 78 77 -1, 163 77 162 -1, 164 79 78 -1, 164 78 163 -1, 165 80 79 -1, 165 79 164 -1, 166 81 80 -1, 166 80 165 -1, 167 82 81 -1, 167 81 166 -1, 168 83 82 -1, 168 82 167 -1, 169 83 168 -1, 169 84 83 -1, 169 85 84 -1, 86 85 169 -1, 219 221 220 -1, 219 222 221 -1, 219 223 222 -1, 219 224 223 -1, 219 225 224 -1, 227 226 225 -1, 217 225 219 -1, 217 219 218 -1, 229 228 227 -1, 214 216 215 -1, 214 217 216 -1, 213 217 214 -1, 234 229 227 -1, 234 230 229 -1, 234 231 230 -1, 234 232 231 -1, 234 233 232 -1, 211 213 212 -1, 236 235 234 -1, 237 236 234 -1, 207 209 208 -1, 206 210 209 -1, 206 211 210 -1, 206 209 207 -1, 240 239 238 -1, 204 206 205 -1, 241 240 238 -1, 241 238 237 -1, 201 211 206 -1, 201 203 202 -1, 201 204 203 -1, 201 206 204 -1, 244 241 237 -1, 244 242 241 -1, 244 243 242 -1, 199 201 200 -1, 246 237 234 -1, 246 244 237 -1, 246 245 244 -1, 197 199 198 -1, 197 201 199 -1, 249 247 246 -1, 249 248 247 -1, 194 196 195 -1, 193 225 217 -1, 193 217 213 -1, 193 213 211 -1, 193 197 196 -1, 193 211 201 -1, 193 201 197 -1, 193 196 194 -1, 193 227 225 -1, 191 193 192 -1, 170 253 252 -1, 172 171 170 -1, 172 170 252 -1, 172 251 250 -1, 172 252 251 -1, 188 190 189 -1, 188 191 190 -1, 187 191 188 -1, 174 173 172 -1, 174 172 250 -1, 177 175 174 -1, 177 176 175 -1, 177 174 250 -1, 177 250 249 -1, 184 186 185 -1, 184 187 186 -1, 183 193 191 -1, 183 234 227 -1, 183 191 187 -1, 183 187 184 -1, 183 246 234 -1, 183 227 193 -1, 180 178 177 -1, 180 179 178 -1, 180 177 249 -1, 180 246 183 -1, 180 249 246 -1, 181 183 182 -1, 181 180 183 -1, 303 304 305 -1, 303 305 306 -1, 303 306 307 -1, 303 307 308 -1, 303 308 309 -1, 311 309 310 -1, 301 303 309 -1, 301 302 303 -1, 313 311 312 -1, 298 299 300 -1, 298 300 301 -1, 297 298 301 -1, 318 311 313 -1, 318 313 314 -1, 318 314 315 -1, 318 315 316 -1, 318 316 317 -1, 295 296 297 -1, 320 318 319 -1, 321 318 320 -1, 291 292 293 -1, 290 293 294 -1, 290 294 295 -1, 290 291 293 -1, 324 322 323 -1, 288 289 290 -1, 325 322 324 -1, 325 321 322 -1, 285 290 295 -1, 285 286 287 -1, 285 287 288 -1, 285 288 290 -1, 328 321 325 -1, 328 325 326 -1, 328 326 327 -1, 283 284 285 -1, 330 318 321 -1, 330 321 328 -1, 330 328 329 -1, 281 282 283 -1, 281 283 285 -1, 333 330 331 -1, 333 331 332 -1, 278 279 280 -1, 277 301 309 -1, 277 297 301 -1, 277 295 297 -1, 277 280 281 -1, 277 285 295 -1, 277 281 285 -1, 277 278 280 -1, 277 309 311 -1, 275 276 277 -1, 254 336 337 -1, 256 254 255 -1, 256 336 254 -1, 256 334 335 -1, 256 335 336 -1, 272 273 274 -1, 272 274 275 -1, 271 272 275 -1, 258 256 257 -1, 258 334 256 -1, 261 258 259 -1, 261 259 260 -1, 261 334 258 -1, 261 333 334 -1, 268 269 270 -1, 268 270 271 -1, 267 275 277 -1, 267 311 318 -1, 267 271 275 -1, 267 268 271 -1, 267 318 330 -1, 267 277 311 -1, 264 261 262 -1, 264 262 263 -1, 264 333 261 -1, 264 267 330 -1, 264 330 333 -1, 265 266 267 -1, 265 267 264 -1 ] } }
Shape { appearance Appearance { material Material { diffuseColor 0.64 0.66 0.69 specularColor .4 .4 .4 shininess .5 } } geometry IndexedFaceSet { solid FALSE coord Coordinate { point [ 1.377953 3.385827 5.118110, 1.377953 3.496063 5.118110, 1.374100 3.496063 5.015136, 1.362562 3.496063 4.912737, 1.343405 3.496063 4.811487, 1.316734 3.496063 4.711952, 1.282700 3.496063 4.614688, 1.241493 3.496063 4.520239, 1.193342 3.496063 4.429134, 1.138518 3.496063 4.341882, 1.077327 3.496063 4.258971, 1.010111 3.496063 4.180864, 0.937246 3.496063 4.107999, 0.859139 3.496063 4.040783, 0.776228 3.496063 3.979592, 0.688976 3.496063 3.924768, 0.597871 3.496063 3.876618, 0.503423 3.496063 3.835410, 0.406159 3.496063 3.801376, 0.306623 3.496063 3.774706, 0.205373 3.496063 3.755548, 0.102975 3.496063 3.744011, -0.000000 3.496063 3.740157, -0.102975 3.496063 3.744011, -0.205373 3.496063 3.755548, -0.306623 3.496063 3.774706, -0.406159 3.496063 3.801376, -0.503423 3.496063 3.835410, -0.597871 3.496063 3.876618, -0.688976 3.496063 3.924768, -0.776228 3.496063 3.979592, -0.859139 3.496063 4.040783, -0.937246 3.496063 4.107999, -1.010111 3.496063 4.180864, -1.077327 3.496063 4.258971, -1.138518 3.496063 4.341882, -1.193342 3.496063 4.429134, -1.241493 3.496063 4.520239, -1.282700 3.496063 4.614688, -1.316734 3.496063 4.711952, -1.343405 3.496063 4.811487, -1.362562 3.496063 4.912737, -1.374100 3.496063 5.015136, -1.377953 3.496063 5.118110, -1.374100 3.496063 5.221085, -1.362562 3.496063 5.323483, -1.343405 3.496063 5.424734, -1.316734 3.496063 5.524269, -1.282700 3.496063 5.621533, -1.241493 3.496063 5.715982, -1.193342 3.496063 5.807087, -1.138518 3.496063 5.894339, -1.077327 3.496063 5.977250, -1.010111 3.496063 6.055356, -0.937246 3.496063 6.128221, -0.859139 3.496063 6.195437, -0.776228 3.496063 6.256628, -0.688976 3.496063 6.311452, -0.597871 3.496063 6.359603, -0.503423 3.496063 6.400810, -0.406159 3.496063 6.434844, -0.306623 3.496063 6.461515, -0.205373 3.496063 6.480672, -0.102975 3.496063 6.492210, -0.000000 3.496063 6.496063, 0.102975 3.496063 6.492210, 0.205373 3.496063 6.480672, 0.306623 3.496063 6.461515, 0.406159 3.496063 6.434844, 0.503423 3.496063 6.400810, 0.597871 3.496063 6.359603, 0.688976 3.496063 6.311452, 0.776228 3.496063 6.256628, 0.859139 3.496063 6.195437, 0.937246 3.496063 6.128221, 1.010111 3.496063 6.055356, 1.077327 3.496063 5.977250, 1.138518 3.496063 5.894339, 1.193342 3.496063 5.807087, 1.241493 3.496063 5.715982, 1.282700 3.496063 5.621533, 1.316734 3.496063 5.524269, 1.343405 3.496063 5.424734, 1.362562 3.496063 5.323483, 1.374100 3.496063 5.221085, 1.377953 3.496063 5.118110, 1.377953 3.385827 5.118110, 1.374100 3.385827 5.015136, 1.362562 3.385827 4.912737, 1.343405 3.385827 4.811487, 1.316734 3.385827 4.711952, 1.282700 3.385827 4.614688, 1.241493 3.385827 4.520239, 1.193342 3.385827 4.429134, 1.138518 3.385827 4.341882, 1.077327 3.385827 4.258971, 1.010111 3.385827 4.180864, 0.937246 3.385827 4.107999, 0.859139 3.385827 4.040783, 0.776228 3.385827 3.979592, 0.688976 3.385827 3.924768, 0.597871 3.385827 3.876618, 0.503423 3.385827 3.835410, 0.406159 3.385827 3.801376, 0.306623 3.385827 3.774706, 0.205373 3.385827 3.755548, 0.102975 3.385827 3.744011, -0.000000 3.385827 3.740157, -0.102975 3.385827 3.744011, -0.205373 3.385827 3.755548, -0.306623 3.385827 3.774706, -0.406159 3.385827 3.801376, -0.503423 3.385827 3.835410, -0.597871 3.385827 3.876618, -0.688976 3.385827 3.924768, -0.776228 3.385827 3.979592, -0.859139 3.385827 4.040783, -0.937246 3.385827 4.107999, -1.010111 3.385827 4.180864, -1.077327 3.385827 4.258971, -1.138518 3.385827 4.341882, -1.193342 3.385827 4.429134, -1.241493 3.385827 4.520239, -1.282700 3.385827 4.614688, -1.316734 3.385827 4.711952, -1.343405 3.385827 4.811487, -1.362562 3.385827 4.912737, -1.374100 3.385827 5.015136, -1.377953 3.385827 5.118110, -1.374100 3.385827 5.221085, -1.362562 3.385827 5.323483, -1.343405 3.385827 5.424734, -1.316734 3.385827 5.524269, -1.282700 3.385827 5.621533, -1.241493 3.385827 5.715982, -1.193342 3.385827 5.807087, -1.138518 3.385827 5.894339, -1.077327 3.385827 5.977250, -1.010111 3.385827 6.055356, -0.937246 3.385827 6.128221, -0.859139 3.385827 6.195437, -0.776228 3.385827 6.256628, -0.688976 3.385827 6.311452, -0.597871 3.385827 6.359603, -0.503423 3.385827 6.400810, -0.406159 3.385827 6.434844, -0.306623 3.385827 6.461515, -0.205373 3.385827 6.480672, -0.102975 3.385827 6.492210, -0.000000 3.385827 6.496063, 0.102975 3.385827 6.492210, 0.205373 3.385827 6.480672, 0.306623 3.385827 6.461515, 0.406159 3.385827 6.434844, 0.503423 3.385827 6.400810, 0.597871 3.385827 6.359603, 0.688976 3.385827 6.311452, 0.776228 3.385827 6.256628, 0.859139 3.385827 6.195437, 0.937246 3.385827 6.128221, 1.010111 3.385827 6.055356, 1.077327 3.385827 5.977250, 1.138518 3.385827 5.894339, 1.193342 3.385827 5.807087, 1.241493 3.385827 5.715982, 1.282700 3.385827 5.621533, 1.316734 3.385827 5.524269, 1.343405 3.385827 5.424734, 1.362562 3.385827 5.323483, 1.374100 3.385827 5.221085, 1.377953 3.385827 5.118110, 1.374100 3.385827 5.015136, 1.362562 3.385827 4.912737, 1.343405 3.385827 4.811487, 1.316734 3.385827 4.711952, 1.282700 3.385827 4.614688, 1.241493 3.385827 4.520239, 1.193342 3.385827 4.429134, 1.138518 3.385827 4.341882, 1.077327 3.385827 4.258971, 1.010111 3.385827 4.180864, 0.937246 3.385827 4.107999, 0.859139 3.385827 4.040783, 0.776228 3.385827 3.979592, 0.688976 3.385827 3.924768, 0.597871 3.385827 3.876618, 0.503423 3.385827 3.835410, 0.406159 3.385827 3.801376, 0.306623 3.385827 3.774706, 0.205373 3.385827 3.755548, 0.102975 3.385827 3.744011, -0.000000 3.385827 3.740157, -0.102975 3.385827 3.744011, -0.205373 3.385827 3.755548, -0.306623 3.385827 3.774706, -0.406159 3.385827 3.801376, -0.503423 3.385827 3.835410, -0.597871 3.385827 3.876618, -0.688976 3.385827 3.924768, -0.776228 3.385827 3.979592, -0.859139 3.385827 4.040783, -0.937246 3.385827 4.107999, -1.010111 3.385827 4.180864, -1.077327 3.385827 4.258971, -1.138518 3.385827 4.341882, -1.193342 3.385827 4.429134, -1.241493 3.385827 4.520239, -1.282700 3.385827 4.614688, -1.316734 3.385827 4.711952, -1.343405 3.385827 4.811487, -1.362562 3.385827 4.912737, -1.374100 3.385827 5.015136, -1.377953 3.385827 5.118110, -1.374100 3.385827 5.221085, -1.362562 3.385827 5.323483, -1.343405 3.385827 5.424734, -1.316734 3.385827 5.524269, -1.282700 3.385827 5.621533, -1.241493 3.385827 5.715982, -1.193342 3.385827 5.807087, -1.138518 3.385827 5.894339, -1.077327 3.385827 5.977250, -1.010111 3.385827 6.055356, -0.937246 3.385827 6.128221, -0.859139 3.385827 6.195437, -0.776228 3.385827 6.256628, -0.688976 3.385827 6.311452, -0.597871 3.385827 6.359603, -0.503423 3.385827 6.400810, -0.406159 3.385827 6.434844, -0.306623 3.385827 6.461515, -0.205373 3.385827 6.480672, -0.102975 3.385827 6.492210, -0.000000 3.385827 6.496063, 0.102975 3.385827 6.492210, 0.205373 3.385827 6.480672, 0.306623 3.385827 6.461515, 0.406159 3.385827 6.434844, 0.503423 3.385827 6.400810, 0.597871 3.385827 6.359603, 0.688976 3.385827 6.311452, 0.776228 3.385827 6.256628, 0.859139 3.385827 6.195437, 0.937246 3.385827 6.128221, 1.010111 3.385827 6.055356, 1.077327 3.385827 5.977250, 1.138518 3.385827 5.894339, 1.193342 3.385827 5.807087, 1.241493 3.385827 5.715982, 1.282700 3.385827 5.621533, 1.316734 3.385827 5.524269, 1.343405 3.385827 5.424734, 1.362562 3.385827 5.323483, 1.374100 3.385827 5.221085, 1.377953 3.496063 5.118110, 1.374100 3.496063 5.015136, 1.362562 3.496063 4.912737, 1.343405 3.496063 4.811487, 1.316734 3.496063 4.711952, 1.282700 3.496063 4.614688, 1.241493 3.496063 4.520239, 1.193342 3.496063 4.429134, 1.138518 3.496063 4.341882, 1.077327 3.496063 4.258971, 1.010111 3.496063 4.180864, 0.937246 3.496063 4.107999, 0.859139 3.496063 4.040783, 0.776228 3.496063 3.979592, 0.688976 3.496063 3.924768, 0.597871 3.496063 3.876618, 0.503423 3.496063 3.835410, 0.406159 3.496063 3.801376, 0.306623 3.496063 3.774706, 0.205373 3.496063 3.755548, 0.102975 3.496063 3.744011, -0.000000 3.496063 3.740157, -0.102975 3.496063 3.744011, -0.205373 3.496063 3.755548, -0.306623 3.496063 3.774706, -0.406159 3.496063 3.801376, -0.503423 3.496063 3.835410, -0.597871 3.496063 3.876618, -0.688976 3.496063 3.924768, -0.776228 3.496063 3.979592, -0.859139 3.496063 4.040783, -0.937246 3.496063 4.107999, -1.010111 3.496063 4.180864, -1.077327 3.496063 4.258971, -1.138518 3.496063 4.341882, -1.193342 3.496063 4.429134, -1.241493 3.496063 4.520239, -1.282700 3.496063 4.614688, -1.316734 3.496063 4.711952, -1.343405 3.496063 4.811487, -1.362562 3.496063 4.912737, -1.374100 3.496063 5.015136, -1.377953 3.496063 5.118110, -1.374100 3.496063 5.221085, -1.362562 3.496063 5.323483, -1.343405 3.496063 5.424734, -1.316734 3.496063 5.524269, -1.282700 3.496063 5.621533, -1.241493 3.496063 5.715982, -1.193342 3.496063 5.807087, -1.138518 3.496063 5.894339, -1.077327 3.496063 5.977250, -1.010111 3.496063 6.055356, -0.937246 3.496063 6.128221, -0.859139 3.496063 6.195437, -0.776228 3.496063 6.256628, -0.688976 3.496063 6.311452, -0.597871 3.496063 6.359603, -0.503423 3.496063 6.400810, -0.406159 3.496063 6.434844, -0.306623 3.496063 6.461515, -0.205373 3.496063 6.480672, -0.102975 3.496063 6.492210, -0.000000 3.496063 6.496063, 0.102975 3.496063 6.492210, 0.205373 3.496063 6.480672, 0.306623 3.496063 6.461515, 0.406159 3.496063 6.434844, 0.503423 3.496063 6.400810, 0.597871 3.496063 6.359603, 0.688976 3.496063 6.311452, 0.776228 3.496063 6.256628, 0.859139 3.496063 6.195437, 0.937246 3.496063 6.128221, 1.010111 3.496063 6.055356, 1.077327 3.496063 5.977250, 1.138518 3.496063 5.894339, 1.193342 3.496063 5.807087, 1.241493 3.496063 5.715982, 1.282700 3.496063 5.621533, 1.316734 3.496063 5.524269, 1.343405 3.496063 5.424734, 1.362562 3.496063 5.323483, 1.374100 3.496063 5.221085 ] } coordIndex [ 87 1 0 -1, 87 2 1 -1, 88 3 2 -1, 88 2 87 -1, 89 4 3 -1, 89 3 88 -1, 90 5 4 -1, 90 4 89 -1, 91 6 5 -1, 91 5 90 -1, 92 7 6 -1, 92 6 91 -1, 93 8 7 -1, 93 7 92 -1, 94 8 93 -1, 94 9 8 -1, 95 10 9 -1, 95 9 94 -1, 96 11 10 -1, 96 10 95 -1, 97 12 11 -1, 97 11 96 -1, 98 13 12 -1, 98 12 97 -1, 99 14 13 -1, 99 15 14 -1, 99 13 98 -1, 100 15 99 -1, 101 16 15 -1, 101 15 100 -1, 102 17 16 -1, 102 16 101 -1, 103 18 17 -1, 103 17 102 -1, 104 19 18 -1, 104 18 103 -1, 105 20 19 -1, 105 19 104 -1, 106 21 20 -1, 106 20 105 -1, 107 22 21 -1, 107 23 22 -1, 107 21 106 -1, 108 23 107 -1, 109 24 23 -1, 109 23 108 -1, 110 25 24 -1, 110 24 109 -1, 111 26 25 -1, 111 25 110 -1, 112 27 26 -1, 112 26 111 -1, 113 28 27 -1, 113 27 112 -1, 114 29 28 -1, 114 30 29 -1, 114 28 113 -1, 115 30 114 -1, 116 31 30 -1, 116 30 115 -1, 117 32 31 -1, 117 31 116 -1, 118 32 117 -1, 118 33 32 -1, 119 33 118 -1, 119 34 33 -1, 120 34 119 -1, 120 35 34 -1, 121 35 120 -1, 121 36 35 -1, 121 37 36 -1, 122 37 121 -1, 122 38 37 -1, 123 38 122 -1, 124 38 123 -1, 124 39 38 -1, 125 39 124 -1, 125 40 39 -1, 126 40 125 -1, 126 41 40 -1, 127 41 126 -1, 127 42 41 -1, 128 42 127 -1, 128 43 42 -1, 129 44 43 -1, 129 43 128 -1, 130 44 129 -1, 130 45 44 -1, 131 46 45 -1, 131 45 130 -1, 132 47 46 -1, 132 48 47 -1, 132 46 131 -1, 133 48 132 -1, 134 49 48 -1, 134 50 49 -1, 134 48 133 -1, 135 50 134 -1, 136 51 50 -1, 136 50 135 -1, 137 52 51 -1, 137 51 136 -1, 138 53 52 -1, 138 52 137 -1, 139 54 53 -1, 139 53 138 -1, 140 55 54 -1, 140 56 55 -1, 140 54 139 -1, 141 56 140 -1, 142 57 56 -1, 142 56 141 -1, 143 58 57 -1, 143 57 142 -1, 144 58 143 -1, 144 59 58 -1, 145 59 144 -1, 145 60 59 -1, 145 61 60 -1, 146 61 145 -1, 147 61 146 -1, 147 62 61 -1, 147 63 62 -1, 148 63 147 -1, 149 63 148 -1, 149 64 63 -1, 150 64 149 -1, 150 65 64 -1, 151 65 150 -1, 151 66 65 -1, 152 66 151 -1, 152 67 66 -1, 153 67 152 -1, 153 68 67 -1, 154 68 153 -1, 154 69 68 -1, 155 69 154 -1, 155 70 69 -1, 156 70 155 -1, 156 71 70 -1, 157 71 156 -1, 157 72 71 -1, 158 72 157 -1, 158 73 72 -1, 159 73 158 -1, 159 74 73 -1, 160 74 159 -1, 160 75 74 -1, 160 76 75 -1, 161 76 160 -1, 162 76 161 -1, 162 77 76 -1, 163 78 77 -1, 163 77 162 -1, 164 79 78 -1, 164 78 163 -1, 165 80 79 -1, 165 79 164 -1, 166 81 80 -1, 166 80 165 -1, 167 82 81 -1, 167 81 166 -1, 168 83 82 -1, 168 82 167 -1, 169 83 168 -1, 169 84 83 -1, 169 85 84 -1, 86 85 169 -1, 219 221 220 -1, 219 222 221 -1, 219 223 222 -1, 219 224 223 -1, 219 225 224 -1, 227 226 225 -1, 217 225 219 -1, 217 219 218 -1, 229 228 227 -1, 214 216 215 -1, 214 217 216 -1, 213 217 214 -1, 234 229 227 -1, 234 230 229 -1, 234 231 230 -1, 234 232 231 -1, 234 233 232 -1, 211 213 212 -1, 236 235 234 -1, 237 236 234 -1, 207 209 208 -1, 206 210 209 -1, 206 211 210 -1, 206 209 207 -1, 240 239 238 -1, 204 206 205 -1, 241 240 238 -1, 241 238 237 -1, 201 211 206 -1, 201 203 202 -1, 201 204 203 -1, 201 206 204 -1, 244 241 237 -1, 244 242 241 -1, 244 243 242 -1, 199 201 200 -1, 246 237 234 -1, 246 244 237 -1, 246 245 244 -1, 197 199 198 -1, 197 201 199 -1, 249 247 246 -1, 249 248 247 -1, 194 196 195 -1, 193 225 217 -1, 193 217 213 -1, 193 213 211 -1, 193 197 196 -1, 193 211 201 -1, 193 201 197 -1, 193 196 194 -1, 193 227 225 -1, 191 193 192 -1, 170 253 252 -1, 172 171 170 -1, 172 170 252 -1, 172 251 250 -1, 172 252 251 -1, 188 190 189 -1, 188 191 190 -1, 187 191 188 -1, 174 173 172 -1, 174 172 250 -1, 177 175 174 -1, 177 176 175 -1, 177 174 250 -1, 177 250 249 -1, 184 186 185 -1, 184 187 186 -1, 183 193 191 -1, 183 234 227 -1, 183 191 187 -1, 183 187 184 -1, 183 246 234 -1, 183 227 193 -1, 180 178 177 -1, 180 179 178 -1, 180 177 249 -1, 180 246 183 -1, 180 249 246 -1, 181 183 182 -1, 181 180 183 -1, 303 304 305 -1, 303 305 306 -1, 303 306 307 -1, 303 307 308 -1, 303 308 309 -1, 311 309 310 -1, 301 303 309 -1, 301 302 303 -1, 313 311 312 -1, 298 299 300 -1, 298 300 301 -1, 297 298 301 -1, 318 311 313 -1, 318 313 314 -1, 318 314 315 -1, 318 315 316 -1, 318 316 317 -1, 295 296 297 -1, 320 318 319 -1, 321 318 320 -1, 291 292 293 -1, 290 293 294 -1, 290 294 295 -1, 290 291 293 -1, 324 322 323 -1, 288 289 290 -1, 325 322 324 -1, 325 321 322 -1, 285 290 295 -1, 285 286 287 -1, 285 287 288 -1, 285 288 290 -1, 328 321 325 -1, 328 325 326 -1, 328 326 327 -1, 283 284 285 -1, 330 318 321 -1, 330 321 328 -1, 330 328 329 -1, 281 282 283 -1, 281 283 285 -1, 333 330 331 -1, 333 331 332 -1, 278 279 280 -1, 277 301 309 -1, 277 297 301 -1, 277 295 297 -1, 277 280 281 -1, 277 285 295 -1, 277 281 285 -1, 277 278 280 -1, 277 309 311 -1, 275 276 277 -1, 254 336 337 -1, 256 254 255 -1, 256 336 254 -1, 256 334 335 -1, 256 335 336 -1, 272 273 274 -1, 272 274 275 -1, 271 272 275 -1, 258 256 257 -1, 258 334 256 -1, 261 258 259 -1, 261 259 260 -1, 261 334 258 -1, 261 333 334 -1, 268 269 270 -1, 268 270 271 -1, 267 275 277 -1, 267 311 318 -1, 267 271 275 -1, 267 268 271 -1, 267 318 330 -1, 267 277 311 -1, 264 261 262 -1, 264 262 263 -1, 264 333 261 -1, 264 267 330 -1, 264 330 333 -1, 265 266 267 -1, 265 267 264 -1 ] } }
Shape { appearance Appearance { material Material { diffuseColor 0.64 0.66 0.69 specularColor .4 .4 .4 shininess .5 } } geometry IndexedFaceSet { solid FALSE coord Coordinate { point [ 1.377953 3.681102 5.118110, 1.377953 3.791339 5.118110, 1.374100 3.791339 5.015136, 1.362562 3.791339 4.912737, 1.343405 3.791339 4.811487, 1.316734 3.791339 4.711952, 1.282700 3.791339 4.614688, 1.241493 3.791339 4.520239, 1.193342 3.791339 4.429134, 1.138518 3.791339 4.341882, 1.077327 3.791339 4.258971, 1.010111 3.791339 4.180864, 0.937246 3.791339 4.107999, 0.859139 3.791339 4.040783, 0.776228 3.791339 3.979592, 0.688976 3.791339 3.924768, 0.597871 3.791339 3.876618, 0.503423 3.791339 3.835410, 0.406159 3.791339 3.801376, 0.306623 3.791339 3.774706, 0.205373 3.791339 3.755548, 0.102975 3.791339 3.744011, -0.000000 3.791339 3.740157, -0.102975 3.791339 3.744011, -0.205373 3.791339 3.755548, -0.306623 3.791339 3.774706, -0.406159 3.791339 3.801376, -0.503423 3.791339 3.835410, -0.597871 3.791339 3.876618, -0.688976 3.791339 3.924768, -0.776228 3.791339 3.979592, -0.859139 3.791339 4.040783, -0.937246 3.791339 4.107999, -1.010111 3.791339 4.180864, -1.077327 3.791339 4.258971, -1.138518 3.791339 4.341882, -1.193342 3.791339 4.429134, -1.241493 3.791339 4.520239, -1.282700 3.791339 4.614688, -1.316734 3.791339 4.711952, -1.343405 3.791339 4.811487, -1.362562 3.791339 4.912737, -1.374100 3.791339 5.015136, -1.377953 3.791339 5.118110, -1.374100 3.791339 5.221085, -1.362562 3.791339 5.323483, -1.343405 3.791339 5.424734, -1.316734 3.791339 5.524269, -1.282700 3.791339 5.621533, -1.241493 3.791339 5.715982, -1.193342 3.791339 5.807087, -1.138518 3.791339 5.894339, -1.077327 3.791339 5.977250, -1.010111 3.791339 6.055356, -0.937246 3.791339 6.128221, -0.859139 3.791339 6.195437, -0.776228 3.791339 6.256628, -0.688976 3.791339 6.311452, -0.597871 3.791339 6.359603, -0.503423 3.791339 6.400810, -0.406159 3.791339 6.434844, -0.306623 3.791339 6.461515, -0.205373 3.791339 6.480672, -0.102975 3.791339 6.492210, -0.000000 3.791339 6.496063, 0.102975 3.791339 6.492210, 0.205373 3.791339 6.480672, 0.306623 3.791339 6.461515, 0.406159 3.791339 6.434844, 0.503423 3.791339 6.400810, 0.597871 3.791339 6.359603, 0.688976 3.791339 6.311452, 0.776228 3.791339 6.256628, 0.859139 3.791339 6.195437, 0.937246 3.791339 6.128221, 1.010111 3.791339 6.055356, 1.077327 3.791339 5.977250, 1.138518 3.791339 5.894339, 1.193342 3.791339 5.807087, 1.241493 3.791339 5.715982, 1.282700 3.791339 5.621533, 1.316734 3.791339 5.524269, 1.343405 3.791339 5.424734, 1.362562 3.791339 5.323483, 1.374100 3.791339 5.221085, 1.377953 3.791339 5.118110, 1.377953 3.681102 5.118110, 1.374100 3.681102 5.015136, 1.362562 3.681102 4.912737, 1.343405 3.681102 4.811487, 1.316734 3.681102 4.711952, 1.282700 3.681102 4.614688, 1.241493 3.681102 4.520239, 1.193342 3.681102 4.429134, 1.138518 3.681102 4.341882, 1.077327 3.681102 4.258971, 1.010111 3.681102 4.180864, 0.937246 3.681102 4.107999, 0.859139 3.681102 4.040783, 0.776228 3.681102 3.979592, 0.688976 3.681102 3.924768, 0.597871 3.681102 3.876618, 0.503423 3.681102 3.835410, 0.406159 3.681102 3.801376, 0.306623 3.681102 3.774706, 0.205373 3.681102 3.755548, 0.102975 3.681102 3.744011, -0.000000 3.681102 3.740157, -0.102975 3.681102 3.744011, -0.205373 3.681102 3.755548, -0.306623 3.681102 3.774706, -0.406159 3.681102 3.801376, -0.503423 3.681102 3.835410, -0.597871 3.681102 3.876618, -0.688976 3.681102 3.924768, -0.776228 3.681102 3.979592, -0.859139 3.681102 4.040783, -0.937246 3.681102 4.107999, -1.010111 3.681102 4.180864, -1.077327 3.681102 4.258971, -1.138518 3.681102 4.341882, -1.193342 3.681102 4.429134, -1.241493 3.681102 4.520239, -1.282700 3.681102 4.614688, -1.316734 3.681102 4.711952, -1.343405 3.681102 4.811487, -1.362562 3.681102 4.912737, -1.374100 3.681102 5.015136, -1.377953 3.681102 5.118110, -1.374100 3.681102 5.221085, -1.362562 3.681102 5.323483, -1.343405 3.681102 5.424734, -1.316734 3.681102 5.524269, -1.282700 3.681102 5.621533, -1.241493 3.681102 5.715982, -1.193342 3.681102 5.807087, -1.138518 3.681102 5.894339, -1.077327 3.681102 5.977250, -1.010111 3.681102 6.055356, -0.937246 3.681102 6.128221, -0.859139 3.681102 6.195437, -0.776228 3.681102 6.256628, -0.688976 3.681102 6.311452, -0.597871 3.681102 6.359603, -0.503423 3.681102 6.400810, -0.406159 3.681102 6.434844, -0.306623 3.681102 6.461515, -0.205373 3.681102 6.480672, -0.102975 3.681102 6.492210, -0.000000 3.681102 6.496063, 0.102975 3.681102 6.492210, 0.205373 3.681102 6.480672, 0.306623 3.681102 6.461515, 0.406159 3.681102 6.434844, 0.503423 3.681102 6.400810, 0.597871 3.681102 6.359603, 0.688976 3.681102 6.311452, 0.776228 3.681102 6.256628, 0.859139 3.681102 6.195437, 0.937246 3.681102 6.128221, 1.010111 3.681102 6.055356, 1.077327 3.681102 5.977250, 1.138518 3.681102 5.894339, 1.193342 3.681102 5.807087, 1.241493 3.681102 5.715982, 1.282700 3.681102 5.621533, 1.316734 3.681102 5.524269, 1.343405 3.681102 5.424734, 1.362562 3.681102 5.323483, 1.374100 3.681102 5.221085, 1.377953 3.681102 5.118110, 1.374100 3.681102 5.015136, 1.362562 3.681102 4.912737, 1.343405 3.681102 4.811487, 1.316734 3.681102 4.711952, 1.282700 3.681102 4.614688, 1.241493 3.681102 4.520239, 1.193342 3.681102 4.429134, 1.138518 3.681102 4.341882, 1.077327 3.681102 4.258971, 1.010111 3.681102 4.180864, 0.937246 3.681102 4.107999, 0.859139 3.681102 4.040783, 0.776228 3.681102 3.979592, 0.688976 3.681102 3.924768, 0.597871 3.681102 3.876618, 0.503423 3.681102 3.835410, 0.406159 3.681102 3.801376, 0.306623 3.681102 3.774706, 0.205373 3.681102 3.755548, 0.102975 3.681102 3.744011, -0.000000 3.681102 3.740157, -0.102975 3.681102 3.744011, -0.205373 3.681102 3.755548, -0.306623 3.681102 3.774706, -0.406159 3.681102 3.801376, -0.503423 3.681102 3.835410, -0.597871 3.681102 3.876618, -0.688976 3.681102 3.924768, -0.776228 3.681102 3.979592, -0.859139 3.681102 4.040783, -0.937246 3.681102 4.107999, -1.010111 3.681102 4.180864, -1.077327 3.681102 4.258971, -1.138518 3.681102 4.341882, -1.193342 3.681102 4.429134, -1.241493 3.681102 4.520239, -1.282700 3.681102 4.614688, -1.316734 3.681102 4.711952, -1.343405 3.681102 4.811487, -1.362562 3.681102 4.912737, -1.374100 3.681102 5.015136, -1.377953 3.681102 5.118110, -1.374100 3.681102 5.221085, -1.362562 3.681102 5.323483, -1.343405 3.681102 5.424734, -1.316734 3.681102 5.524269, -1.282700 3.681102 5.621533, -1.241493 3.681102 5.715982, -1.193342 3.681102 5.807087, -1.138518 3.681102 5.894339, -1.077327 3.681102 5.977250, -1.010111 3.681102 6.055356, -0.937246 3.681102 6.128221, -0.859139 3.681102 6.195437, -0.776228 3.681102 6.256628, -0.688976 3.681102 6.311452, -0.597871 3.681102 6.359603, -0.503423 3.681102 6.400810, -0.406159 3.681102 6.434844, -0.306623 3.681102 6.461515, -0.205373 3.681102 6.480672, -0.102975 3.681102 6.492210, -0.000000 3.681102 6.496063, 0.102975 3.681102 6.492210, 0.205373 3.681102 6.480672, 0.306623 3.681102 6.461515, 0.406159 3.681102 6.434844, 0.503423 3.681102 6.400810, 0.597871 3.681102 6.359603, 0.688976 3.681102 6.311452, 0.776228 3.681102 6.256628, 0.859139 3.681102 6.195437, 0.937246 3.681102 6.128221, 1.010111 3.681102 6.055356, 1.077327 3.681102 5.977250, 1.138518 3.681102 5.894339, 1.193342 3.681102 5.807087, 1.241493 3.681102 5.715982, 1.282700 3.681102 5.621533, 1.316734 3.681102 5.524269, 1.343405 3.681102 5.424734, 1.362562 3.681102 5.323483, 1.374100 3.681102 5.221085, 1.377953 3.791339 5.118110, 1.374100 3.791339 5.015136, 1.362562 3.791339 4.912737, 1.343405 3.791339 4.811487, 1.316734 3.791339 4.711952, 1.282700 3.791339 4.614688, 1.241493 3.791339 4.520239, 1.193342 3.791339 4.429134, 1.138518 3.791339 4.341882, 1.077327 3.791339 4.258971, 1.010111 3.791339 4.180864, 0.937246 3.791339 4.107999, 0.859139 3.791339 4.040783, 0.776228 3.791339 3.979592, 0.688976 3.791339 3.924768, 0.597871 3.791339 3.876618, 0.503423 3.791339 3.835410, 0.406159 3.791339 3.801376, 0.306623 3.791339 3.774706, 0.205373 3.791339 3.755548, 0.102975 3.791339 3.744011, -0.000000 3.791339 3.740157, -0.102975 3.791339 3.744011, -0.205373 3.791339 3.755548, -0.306623 3.791339 3.774706, -0.406159 3.791339 3.801376, -0.503423 3.791339 3.835410, -0.597871 3.791339 3.876618, -0.688976 3.791339 3.924768, -0.776228 3.791339 3.979592, -0.859139 3.791339 4.040783, -0.937246 3.791339 4.107999, -1.010111 3.791339 4.180864, -1.077327 3.791339 4.258971, -1.138518 3.791339 4.341882, -1.193342 3.791339 4.429134, -1.241493 3.791339 4.520239, -1.282700 3.791339 4.614688, -1.316734 3.791339 4.711952, -1.343405 3.791339 4.811487, -1.362562 3.791339 4.912737, -1.374100 3.791339 5.015136, -1.377953 3.791339 5.118110, -1.374100 3.791339 5.221085, -1.362562 3.791339 5.323483, -1.343405 3.791339 5.424734, -1.316734 3.791339 5.524269, -1.282700 3.791339 5.621533, -1.241493 3.791339 5.715982, -1.193342 3.791339 5.807087, -1.138518 3.791339 5.894339, -1.077327 3.791339 5.977250, -1.010111 3.791339 6.055356, -0.937246 3.791339 6.128221, -0.859139 3.791339 6.195437, -0.776228 3.791339 6.256628, -0.688976 3.791339 6.311452, -0.597871 3.791339 6.359603, -0.503423 3.791339 6.400810, -0.406159 3.791339 6.434844, -0.306623 3.791339 6.461515, -0.205373 3.791339 6.480672, -0.102975 3.791339 6.492210, -0.000000 3.791339 6.496063, 0.102975 3.791339 6.492210, 0.205373 3.791339 6.480672, 0.306623 3.791339 6.461515, 0.406159 3.791339 6.434844, 0.503423 3.791339 6.400810, 0.597871 3.791339 6.359603, 0.688976 3.791339 6.311452, 0.776228 3.791339 6.256628, 0.859139 3.791339 6.195437, 0.937246 3.791339 6.128221, 1.010111 3.791339 6.055356, 1.077327 3.791339 5.977250, 1.138518 3.791339 5.894339, 1.193342 3.791339 5.807087, 1.241493 3.791339 5.715982, 1.282700 3.791339 5.621533, 1.316734 3.791339 5.524269, 1.343405 3.791339 5.424734, 1.362562 3.791339 5.323483, 1.374100 3.791339 5.221085 ] } coordIndex [ 87 1 0 -1, 87 2 1 -1, 88 3 2 -1, 88 2 87 -1, 89 4 3 -1, 89 3 88 -1, 90 5 4 -1, 90 4 89 -1, 91 6 5 -1, 91 5 90 -1, 92 7 6 -1, 92 6 91 -1, 93 8 7 -1, 93 7 92 -1, 94 8 93 -1, 94 9 8 -1, 95 10 9 -1, 95 9 94 -1, 96 11 10 -1, 96 10 95 -1, 97 12 11 -1, 97 11 96 -1, 98 13 12 -1, 98 12 97 -1, 99 14 13 -1, 99 15 14 -1, 99 13 98 -1, 100 15 99 -1, 101 16 15 -1, 101 15 100 -1, 102 17 16 -1, 102 16 101 -1, 103 18 17 -1, 103 17 102 -1, 104 19 18 -1, 104 18 103 -1, 105 20 19 -1, 105 19 104 -1, 106 21 20 -1, 106 20 105 -1, 107 22 21 -1, 107 23 22 -1, 107 21 106 -1, 108 23 107 -1, 109 24 23 -1, 109 23 108 -1, 110 25 24 -1, 110 24 109 -1, 111 26 25 -1, 111 25 110 -1, 112 27 26 -1, 112 26 111 -1, 113 28 27 -1, 113 27 112 -1, 114 29 28 -1, 114 30 29 -1, 114 28 113 -1, 115 30 114 -1, 116 31 30 -1, 116 30 115 -1, 117 32 31 -1, 117 31 116 -1, 118 32 117 -1, 118 33 32 -1, 119 33 118 -1, 119 34 33 -1, 120 34 119 -1, 120 35 34 -1, 121 35 120 -1, 121 36 35 -1, 121 37 36 -1, 122 37 121 -1, 122 38 37 -1, 123 38 122 -1, 124 38 123 -1, 124 39 38 -1, 125 39 124 -1, 125 40 39 -1, 126 40 125 -1, 126 41 40 -1, 127 41 126 -1, 127 42 41 -1, 128 42 127 -1, 128 43 42 -1, 129 44 43 -1, 129 43 128 -1, 130 44 129 -1, 130 45 44 -1, 131 46 45 -1, 131 45 130 -1, 132 47 46 -1, 132 48 47 -1, 132 46 131 -1, 133 48 132 -1, 134 49 48 -1, 134 50 49 -1, 134 48 133 -1, 135 50 134 -1, 136 51 50 -1, 136 50 135 -1, 137 52 51 -1, 137 51 136 -1, 138 53 52 -1, 138 52 137 -1, 139 54 53 -1, 139 53 138 -1, 140 55 54 -1, 140 56 55 -1, 140 54 139 -1, 141 56 140 -1, 142 57 56 -1, 142 56 141 -1, 143 58 57 -1, 143 57 142 -1, 144 58 143 -1, 144 59 58 -1, 145 59 144 -1, 145 60 59 -1, 145 61 60 -1, 146 61 145 -1, 147 61 146 -1, 147 62 61 -1, 147 63 62 -1, 148 63 147 -1, 149 63 148 -1, 149 64 63 -1, 150 64 149 -1, 150 65 64 -1, 151 65 150 -1, 151 66 65 -1, 152 66 151 -1, 152 67 66 -1, 153 67 152 -1, 153 68 67 -1, 154 68 153 -1, 154 69 68 -1, 155 69 154 -1, 155 70 69 -1, 156 70 155 -1, 156 71 70 -1, 157 71 156 -1, 157 72 71 -1, 158 72 157 -1, 158 73 72 -1, 159 73 158 -1, 159 74 73 -1, 160 74 159 -1, 160 75 74 -1, 160 76 75 -1, 161 76 160 -1, 162 76 161 -1, 162 77 76 -1, 163 78 77 -1, 163 77 162 -1, 164 79 78 -1, 164 78 163 -1, 165 80 79 -1, 165 79 164 -1, 166 81 80 -1, 166 80 165 -1, 167 82 81 -1, 167 81 166 -1, 168 83 82 -1, 168 82 167 -1, 169 83 168 -1, 169 84 83 -1, 169 85 84 -1, 86 85 169 -1, 219 221 220 -1, 219 222 221 -1, 219 223 222 -1, 219 224 223 -1, 219 225 224 -1, 227 226 225 -1, 217 225 219 -1, 217 219 218 -1, 229 228 227 -1, 214 216 215 -1, 214 217 216 -1, 213 217 214 -1, 234 229 227 -1, 234 230 229 -1, 234 231 230 -1, 234 232 231 -1, 234 233 232 -1, 211 213 212 -1, 236 235 234 -1, 237 236 234 -1, 207 209 208 -1, 206 210 209 -1, 206 211 210 -1, 206 209 207 -1, 240 239 238 -1, 204 206 205 -1, 241 240 238 -1, 241 238 237 -1, 201 211 206 -1, 201 203 202 -1, 201 204 203 -1, 201 206 204 -1, 244 241 237 -1, 244 242 241 -1, 244 243 242 -1, 199 201 200 -1, 246 237 234 -1, 246 244 237 -1, 246 245 244 -1, 197 199 198 -1, 197 201 199 -1, 249 247 246 -1, 249 248 247 -1, 194 196 195 -1, 193 225 217 -1, 193 217 213 -1, 193 213 211 -1, 193 197 196 -1, 193 211 201 -1, 193 201 197 -1, 193 196 194 -1, 193 227 225 -1, 191 193 192 -1, 170 253 252 -1, 172 171 170 -1, 172 170 252 -1, 172 251 250 -1, 172 252 251 -1, 188 190 189 -1, 188 191 190 -1, 187 191 188 -1, 174 173 172 -1, 174 172 250 -1, 177 175 174 -1, 177 176 175 -1, 177 174 250 -1, 177 250 249 -1, 184 186 185 -1, 184 187 186 -1, 183 193 191 -1, 183 234 227 -1, 183 191 187 -1, 183 187 184 -1, 183 246 234 -1, 183 227 193 -1, 180 178 177 -1, 180 179 178 -1, 180 177 249 -1, 180 246 183 -1, 180 249 246 -1, 181 183 182 -1, 181 180 183 -1, 303 304 305 -1, 303 305 306 -1, 303 306 307 -1, 303 307 308 -1, 303 308 309 -1, 311 309 310 -1, 301 303 309 -1, 301 302 303 -1, 313 311 312 -1, 298 299 300 -1, 298 300 301 -1, 297 298 301 -1, 318 311 313 -1, 318 313 314 -1, 318 314 315 -1, 318 315 316 -1, 318 316 317 -1, 295 296 297 -1, 320 318 319 -1, 321 318 320 -1, 291 292 293 -1, 290 293 294 -1, 290 294 295 -1, 290 291 293 -1, 324 322 323 -1, 288 289 290 -1, 325 322 324 -1, 325 321 322 -1, 285 290 295 -1, 285 286 287 -1, 285 287 288 -1, 285 288 290 -1, 328 321 325 -1, 328 325 326 -1, 328 326 327 -1, 283 284 285 -1, 330 318 321 -1, 330 321 328 -1, 330 328 329 -1, 281 282 283 -1, 281 283 285 -1, 333 330 331 -1, 333 331 332 -1, 278 279 280 -1, 277 301 309 -1, 277 297 301 -1, 277 295 297 -1, 277 280 281 -1, 277 285 295 -1, 277 281 285 -1, 277 278 280 -1, 277 309 311 -1, 275 276 277 -1, 254 336 337 -1, 256 254 255 -1, 256 336 254 -1, 256 334 335 -1, 256 335 336 -1, 272 273 274 -1, 272 274 275 -1, 271 272 275 -1, 258 256 257 -1, 258 334 256 -1, 261 258 259 -1, 261 259 260 -1, 261 334 258 -1, 261 333 334 -1, 268 269 270 -1, 268 270 271 -1, 267 275 277 -1, 267 311 318 -1, 267 271 275 -1, 267 268 271 -1, 267 318 330 -1, 267 277 311 -1, 264 261 262 -1, 264 262 263 -1, 264 333 261 -1, 264 267 330 -1, 264 330 333 -1, 265 266 267 -1, 265 267 264 -1 ] } }
Shape { appearance Appearance { material Material { diffuseColor 0.64 0.66 0.69 specularColor .4 .4 .4 shininess .5 } } geometry IndexedFaceSet { solid FALSE coord Coordinate { point [ 1.086614 1.496063 5.118110, 1.083576 1.496063 5.036907, 1.074478 1.496063 4.956159, 1.059370 1.496063 4.876316, 1.038339 1.496063 4.797825, 1.011501 1.496063 4.721126, 0.979006 1.496063 4.646646, 0.941035 1.496063 4.574803, 0.897803 1.496063 4.505999, 0.849549 1.496063 4.440617, 0.796545 1.496063 4.379025, 0.739085 1.496063 4.321566, 0.677493 1.496063 4.268561, 0.612112 1.496063 4.220307, 0.543307 1.496063 4.177075, 0.471464 1.496063 4.139105, 0.396985 1.496063 4.106610, 0.320285 1.496063 4.079771, 0.241794 1.496063 4.058740, 0.161951 1.496063 4.043633, 0.081203 1.496063 4.034534, -0.000000 1.496063 4.031496, -0.081203 1.496063 4.034534, -0.161951 1.496063 4.043633, -0.241794 1.496063 4.058740, -0.320285 1.496063 4.079771, -0.396985 1.496063 4.106610, -0.471464 1.496063 4.139105, -0.543307 1.496063 4.177075, -0.612112 1.496063 4.220307, -0.677493 1.496063 4.268561, -0.739085 1.496063 4.321566, -0.796545 1.496063 4.379025, -0.849549 1.496063 4.440617, -0.897803 1.496063 4.505999, -0.941035 1.496063 4.574803, -0.979006 1.496063 4.646646, -1.011501 1.496063 4.721126, -1.038339 1.496063 4.797825, -1.059370 1.496063 4.876316, -1.074478 1.496063 4.956159, -1.083576 1.496063 5.036907, -1.086614 1.496063 5.118110, -1.083576 1.496063 5.199313, -1.074478 1.496063 5.280062, -1.059370 1.496063 5.359905, -1.038339 1.496063 5.438395, -1.011501 1.496063 5.515095, -0.979006 1.496063 5.589574, -0.941035 1.496063 5.661417, -0.897803 1.496063 5.730222, -0.849549 1.496063 5.795603, -0.796545 1.496063 5.857196, -0.739085 1.496063 5.914655, -0.677493 1.496063 5.967659, -0.612112 1.496063 6.015913, -0.543307 1.496063 6.059146, -0.471464 1.496063 6.097116, -0.396985 1.496063 6.129611, -0.320285 1.496063 6.156449, -0.241794 1.496063 6.177481, -0.161951 1.496063 6.192588, -0.081203 1.496063 6.201686, -0.000000 1.496063 6.204724, 0.081203 1.496063 6.201686, 0.161951 1.496063 6.192588, 0.241794 1.496063 6.177481, 0.320285 1.496063 6.156449, 0.396985 1.496063 6.129611, 0.471464 1.496063 6.097116, 0.543307 1.496063 6.059146, 0.612112 1.496063 6.015913, 0.677493 1.496063 5.967659, 0.739085 1.496063 5.914655, 0.796545 1.496063 5.857196, 0.849549 1.496063 5.795603, 0.897803 1.496063 5.730222, 0.941035 1.496063 5.661417, 0.979006 1.496063 5.589574, 1.011501 1.496063 5.515095, 1.038339 1.496063 5.438395, 1.059370 1.496063 5.359905, 1.074478 1.496063 5.280062, 1.083576 1.496063 5.199313, 1.086614 1.496063 5.118110, 1.086614 7.401575 5.118110, 1.083713 7.401575 5.038765, 1.075026 7.401575 4.959843, 1.060600 7.401575 4.881766, 1.040510 7.401575 4.804951, 1.014866 7.401575 4.729808, 0.983802 7.401575 4.656739, 0.947486 7.401575 4.586132, 0.906111 7.401575 4.518366, 0.859899 7.401575 4.453802, 0.809095 7.401575 4.392785, 0.753971 7.401575 4.335641, 0.694822 7.401575 4.282674, 0.631963 7.401575 4.234168, 0.565729 7.401575 4.190381, 0.496476 7.401575 4.151548, 0.424571 7.401575 4.117875, 0.350400 7.401575 4.089543, 0.274357 7.401575 4.066702, 0.196850 7.401575 4.049475, 0.196850 6.417323 4.049475, -0.196850 6.417323 4.049475, -0.118530 6.417323 4.037980, -0.039580 6.417323 4.032217, 0.039580 6.417323 4.032217, 0.118530 6.417323 4.037980, -0.196850 7.401575 4.049475, -0.274357 7.401575 4.066702, -0.350400 7.401575 4.089543, -0.424571 7.401575 4.117875, -0.496476 7.401575 4.151548, -0.565729 7.401575 4.190381, -0.631963 7.401575 4.234168, -0.694822 7.401575 4.282674, -0.753971 7.401575 4.335641, -0.809095 7.401575 4.392785, -0.859899 7.401575 4.453802, -0.906111 7.401575 4.518366, -0.947486 7.401575 4.586132, -0.983802 7.401575 4.656739, -1.014866 7.401575 4.729808, -1.040510 7.401575 4.804951, -1.060600 7.401575 4.881766, -1.075026 7.401575 4.959843, -1.083713 7.401575 5.038765, -1.086614 7.401575 5.118110, -1.083713 7.401575 5.197456, -1.075026 7.401575 5.276377, -1.060600 7.401575 5.354454, -1.040510 7.401575 5.431269, -1.014866 7.401575 5.506412, -0.983802 7.401575 5.579482, -0.947486 7.401575 5.650088, -0.906111 7.401575 5.717854, -0.859899 7.401575 5.782418, -0.809095 7.401575 5.843435, -0.753971 7.401575 5.900580, -0.694822 7.401575 5.953546, -0.631963 7.401575 6.002052, -0.565729 7.401575 6.045839, -0.496476 7.401575 6.084672, -0.424571 7.401575 6.118345, -0.350400 7.401575 6.146677, -0.274357 7.401575 6.169518, -0.196850 7.401575 6.186745, -0.196850 6.417323 6.186745, 0.196850 6.417323 6.186745, 0.118530 6.417323 6.198240, 0.039580 6.417323 6.204003, -0.039580 6.417323 6.204003, -0.118530 6.417323 6.198240, 0.196850 7.401575 6.186745, 0.274357 7.401575 6.169518, 0.350400 7.401575 6.146677, 0.424571 7.401575 6.118345, 0.496476 7.401575 6.084672, 0.565729 7.401575 6.045839, 0.631963 7.401575 6.002052, 0.694822 7.401575 5.953546, 0.753971 7.401575 5.900580, 0.809095 7.401575 5.843435, 0.859899 7.401575 5.782418, 0.906111 7.401575 5.717854, 0.947486 7.401575 5.650088, 0.983802 7.401575 5.579482, 1.014866 7.401575 5.506412, 1.040510 7.401575 5.431269, 1.060600 7.401575 5.354454, 1.075026 7.401575 5.276377, 1.083713 7.401575 5.197456, 1.086614 7.401575 5.118110, 1.086614 1.496063 5.118110, 1.083576 1.496063 5.036907, 1.074478 1.496063 4.956159, 1.059370 1.496063 4.876316, 1.038339 1.496063 4.797825, 1.011501 1.496063 4.721126, 0.979006 1.496063 4.646646, 0.941035 1.496063 4.574803, 0.897803 1.496063 4.505999, 0.849549 1.496063 4.440617, 0.796545 1.496063 4.379025, 0.739085 1.496063 4.321566, 0.677493 1.496063 4.268561, 0.612112 1.496063 4.220307, 0.543307 1.496063 4.177075, 0.471464 1.496063 4.139105, 0.396985 1.496063 4.106610, 0.320285 1.496063 4.079771, 0.241794 1.496063 4.058740, 0.161951 1.496063 4.043633, 0.081203 1.496063 4.034534, -0.000000 1.496063 4.031496, -0.081203 1.496063 4.034534, -0.161951 1.496063 4.043633, -0.241794 1.496063 4.058740, -0.320285 1.496063 4.079771, -0.396985 1.496063 4.106610, -0.471464 1.496063 4.139105, -0.543307 1.496063 4.177075, -0.612112 1.496063 4.220307, -0.677493 1.496063 4.268561, -0.739085 1.496063 4.321566, -0.796545 1.496063 4.379025, -0.849549 1.496063 4.440617, -0.897803 1.496063 4.505999, -0.941035 1.496063 4.574803, -0.979006 1.496063 4.646646, -1.011501 1.496063 4.721126, -1.038339 1.496063 4.797825, -1.059370 1.496063 4.876316, -1.074478 1.496063 4.956159, -1.083576 1.496063 5.036907, -1.086614 1.496063 5.118110, -1.083576 1.496063 5.199313, -1.074478 1.496063 5.280062, -1.059370 1.496063 5.359905, -1.038339 1.496063 5.438395, -1.011501 1.496063 5.515095, -0.979006 1.496063 5.589574, -0.941035 1.496063 5.661417, -0.897803 1.496063 5.730222, -0.849549 1.496063 5.795603, -0.796545 1.496063 5.857196, -0.739085 1.496063 5.914655, -0.677493 1.496063 5.967659, -0.612112 1.496063 6.015913, -0.543307 1.496063 6.059146, -0.471464 1.496063 6.097116, -0.396985 1.496063 6.129611, -0.320285 1.496063 6.156449, -0.241794 1.496063 6.177481, -0.161951 1.496063 6.192588, -0.081203 1.496063 6.201686, -0.000000 1.496063 6.204724, 0.081203 1.496063 6.201686, 0.161951 1.496063 6.192588, 0.241794 1.496063 6.177481, 0.320285 1.496063 6.156449, 0.396985 1.496063 6.129611, 0.471464 1.496063 6.097116, 0.543307 1.496063 6.059146, 0.612112 1.496063 6.015913, 0.677493 1.496063 5.967659, 0.739085 1.496063 5.914655, 0.796545 1.496063 5.857196, 0.849549 1.496063 5.795603, 0.897803 1.496063 5.730222, 0.941035 1.496063 5.661417, 0.979006 1.496063 5.589574, 1.011501 1.496063 5.515095, 1.038339 1.496063 5.438395, 1.059370 1.496063 5.359905, 1.074478 1.496063 5.280062, 1.083576 1.496063 5.199313, 0.196850 7.401575 6.186745, 0.274357 7.401575 6.169518, 0.350400 7.401575 6.146677, 0.424571 7.401575 6.118345, 0.496476 7.401575 6.084672, 0.565729 7.401575 6.045839, 0.631963 7.401575 6.002052, 0.694822 7.401575 5.953546, 0.753971 7.401575 5.900580, 0.809095 7.401575 5.843435, 0.859899 7.401575 5.782418, 0.906111 7.401575 5.717854, 0.947486 7.401575 5.650088, 0.983802 7.401575 5.579482, 1.014866 7.401575 5.506412, 1.040510 7.401575 5.431269, 1.060600 7.401575 5.354454, 1.075026 7.401575 5.276377, 1.083713 7.401575 5.197456, 1.086614 7.401575 5.118110, 1.083713 7.401575 5.038765, 1.075026 7.401575 4.959843, 1.060600 7.401575 4.881766, 1.040510 7.401575 4.804951, 1.014866 7.401575 4.729808, 0.983802 7.401575 4.656739, 0.947486 7.401575 4.586132, 0.906111 7.401575 4.518366, 0.859899 7.401575 4.453802, 0.809095 7.401575 4.392785, 0.753971 7.401575 4.335641, 0.694822 7.401575 4.282674, 0.631963 7.401575 4.234168, 0.565729 7.401575 4.190381, 0.496476 7.401575 4.151548, 0.424571 7.401575 4.117875, 0.350400 7.401575 4.089543, 0.274357 7.401575 4.066702, 0.196850 7.401575 4.049475, 0.196850 6.417323 4.049475, 0.196850 6.417323 6.186745, 0.196850 7.401575 4.049475, 0.196850 7.401575 6.186745, 0.196850 6.417323 4.049475, 0.196850 6.417323 6.186745, -0.196850 6.417323 4.049475, -0.118530 6.417323 4.037980, -0.039580 6.417323 4.032217, 0.039580 6.417323 4.032217, 0.118530 6.417323 4.037980, -0.196850 6.417323 6.186745, 0.118530 6.417323 6.198240, 0.039580 6.417323 6.204003, -0.039580 6.417323 6.204003, -0.118530 6.417323 6.198240, -0.196850 6.417323 4.049475, -0.196850 6.417323 6.186745, -0.196850 7.401575 4.049475, -0.196850 7.401575 6.186745, -0.196850 7.401575 6.186745, -0.196850 7.401575 4.049475, -0.274357 7.401575 4.066702, -0.350400 7.401575 4.089543, -0.424571 7.401575 4.117875, -0.496476 7.401575 4.151548, -0.565729 7.401575 4.190381, -0.631963 7.401575 4.234168, -0.694822 7.401575 4.282674, -0.753971 7.401575 4.335641, -0.809095 7.401575 4.392785, -0.859899 7.401575 4.453802, -0.906111 7.401575 4.518366, -0.947486 7.401575 4.586132, -0.983802 7.401575 4.656739, -1.014866 7.401575 4.729808, -1.040510 7.401575 4.804951, -1.060600 7.401575 4.881766, -1.075026 7.401575 4.959843, -1.083713 7.401575 5.038765, -1.086614 7.401575 5.118110, -1.083713 7.401575 5.197456, -1.075026 7.401575 5.276377, -1.060600 7.401575 5.354454, -1.040510 7.401575 5.431269, -1.014866 7.401575 5.506412, -0.983802 7.401575 5.579482, -0.947486 7.401575 5.650088, -0.906111 7.401575 5.717854, -0.859899 7.401575 5.782418, -0.809095 7.401575 5.843435, -0.753971 7.401575 5.900580, -0.694822 7.401575 5.953546, -0.631963 7.401575 6.002052, -0.565729 7.401575 6.045839, -0.496476 7.401575 6.084672, -0.424571 7.401575 6.118345, -0.350400 7.401575 6.146677, -0.274357 7.401575 6.169518 ] } coordIndex [ 0 86 85 -1, 1 87 86 -1, 1 86 0 -1, 2 88 87 -1, 2 87 1 -1, 3 89 88 -1, 3 88 2 -1, 4 90 89 -1, 4 89 3 -1, 5 91 90 -1, 5 90 4 -1, 6 91 5 -1, 6 92 91 -1, 7 92 6 -1, 7 93 92 -1, 8 93 7 -1, 8 94 93 -1, 9 94 8 -1, 9 95 94 -1, 10 95 9 -1, 10 96 95 -1, 11 96 10 -1, 11 97 96 -1, 12 97 11 -1, 12 98 97 -1, 13 98 12 -1, 13 99 98 -1, 14 99 13 -1, 14 100 99 -1, 15 101 100 -1, 15 100 14 -1, 16 102 101 -1, 16 101 15 -1, 105 104 103 -1, 17 103 102 -1, 17 102 16 -1, 18 103 17 -1, 18 105 103 -1, 19 110 105 -1, 19 105 18 -1, 20 109 110 -1, 20 110 19 -1, 21 108 109 -1, 21 109 20 -1, 22 107 108 -1, 22 108 21 -1, 112 111 106 -1, 23 106 107 -1, 23 107 22 -1, 24 106 23 -1, 24 112 106 -1, 25 113 112 -1, 25 112 24 -1, 26 114 113 -1, 26 113 25 -1, 27 115 114 -1, 27 114 26 -1, 28 116 115 -1, 28 115 27 -1, 29 117 116 -1, 29 116 28 -1, 30 117 29 -1, 30 118 117 -1, 31 118 30 -1, 31 119 118 -1, 32 119 31 -1, 32 120 119 -1, 33 120 32 -1, 33 121 120 -1, 34 122 121 -1, 34 121 33 -1, 35 123 122 -1, 35 122 34 -1, 36 124 123 -1, 36 123 35 -1, 37 125 124 -1, 37 124 36 -1, 38 126 125 -1, 38 125 37 -1, 39 127 126 -1, 39 126 38 -1, 40 128 127 -1, 40 127 39 -1, 41 129 128 -1, 41 128 40 -1, 42 130 129 -1, 42 131 130 -1, 42 129 41 -1, 43 132 131 -1, 43 131 42 -1, 44 133 132 -1, 44 132 43 -1, 45 134 133 -1, 45 133 44 -1, 46 135 134 -1, 46 134 45 -1, 47 136 135 -1, 47 135 46 -1, 48 137 136 -1, 48 136 47 -1, 49 138 137 -1, 49 137 48 -1, 50 139 138 -1, 50 138 49 -1, 51 140 139 -1, 51 139 50 -1, 52 141 140 -1, 52 140 51 -1, 53 142 141 -1, 53 141 52 -1, 54 143 142 -1, 54 142 53 -1, 55 143 54 -1, 55 144 143 -1, 56 144 55 -1, 56 145 144 -1, 57 145 56 -1, 57 146 145 -1, 58 146 57 -1, 58 147 146 -1, 150 149 148 -1, 59 147 58 -1, 59 148 147 -1, 60 150 148 -1, 60 148 59 -1, 61 150 60 -1, 61 155 150 -1, 62 155 61 -1, 62 154 155 -1, 63 154 62 -1, 63 153 154 -1, 64 153 63 -1, 64 152 153 -1, 157 156 151 -1, 65 151 152 -1, 65 152 64 -1, 66 151 65 -1, 66 157 151 -1, 67 157 66 -1, 67 158 157 -1, 68 158 67 -1, 68 159 158 -1, 69 160 159 -1, 69 159 68 -1, 70 161 160 -1, 70 160 69 -1, 71 162 161 -1, 71 161 70 -1, 72 163 162 -1, 72 162 71 -1, 73 164 163 -1, 73 163 72 -1, 74 165 164 -1, 74 164 73 -1, 75 166 165 -1, 75 165 74 -1, 76 167 166 -1, 76 166 75 -1, 77 168 167 -1, 77 167 76 -1, 78 169 168 -1, 78 168 77 -1, 79 169 78 -1, 79 170 169 -1, 80 170 79 -1, 80 171 170 -1, 81 171 80 -1, 81 172 171 -1, 82 172 81 -1, 82 173 172 -1, 83 173 82 -1, 83 174 173 -1, 84 174 83 -1, 84 175 174 -1, 226 228 227 -1, 232 229 228 -1, 232 230 229 -1, 232 231 230 -1, 232 228 226 -1, 223 225 224 -1, 223 226 225 -1, 235 233 232 -1, 235 234 233 -1, 238 237 236 -1, 219 221 220 -1, 217 221 219 -1, 217 219 218 -1, 217 222 221 -1, 215 217 216 -1, 244 239 238 -1, 244 240 239 -1, 244 241 240 -1, 244 242 241 -1, 244 243 242 -1, 246 245 244 -1, 210 212 211 -1, 209 212 210 -1, 208 213 212 -1, 208 214 213 -1, 208 212 209 -1, 249 247 246 -1, 249 248 247 -1, 207 217 215 -1, 207 215 214 -1, 207 214 208 -1, 254 235 232 -1, 254 238 236 -1, 254 246 244 -1, 254 244 238 -1, 254 236 235 -1, 254 249 246 -1, 254 250 249 -1, 254 251 250 -1, 254 252 251 -1, 254 253 252 -1, 202 204 203 -1, 202 205 204 -1, 202 206 205 -1, 201 207 206 -1, 201 206 202 -1, 256 255 254 -1, 199 201 200 -1, 258 232 226 -1, 258 257 256 -1, 258 254 232 -1, 258 256 254 -1, 258 226 223 -1, 197 199 198 -1, 197 201 199 -1, 197 207 201 -1, 176 259 258 -1, 177 176 258 -1, 195 197 196 -1, 179 178 177 -1, 179 177 258 -1, 180 179 258 -1, 192 194 193 -1, 192 195 194 -1, 191 195 192 -1, 183 182 181 -1, 184 183 181 -1, 185 181 180 -1, 185 184 181 -1, 186 185 180 -1, 187 207 197 -1, 187 189 188 -1, 187 190 189 -1, 187 197 195 -1, 187 191 190 -1, 187 180 258 -1, 187 186 180 -1, 187 195 191 -1, 187 222 217 -1, 187 223 222 -1, 187 217 207 -1, 187 258 223 -1, 264 260 261 -1, 264 261 262 -1, 264 262 263 -1, 268 265 266 -1, 268 266 267 -1, 269 265 268 -1, 271 269 270 -1, 272 269 271 -1, 273 269 272 -1, 274 269 273 -1, 276 274 275 -1, 277 274 276 -1, 277 269 274 -1, 280 278 279 -1, 281 277 278 -1, 281 278 280 -1, 283 281 282 -1, 283 269 277 -1, 283 277 281 -1, 285 283 284 -1, 294 295 296 -1, 287 285 286 -1, 287 283 285 -1, 292 293 294 -1, 292 296 297 -1, 292 297 298 -1, 292 294 296 -1, 289 283 287 -1, 289 287 288 -1, 290 264 265 -1, 290 283 289 -1, 290 292 298 -1, 290 291 292 -1, 290 298 260 -1, 290 260 264 -1, 290 265 269 -1, 290 269 283 -1, 300 301 299 -1, 300 302 301 -1, 303 308 307 -1, 303 309 308 -1, 310 306 305 -1, 313 310 314 -1, 312 307 306 -1, 312 306 310 -1, 312 310 313 -1, 304 312 311 -1, 304 303 307 -1, 304 307 312 -1, 316 315 317 -1, 316 317 318 -1, 347 348 349 -1, 346 349 350 -1, 346 350 351 -1, 346 347 349 -1, 354 351 352 -1, 354 352 353 -1, 343 344 345 -1, 319 354 355 -1, 319 355 356 -1, 319 356 357 -1, 319 351 354 -1, 341 342 343 -1, 341 345 346 -1, 341 343 345 -1, 339 340 341 -1, 338 339 341 -1, 334 335 336 -1, 334 336 337 -1, 331 332 333 -1, 331 333 334 -1, 328 329 330 -1, 328 330 331 -1, 328 331 334 -1, 325 326 327 -1, 325 327 328 -1, 323 328 334 -1, 323 325 328 -1, 323 324 325 -1, 323 337 338 -1, 323 346 351 -1, 323 351 319 -1, 323 341 346 -1, 323 338 341 -1, 323 334 337 -1, 320 321 322 -1, 320 322 323 -1, 320 323 319 -1 ] } }
Shape { appearance Appearance { material Material { diffuseColor 0.64 0.66 0.69 specularColor .4 .4 .4 shininess .5 } } geometry IndexedFaceSet { solid FALSE coord Coordinate { point [ 1.173228 4.842520 5.118110, 1.173228 7.401575 5.118110, 1.172942 7.401575 5.110461, 1.172085 7.401575 5.102854, 1.170662 7.401575 5.095333, 1.168681 7.401575 5.087938, 1.166152 7.401575 5.080713, 1.163091 7.401575 5.073697, 1.159514 7.401575 5.066929, 1.155442 7.401575 5.060448, 1.150896 7.401575 5.054288, 1.145903 7.401575 5.048486, 1.140490 7.401575 5.043073, 1.134688 7.401575 5.038080, 1.128529 7.401575 5.033535, 1.122047 7.401575 5.029462, 1.115279 7.401575 5.025885, 1.108263 7.401575 5.022824, 1.101038 7.401575 5.020296, 1.093644 7.401575 5.018314, 1.086122 7.401575 5.016891, 1.078516 7.401575 5.016034, 1.070866 7.401575 5.015748, 1.063217 7.401575 5.016034, 1.055610 7.401575 5.016891, 1.048088 7.401575 5.018314, 1.040694 7.401575 5.020296, 1.033469 7.401575 5.022824, 1.026453 7.401575 5.025885, 1.019685 7.401575 5.029462, 1.013203 7.401575 5.033535, 1.007044 7.401575 5.038080, 1.001242 7.401575 5.043073, 0.995829 7.401575 5.048486, 0.990836 7.401575 5.054288, 0.986291 7.401575 5.060448, 0.982218 7.401575 5.066929, 0.978641 7.401575 5.073697, 0.975580 7.401575 5.080713, 0.973052 7.401575 5.087938, 0.971070 7.401575 5.095333, 0.969647 7.401575 5.102854, 0.968790 7.401575 5.110461, 0.968504 7.401575 5.118110, 0.968790 7.401575 5.125760, 0.969647 7.401575 5.133367, 0.971070 7.401575 5.140888, 0.973052 7.401575 5.148282, 0.975580 7.401575 5.155507, 0.978641 7.401575 5.162524, 0.982218 7.401575 5.169291, 0.986291 7.401575 5.175773, 0.990836 7.401575 5.181932, 0.995829 7.401575 5.187734, 1.001242 7.401575 5.193147, 1.007044 7.401575 5.198140, 1.013203 7.401575 5.202686, 1.019685 7.401575 5.206759, 1.026453 7.401575 5.210335, 1.033469 7.401575 5.213397, 1.040694 7.401575 5.215925, 1.048088 7.401575 5.217906, 1.055610 7.401575 5.219329, 1.063217 7.401575 5.220186, 1.070866 7.401575 5.220472, 1.078516 7.401575 5.220186, 1.086122 7.401575 5.219329, 1.093644 7.401575 5.217906, 1.101038 7.401575 5.215925, 1.108263 7.401575 5.213397, 1.115279 7.401575 5.210335, 1.122047 7.401575 5.206759, 1.128529 7.401575 5.202686, 1.134688 7.401575 5.198140, 1.140490 7.401575 5.193147, 1.145903 7.401575 5.187734, 1.150896 7.401575 5.181932, 1.155442 7.401575 5.175773, 1.159514 7.401575 5.169291, 1.163091 7.401575 5.162524, 1.166152 7.401575 5.155507, 1.168681 7.401575 5.148282, 1.170662 7.401575 5.140888, 1.172085 7.401575 5.133367, 1.172942 7.401575 5.125760, 1.173228 7.401575 5.118110, 1.173228 4.842520 5.118110, 1.172942 4.842520 5.110461, 1.172085 4.842520 5.102854, 1.170662 4.842520 5.095333, 1.168681 4.842520 5.087938, 1.166152 4.842520 5.080713, 1.163091 4.842520 5.073697, 1.159514 4.842520 5.066929, 1.155442 4.842520 5.060448, 1.150896 4.842520 5.054288, 1.145903 4.842520 5.048486, 1.140490 4.842520 5.043073, 1.134688 4.842520 5.038080, 1.128529 4.842520 5.033535, 1.122047 4.842520 5.029462, 1.115279 4.842520 5.025885, 1.108263 4.842520 5.022824, 1.101038 4.842520 5.020296, 1.093644 4.842520 5.018314, 1.086122 4.842520 5.016891, 1.078516 4.842520 5.016034, 1.070866 4.842520 5.015748, 1.063217 4.842520 5.016034, 1.055610 4.842520 5.016891, 1.048088 4.842520 5.018314, 1.040694 4.842520 5.020296, 1.033469 4.842520 5.022824, 1.026453 4.842520 5.025885, 1.019685 4.842520 5.029462, 1.013203 4.842520 5.033535, 1.007044 4.842520 5.038080, 1.001242 4.842520 5.043073, 0.995829 4.842520 5.048486, 0.990836 4.842520 5.054288, 0.986291 4.842520 5.060448, 0.982218 4.842520 5.066929, 0.978641 4.842520 5.073697, 0.975580 4.842520 5.080713, 0.973052 4.842520 5.087938, 0.971070 4.842520 5.095333, 0.969647 4.842520 5.102854, 0.968790 4.842520 5.110461, 0.968504 4.842520 5.118110, 0.968790 4.842520 5.125760, 0.969647 4.842520 5.133367, 0.971070 4.842520 5.140888, 0.973052 4.842520 5.148282, 0.975580 4.842520 5.155507, 0.978641 4.842520 5.162524, 0.982218 4.842520 5.169291, 0.986291 4.842520 5.175773, 0.990836 4.842520 5.181932, 0.995829 4.842520 5.187734, 1.001242 4.842520 5.193147, 1.007044 4.842520 5.198140, 1.013203 4.842520 5.202686, 1.019685 4.842520 5.206759, 1.026453 4.842520 5.210335, 1.033469 4.842520 5.213397, 1.040694 4.842520 5.215925, 1.048088 4.842520 5.217906, 1.055610 4.842520 5.219329, 1.063217 4.842520 5.220186, 1.070866 4.842520 5.220472, 1.078516 4.842520 5.220186, 1.086122 4.842520 5.219329, 1.093644 4.842520 5.217906, 1.101038 4.842520 5.215925, 1.108263 4.842520 5.213397, 1.115279 4.842520 5.210335, 1.122047 4.842520 5.206759, 1.128529 4.842520 5.202686, 1.134688 4.842520 5.198140, 1.140490 4.842520 5.193147, 1.145903 4.842520 5.187734, 1.150896 4.842520 5.181932, 1.155442 4.842520 5.175773, 1.159514 4.842520 5.169291, 1.163091 4.842520 5.162524, 1.166152 4.842520 5.155507, 1.168681 4.842520 5.148282, 1.170662 4.842520 5.140888, 1.172085 4.842520 5.133367, 1.172942 4.842520 5.125760, 1.173228 4.842520 5.118110, 1.172942 4.842520 5.110461, 1.172085 4.842520 5.102854, 1.170662 4.842520 5.095333, 1.168681 4.842520 5.087938, 1.166152 4.842520 5.080713, 1.163091 4.842520 5.073697, 1.159514 4.842520 5.066929, 1.155442 4.842520 5.060448, 1.150896 4.842520 5.054288, 1.145903 4.842520 5.048486, 1.140490 4.842520 5.043073, 1.134688 4.842520 5.038080, 1.128529 4.842520 5.033535, 1.122047 4.842520 5.029462, 1.115279 4.842520 5.025885, 1.108263 4.842520 5.022824, 1.101038 4.842520 5.020296, 1.093644 4.842520 5.018314, 1.086122 4.842520 5.016891, 1.078516 4.842520 5.016034, 1.070866 4.842520 5.015748, 1.063217 4.842520 5.016034, 1.055610 4.842520 5.016891, 1.048088 4.842520 5.018314, 1.040694 4.842520 5.020296, 1.033469 4.842520 5.022824, 1.026453 4.842520 5.025885, 1.019685 4.842520 5.029462, 1.013203 4.842520 5.033535, 1.007044 4.842520 5.038080, 1.001242 4.842520 5.043073, 0.995829 4.842520 5.048486, 0.990836 4.842520 5.054288, 0.986291 4.842520 5.060448, 0.982218 4.842520 5.066929, 0.978641 4.842520 5.073697, 0.975580 4.842520 5.080713, 0.973052 4.842520 5.087938, 0.971070 4.842520 5.095333, 0.969647 4.842520 5.102854, 0.968790 4.842520 5.110461, 0.968504 4.842520 5.118110, 0.968790 4.842520 5.125760, 0.969647 4.842520 5.133367, 0.971070 4.842520 5.140888, 0.973052 4.842520 5.148282, 0.975580 4.842520 5.155507, 0.978641 4.842520 5.162524, 0.982218 4.842520 5.169291, 0.986291 4.842520 5.175773, 0.990836 4.842520 5.181932, 0.995829 4.842520 5.187734, 1.001242 4.842520 5.193147, 1.007044 4.842520 5.198140, 1.013203 4.842520 5.202686, 1.019685 4.842520 5.206759, 1.026453 4.842520 5.210335, 1.033469 4.842520 5.213397, 1.040694 4.842520 5.215925, 1.048088 4.842520 5.217906, 1.055610 4.842520 5.219329, 1.063217 4.842520 5.220186, 1.070866 4.842520 5.220472, 1.078516 4.842520 5.220186, 1.086122 4.842520 5.219329, 1.093644 4.842520 5.217906, 1.101038 4.842520 5.215925, 1.108263 4.842520 5.213397, 1.115279 4.842520 5.210335, 1.122047 4.842520 5.206759, 1.128529 4.842520 5.202686, 1.134688 4.842520 5.198140, 1.140490 4.842520 5.193147, 1.145903 4.842520 5.187734, 1.150896 4.842520 5.181932, 1.155442 4.842520 5.175773, 1.159514 4.842520 5.169291, 1.163091 4.842520 5.162524, 1.166152 4.842520 5.155507, 1.168681 4.842520 5.148282, 1.170662 4.842520 5.140888, 1.172085 4.842520 5.133367, 1.172942 4.842520 5.125760, 1.173228 7.401575 5.118110, 1.172942 7.401575 5.110461, 1.172085 7.401575 5.102854, 1.170662 7.401575 5.095333, 1.168681 7.401575 5.087938, 1.166152 7.401575 5.080713, 1.163091 7.401575 5.073697, 1.159514 7.401575 5.066929, 1.155442 7.401575 5.060448, 1.150896 7.401575 5.054288, 1.145903 7.401575 5.048486, 1.140490 7.401575 5.043073, 1.134688 7.401575 5.038080, 1.128529 7.401575 5.033535, 1.122047 7.401575 5.029462, 1.115279 7.401575 5.025885, 1.108263 7.401575 5.022824, 1.101038 7.401575 5.020296, 1.093644 7.401575 5.018314, 1.086122 7.401575 5.016891, 1.078516 7.401575 5.016034, 1.070866 7.401575 5.015748, 1.063217 7.401575 5.016034, 1.055610 7.401575 5.016891, 1.048088 7.401575 5.018314, 1.040694 7.401575 5.020296, 1.033469 7.401575 5.022824, 1.026453 7.401575 5.025885, 1.019685 7.401575 5.029462, 1.013203 7.401575 5.033535, 1.007044 7.401575 5.038080, 1.001242 7.401575 5.043073, 0.995829 7.401575 5.048486, 0.990836 7.401575 5.054288, 0.986291 7.401575 5.060448, 0.982218 7.401575 5.066929, 0.978641 7.401575 5.073697, 0.975580 7.401575 5.080713, 0.973052 7.401575 5.087938, 0.971070 7.401575 5.095333, 0.969647 7.401575 5.102854, 0.968790 7.401575 5.110461, 0.968504 7.401575 5.118110, 0.968790 7.401575 5.125760, 0.969647 7.401575 5.133367, 0.971070 7.401575 5.140888, 0.973052 7.401575 5.148282, 0.975580 7.401575 5.155507, 0.978641 7.401575 5.162524, 0.982218 7.401575 5.169291, 0.986291 7.401575 5.175773, 0.990836 7.401575 5.181932, 0.995829 7.401575 5.187734, 1.001242 7.401575 5.193147, 1.007044 7.401575 5.198140, 1.013203 7.401575 5.202686, 1.019685 7.401575 5.206759, 1.026453 7.401575 5.210335, 1.033469 7.401575 5.213397, 1.040694 7.401575 5.215925, 1.048088 7.401575 5.217906, 1.055610 7.401575 5.219329, 1.063217 7.401575 5.220186, 1.070866 7.401575 5.220472, 1.078516 7.401575 5.220186, 1.086122 7.401575 5.219329, 1.093644 7.401575 5.217906, 1.101038 7.401575 5.215925, 1.108263 7.401575 5.213397, 1.115279 7.401575 5.210335, 1.122047 7.401575 5.206759, 1.128529 7.401575 5.202686, 1.134688 7.401575 5.198140, 1.140490 7.401575 5.193147, 1.145903 7.401575 5.187734, 1.150896 7.401575 5.181932, 1.155442 7.401575 5.175773, 1.159514 7.401575 5.169291, 1.163091 7.401575 5.162524, 1.166152 7.401575 5.155507, 1.168681 7.401575 5.148282, 1.170662 7.401575 5.140888, 1.172085 7.401575 5.133367, 1.172942 7.401575 5.125760 ] } coordIndex [ 87 1 0 -1, 87 2 1 -1, 88 3 2 -1, 88 2 87 -1, 89 4 3 -1, 89 3 88 -1, 90 5 4 -1, 90 4 89 -1, 91 6 5 -1, 91 7 6 -1, 91 5 90 -1, 92 7 91 -1, 93 8 7 -1, 93 7 92 -1, 94 8 93 -1, 94 9 8 -1, 95 10 9 -1, 95 9 94 -1, 96 11 10 -1, 96 10 95 -1, 97 12 11 -1, 97 11 96 -1, 98 13 12 -1, 98 14 13 -1, 98 12 97 -1, 99 14 98 -1, 100 15 14 -1, 100 14 99 -1, 101 16 15 -1, 101 17 16 -1, 101 15 100 -1, 102 17 101 -1, 103 18 17 -1, 103 17 102 -1, 104 19 18 -1, 104 18 103 -1, 105 20 19 -1, 105 19 104 -1, 106 21 20 -1, 106 20 105 -1, 107 22 21 -1, 107 21 106 -1, 108 23 22 -1, 108 22 107 -1, 109 24 23 -1, 109 23 108 -1, 110 25 24 -1, 110 26 25 -1, 110 24 109 -1, 111 26 110 -1, 112 27 26 -1, 112 26 111 -1, 113 28 27 -1, 113 27 112 -1, 114 29 28 -1, 114 28 113 -1, 115 30 29 -1, 115 29 114 -1, 116 31 30 -1, 116 30 115 -1, 117 32 31 -1, 117 31 116 -1, 118 32 117 -1, 118 33 32 -1, 119 33 118 -1, 119 34 33 -1, 120 34 119 -1, 120 35 34 -1, 121 35 120 -1, 121 36 35 -1, 122 36 121 -1, 122 37 36 -1, 123 37 122 -1, 123 38 37 -1, 124 38 123 -1, 124 39 38 -1, 125 39 124 -1, 125 40 39 -1, 126 40 125 -1, 126 41 40 -1, 127 41 126 -1, 127 42 41 -1, 128 42 127 -1, 128 43 42 -1, 129 44 43 -1, 129 43 128 -1, 130 44 129 -1, 130 45 44 -1, 131 46 45 -1, 131 45 130 -1, 132 47 46 -1, 132 46 131 -1, 133 48 47 -1, 133 49 48 -1, 133 47 132 -1, 134 49 133 -1, 135 50 49 -1, 135 49 134 -1, 136 51 50 -1, 136 50 135 -1, 137 52 51 -1, 137 51 136 -1, 138 53 52 -1, 138 52 137 -1, 139 54 53 -1, 139 55 54 -1, 139 53 138 -1, 140 55 139 -1, 141 56 55 -1, 141 57 56 -1, 141 55 140 -1, 142 57 141 -1, 143 57 142 -1, 143 58 57 -1, 144 58 143 -1, 144 59 58 -1, 144 60 59 -1, 145 60 144 -1, 146 60 145 -1, 146 61 60 -1, 146 62 61 -1, 147 62 146 -1, 147 63 62 -1, 148 63 147 -1, 149 63 148 -1, 149 64 63 -1, 149 65 64 -1, 150 65 149 -1, 151 65 150 -1, 151 66 65 -1, 151 67 66 -1, 152 67 151 -1, 153 67 152 -1, 153 68 67 -1, 154 68 153 -1, 154 69 68 -1, 154 70 69 -1, 155 70 154 -1, 155 71 70 -1, 156 71 155 -1, 157 71 156 -1, 157 72 71 -1, 157 73 72 -1, 158 73 157 -1, 159 73 158 -1, 159 74 73 -1, 159 75 74 -1, 160 75 159 -1, 161 75 160 -1, 161 76 75 -1, 161 77 76 -1, 162 77 161 -1, 163 77 162 -1, 163 78 77 -1, 164 79 78 -1, 164 80 79 -1, 164 78 163 -1, 165 80 164 -1, 166 81 80 -1, 166 80 165 -1, 167 82 81 -1, 167 83 82 -1, 167 81 166 -1, 168 83 167 -1, 169 84 83 -1, 169 83 168 -1, 86 84 169 -1, 86 85 84 -1, 204 206 205 -1, 243 242 241 -1, 199 201 200 -1, 246 244 243 -1, 246 245 244 -1, 251 250 249 -1, 253 251 249 -1, 253 252 251 -1, 172 171 170 -1, 187 189 188 -1, 174 173 172 -1, 174 172 170 -1, 176 175 174 -1, 184 186 185 -1, 184 187 186 -1, 184 190 189 -1, 184 191 190 -1, 184 189 187 -1, 179 178 177 -1, 181 253 249 -1, 181 177 176 -1, 181 180 179 -1, 181 174 170 -1, 181 183 182 -1, 181 184 183 -1, 181 191 184 -1, 181 192 191 -1, 181 193 192 -1, 181 194 193 -1, 181 195 194 -1, 181 196 195 -1, 181 197 196 -1, 181 198 197 -1, 181 199 198 -1, 181 202 201 -1, 181 203 202 -1, 181 204 203 -1, 181 207 206 -1, 181 176 174 -1, 181 208 207 -1, 181 209 208 -1, 181 210 209 -1, 181 211 210 -1, 181 212 211 -1, 181 213 212 -1, 181 214 213 -1, 181 201 199 -1, 181 215 214 -1, 181 216 215 -1, 181 217 216 -1, 181 218 217 -1, 181 219 218 -1, 181 220 219 -1, 181 221 220 -1, 181 222 221 -1, 181 223 222 -1, 181 206 204 -1, 181 224 223 -1, 181 225 224 -1, 181 226 225 -1, 181 227 226 -1, 181 228 227 -1, 181 229 228 -1, 181 230 229 -1, 181 231 230 -1, 181 232 231 -1, 181 233 232 -1, 181 234 233 -1, 181 179 177 -1, 181 235 234 -1, 181 236 235 -1, 181 237 236 -1, 181 238 237 -1, 181 239 238 -1, 181 240 239 -1, 181 243 241 -1, 181 241 240 -1, 181 247 246 -1, 181 248 247 -1, 181 246 243 -1, 181 249 248 -1, 181 170 253 -1, 288 289 290 -1, 327 325 326 -1, 283 284 285 -1, 330 327 328 -1, 330 328 329 -1, 335 333 334 -1, 337 333 335 -1, 337 335 336 -1, 256 254 255 -1, 271 272 273 -1, 258 256 257 -1, 258 254 256 -1, 260 258 259 -1, 268 269 270 -1, 268 270 271 -1, 268 273 274 -1, 268 274 275 -1, 268 271 273 -1, 263 261 262 -1, 265 333 337 -1, 265 260 261 -1, 265 263 264 -1, 265 254 258 -1, 265 266 267 -1, 265 267 268 -1, 265 268 275 -1, 265 275 276 -1, 265 276 277 -1, 265 277 278 -1, 265 278 279 -1, 265 279 280 -1, 265 280 281 -1, 265 281 282 -1, 265 282 283 -1, 265 285 286 -1, 265 286 287 -1, 265 287 288 -1, 265 290 291 -1, 265 258 260 -1, 265 291 292 -1, 265 292 293 -1, 265 293 294 -1, 265 294 295 -1, 265 295 296 -1, 265 296 297 -1, 265 297 298 -1, 265 283 285 -1, 265 298 299 -1, 265 299 300 -1, 265 300 301 -1, 265 301 302 -1, 265 302 303 -1, 265 303 304 -1, 265 304 305 -1, 265 305 306 -1, 265 306 307 -1, 265 288 290 -1, 265 307 308 -1, 265 308 309 -1, 265 309 310 -1, 265 310 311 -1, 265 311 312 -1, 265 312 313 -1, 265 313 314 -1, 265 314 315 -1, 265 315 316 -1, 265 316 317 -1, 265 317 318 -1, 265 261 263 -1, 265 318 319 -1, 265 319 320 -1, 265 320 321 -1, 265 321 322 -1, 265 322 323 -1, 265 323 324 -1, 265 325 327 -1, 265 324 325 -1, 265 330 331 -1, 265 331 332 -1, 265 327 330 -1, 265 332 333 -1, 265 337 254 -1 ] } }
Shape { appearance Appearance { material Material { diffuseColor 0.64 0.66 0.69 specularColor .4 .4 .4 shininess .5 } } geometry IndexedFaceSet { solid FALSE coord Coordinate { point [ 1.108647 4.842520 5.484368, 1.108647 7.401575 5.484368, 1.108361 7.401575 5.476718, 1.107504 7.401575 5.469112, 1.106081 7.401575 5.461590, 1.104100 7.401575 5.454196, 1.101571 7.401575 5.446971, 1.098510 7.401575 5.439955, 1.094933 7.401575 5.433187, 1.090861 7.401575 5.426705, 1.086315 7.401575 5.420546, 1.081322 7.401575 5.414744, 1.075909 7.401575 5.409331, 1.070107 7.401575 5.404338, 1.063948 7.401575 5.399792, 1.057466 7.401575 5.395720, 1.050698 7.401575 5.392143, 1.043682 7.401575 5.389082, 1.036457 7.401575 5.386553, 1.029063 7.401575 5.384572, 1.021541 7.401575 5.383149, 1.013935 7.401575 5.382292, 1.006285 7.401575 5.382006, 0.998635 7.401575 5.382292, 0.991029 7.401575 5.383149, 0.983507 7.401575 5.384572, 0.976113 7.401575 5.386553, 0.968888 7.401575 5.389082, 0.961872 7.401575 5.392143, 0.955104 7.401575 5.395720, 0.948622 7.401575 5.399792, 0.942463 7.401575 5.404338, 0.936661 7.401575 5.409331, 0.931248 7.401575 5.414744, 0.926255 7.401575 5.420546, 0.921709 7.401575 5.426705, 0.917637 7.401575 5.433187, 0.914060 7.401575 5.439955, 0.910999 7.401575 5.446971, 0.908470 7.401575 5.454196, 0.906489 7.401575 5.461590, 0.905066 7.401575 5.469112, 0.904209 7.401575 5.476718, 0.903923 7.401575 5.484368, 0.904209 7.401575 5.492018, 0.905066 7.401575 5.499624, 0.906489 7.401575 5.507146, 0.908470 7.401575 5.514540, 0.910999 7.401575 5.521765, 0.914060 7.401575 5.528781, 0.917637 7.401575 5.535549, 0.921709 7.401575 5.542031, 0.926255 7.401575 5.548190, 0.931248 7.401575 5.553992, 0.936661 7.401575 5.559405, 0.942463 7.401575 5.564398, 0.948622 7.401575 5.568944, 0.955104 7.401575 5.573016, 0.961872 7.401575 5.576593, 0.968888 7.401575 5.579654, 0.976113 7.401575 5.582183, 0.983507 7.401575 5.584164, 0.991029 7.401575 5.585587, 0.998635 7.401575 5.586444, 1.006285 7.401575 5.586730, 1.013935 7.401575 5.586444, 1.021541 7.401575 5.585587, 1.029063 7.401575 5.584164, 1.036457 7.401575 5.582183, 1.043682 7.401575 5.579654, 1.050698 7.401575 5.576593, 1.057466 7.401575 5.573016, 1.063948 7.401575 5.568944, 1.070107 7.401575 5.564398, 1.075909 7.401575 5.559405, 1.081322 7.401575 5.553992, 1.086315 7.401575 5.548190, 1.090861 7.401575 5.542031, 1.094933 7.401575 5.535549, 1.098510 7.401575 5.528781, 1.101571 7.401575 5.521765, 1.104100 7.401575 5.514540, 1.106081 7.401575 5.507146, 1.107504 7.401575 5.499624, 1.108361 7.401575 5.492018, 1.108647 7.401575 5.484368, 1.108647 4.842520 5.484368, 1.108361 4.842520 5.476718, 1.107504 4.842520 5.469112, 1.106081 4.842520 5.461590, 1.104100 4.842520 5.454196, 1.101571 4.842520 5.446971, 1.098510 4.842520 5.439955, 1.094933 4.842520 5.433187, 1.090861 4.842520 5.426705, 1.086315 4.842520 5.420546, 1.081322 4.842520 5.414744, 1.075909 4.842520 5.409331, 1.070107 4.842520 5.404338, 1.063948 4.842520 5.399792, 1.057466 4.842520 5.395720, 1.050698 4.842520 5.392143, 1.043682 4.842520 5.389082, 1.036457 4.842520 5.386553, 1.029063 4.842520 5.384572, 1.021541 4.842520 5.383149, 1.013935 4.842520 5.382292, 1.006285 4.842520 5.382006, 0.998635 4.842520 5.382292, 0.991029 4.842520 5.383149, 0.983507 4.842520 5.384572, 0.976113 4.842520 5.386553, 0.968888 4.842520 5.389082, 0.961872 4.842520 5.392143, 0.955104 4.842520 5.395720, 0.948622 4.842520 5.399792, 0.942463 4.842520 5.404338, 0.936661 4.842520 5.409331, 0.931248 4.842520 5.414744, 0.926255 4.842520 5.420546, 0.921709 4.842520 5.426705, 0.917637 4.842520 5.433187, 0.914060 4.842520 5.439955, 0.910999 4.842520 5.446971, 0.908470 4.842520 5.454196, 0.906489 4.842520 5.461590, 0.905066 4.842520 5.469112, 0.904209 4.842520 5.476718, 0.903923 4.842520 5.484368, 0.904209 4.842520 5.492018, 0.905066 4.842520 5.499624, 0.906489 4.842520 5.507146, 0.908470 4.842520 5.514540, 0.910999 4.842520 5.521765, 0.914060 4.842520 5.528781, 0.917637 4.842520 5.535549, 0.921709 4.842520 5.542031, 0.926255 4.842520 5.548190, 0.931248 4.842520 5.553992, 0.936661 4.842520 5.559405, 0.942463 4.842520 5.564398, 0.948622 4.842520 5.568944, 0.955104 4.842520 5.573016, 0.961872 4.842520 5.576593, 0.968888 4.842520 5.579654, 0.976113 4.842520 5.582183, 0.983507 4.842520 5.584164, 0.991029 4.842520 5.585587, 0.998635 4.842520 5.586444, 1.006285 4.842520 5.586730, 1.013935 4.842520 5.586444, 1.021541 4.842520 5.585587, 1.029063 4.842520 5.584164, 1.036457 4.842520 5.582183, 1.043682 4.842520 5.579654, 1.050698 4.842520 5.576593, 1.057466 4.842520 5.573016, 1.063948 4.842520 5.568944, 1.070107 4.842520 5.564398, 1.075909 4.842520 5.559405, 1.081322 4.842520 5.553992, 1.086315 4.842520 5.548190, 1.090861 4.842520 5.542031, 1.094933 4.842520 5.535549, 1.098510 4.842520 5.528781, 1.101571 4.842520 5.521765, 1.104100 4.842520 5.514540, 1.106081 4.842520 5.507146, 1.107504 4.842520 5.499624, 1.108361 4.842520 5.492018, 1.108647 4.842520 5.484368, 1.108361 4.842520 5.476718, 1.107504 4.842520 5.469112, 1.106081 4.842520 5.461590, 1.104100 4.842520 5.454196, 1.101571 4.842520 5.446971, 1.098510 4.842520 5.439955, 1.094933 4.842520 5.433187, 1.090861 4.842520 5.426705, 1.086315 4.842520 5.420546, 1.081322 4.842520 5.414744, 1.075909 4.842520 5.409331, 1.070107 4.842520 5.404338, 1.063948 4.842520 5.399792, 1.057466 4.842520 5.395720, 1.050698 4.842520 5.392143, 1.043682 4.842520 5.389082, 1.036457 4.842520 5.386553, 1.029063 4.842520 5.384572, 1.021541 4.842520 5.383149, 1.013935 4.842520 5.382292, 1.006285 4.842520 5.382006, 0.998635 4.842520 5.382292, 0.991029 4.842520 5.383149, 0.983507 4.842520 5.384572, 0.976113 4.842520 5.386553, 0.968888 4.842520 5.389082, 0.961872 4.842520 5.392143, 0.955104 4.842520 5.395720, 0.948622 4.842520 5.399792, 0.942463 4.842520 5.404338, 0.936661 4.842520 5.409331, 0.931248 4.842520 5.414744, 0.926255 4.842520 5.420546, 0.921709 4.842520 5.426705, 0.917637 4.842520 5.433187, 0.914060 4.842520 5.439955, 0.910999 4.842520 5.446971, 0.908470 4.842520 5.454196, 0.906489 4.842520 5.461590, 0.905066 4.842520 5.469112, 0.904209 4.842520 5.476718, 0.903923 4.842520 5.484368, 0.904209 4.842520 5.492018, 0.905066 4.842520 5.499624, 0.906489 4.842520 5.507146, 0.908470 4.842520 5.514540, 0.910999 4.842520 5.521765, 0.914060 4.842520 5.528781, 0.917637 4.842520 5.535549, 0.921709 4.842520 5.542031, 0.926255 4.842520 5.548190, 0.931248 4.842520 5.553992, 0.936661 4.842520 5.559405, 0.942463 4.842520 5.564398, 0.948622 4.842520 5.568944, 0.955104 4.842520 5.573016, 0.961872 4.842520 5.576593, 0.968888 4.842520 5.579654, 0.976113 4.842520 5.582183, 0.983507 4.842520 5.584164, 0.991029 4.842520 5.585587, 0.998635 4.842520 5.586444, 1.006285 4.842520 5.586730, 1.013935 4.842520 5.586444, 1.021541 4.842520 5.585587, 1.029063 4.842520 5.584164, 1.036457 4.842520 5.582183, 1.043682 4.842520 5.579654, 1.050698 4.842520 5.576593, 1.057466 4.842520 5.573016, 1.063948 4.842520 5.568944, 1.070107 4.842520 5.564398, 1.075909 4.842520 5.559405, 1.081322 4.842520 5.553992, 1.086315 4.842520 5.548190, 1.090861 4.842520 5.542031, 1.094933 4.842520 5.535549, 1.098510 4.842520 5.528781, 1.101571 4.842520 5.521765, 1.104100 4.842520 5.514540, 1.106081 4.842520 5.507146, 1.107504 4.842520 5.499624, 1.108361 4.842520 5.492018, 1.108647 7.401575 5.484368, 1.108361 7.401575 5.476718, 1.107504 7.401575 5.469112, 1.106081 7.401575 5.461590, 1.104100 7.401575 5.454196, 1.101571 7.401575 5.446971, 1.098510 7.401575 5.439955, 1.094933 7.401575 5.433187, 1.090861 7.401575 5.426705, 1.086315 7.401575 5.420546, 1.081322 7.401575 5.414744, 1.075909 7.401575 5.409331, 1.070107 7.401575 5.404338, 1.063948 7.401575 5.399792, 1.057466 7.401575 5.395720, 1.050698 7.401575 5.392143, 1.043682 7.401575 5.389082, 1.036457 7.401575 5.386553, 1.029063 7.401575 5.384572, 1.021541 7.401575 5.383149, 1.013935 7.401575 5.382292, 1.006285 7.401575 5.382006, 0.998635 7.401575 5.382292, 0.991029 7.401575 5.383149, 0.983507 7.401575 5.384572, 0.976113 7.401575 5.386553, 0.968888 7.401575 5.389082, 0.961872 7.401575 5.392143, 0.955104 7.401575 5.395720, 0.948622 7.401575 5.399792, 0.942463 7.401575 5.404338, 0.936661 7.401575 5.409331, 0.931248 7.401575 5.414744, 0.926255 7.401575 5.420546, 0.921709 7.401575 5.426705, 0.917637 7.401575 5.433187, 0.914060 7.401575 5.439955, 0.910999 7.401575 5.446971, 0.908470 7.401575 5.454196, 0.906489 7.401575 5.461590, 0.905066 7.401575 5.469112, 0.904209 7.401575 5.476718, 0.903923 7.401575 5.484368, 0.904209 7.401575 5.492018, 0.905066 7.401575 5.499624, 0.906489 7.401575 5.507146, 0.908470 7.401575 5.514540, 0.910999 7.401575 5.521765, 0.914060 7.401575 5.528781, 0.917637 7.401575 5.535549, 0.921709 7.401575 5.542031, 0.926255 7.401575 5.548190, 0.931248 7.401575 5.553992, 0.936661 7.401575 5.559405, 0.942463 7.401575 5.564398, 0.948622 7.401575 5.568944, 0.955104 7.401575 5.573016, 0.961872 7.401575 5.576593, 0.968888 7.401575 5.579654, 0.976113 7.401575 5.582183, 0.983507 7.401575 5.584164, 0.991029 7.401575 5.585587, 0.998635 7.401575 5.586444, 1.006285 7.401575 5.586730, 1.013935 7.401575 5.586444, 1.021541 7.401575 5.585587, 1.029063 7.401575 5.584164, 1.036457 7.401575 5.582183, 1.043682 7.401575 5.579654, 1.050698 7.401575 5.576593, 1.057466 7.401575 5.573016, 1.063948 7.401575 5.568944, 1.070107 7.401575 5.564398, 1.075909 7.401575 5.559405, 1.081322 7.401575 5.553992, 1.086315 7.401575 5.548190, 1.090861 7.401575 5.542031, 1.094933 7.401575 5.535549, 1.098510 7.401575 5.528781, 1.101571 7.401575 5.521765, 1.104100 7.401575 5.514540, 1.106081 7.401575 5.507146, 1.107504 7.401575 5.499624, 1.108361 7.401575 5.492018 ] } coordIndex [ 87 1 0 -1, 87 2 1 -1, 88 3 2 -1, 88 2 87 -1, 89 4 3 -1, 89 3 88 -1, 90 5 4 -1, 90 4 89 -1, 91 6 5 -1, 91 7 6 -1, 91 5 90 -1, 92 7 91 -1, 93 8 7 -1, 93 7 92 -1, 94 8 93 -1, 94 9 8 -1, 95 10 9 -1, 95 9 94 -1, 96 11 10 -1, 96 10 95 -1, 97 12 11 -1, 97 11 96 -1, 98 13 12 -1, 98 14 13 -1, 98 12 97 -1, 99 14 98 -1, 100 15 14 -1, 100 14 99 -1, 101 16 15 -1, 101 17 16 -1, 101 15 100 -1, 102 17 101 -1, 103 18 17 -1, 103 17 102 -1, 104 19 18 -1, 104 18 103 -1, 105 20 19 -1, 105 19 104 -1, 106 21 20 -1, 106 20 105 -1, 107 22 21 -1, 107 21 106 -1, 108 23 22 -1, 108 22 107 -1, 109 24 23 -1, 109 23 108 -1, 110 25 24 -1, 110 26 25 -1, 110 24 109 -1, 111 26 110 -1, 112 27 26 -1, 112 26 111 -1, 113 28 27 -1, 113 27 112 -1, 114 29 28 -1, 114 28 113 -1, 115 30 29 -1, 115 29 114 -1, 116 31 30 -1, 116 30 115 -1, 117 32 31 -1, 117 31 116 -1, 118 32 117 -1, 118 33 32 -1, 119 33 118 -1, 119 34 33 -1, 120 34 119 -1, 120 35 34 -1, 121 35 120 -1, 121 36 35 -1, 122 36 121 -1, 122 37 36 -1, 123 37 122 -1, 123 38 37 -1, 124 38 123 -1, 124 39 38 -1, 125 39 124 -1, 125 40 39 -1, 126 40 125 -1, 126 41 40 -1, 127 41 126 -1, 127 42 41 -1, 128 42 127 -1, 128 43 42 -1, 129 44 43 -1, 129 43 128 -1, 130 44 129 -1, 130 45 44 -1, 131 46 45 -1, 131 45 130 -1, 132 47 46 -1, 132 46 131 -1, 133 48 47 -1, 133 49 48 -1, 133 47 132 -1, 134 49 133 -1, 135 50 49 -1, 135 49 134 -1, 136 51 50 -1, 136 50 135 -1, 137 52 51 -1, 137 51 136 -1, 138 53 52 -1, 138 52 137 -1, 139 54 53 -1, 139 55 54 -1, 139 53 138 -1, 140 55 139 -1, 141 56 55 -1, 141 57 56 -1, 141 55 140 -1, 142 57 141 -1, 143 57 142 -1, 143 58 57 -1, 144 58 143 -1, 144 59 58 -1, 144 60 59 -1, 145 60 144 -1, 146 60 145 -1, 146 61 60 -1, 146 62 61 -1, 147 62 146 -1, 147 63 62 -1, 148 63 147 -1, 149 63 148 -1, 149 64 63 -1, 149 65 64 -1, 150 65 149 -1, 151 65 150 -1, 151 66 65 -1, 151 67 66 -1, 152 67 151 -1, 153 67 152 -1, 153 68 67 -1, 154 68 153 -1, 154 69 68 -1, 154 70 69 -1, 155 70 154 -1, 155 71 70 -1, 156 71 155 -1, 157 71 156 -1, 157 72 71 -1, 157 73 72 -1, 158 73 157 -1, 159 73 158 -1, 159 74 73 -1, 159 75 74 -1, 160 75 159 -1, 161 75 160 -1, 161 76 75 -1, 161 77 76 -1, 162 77 161 -1, 163 77 162 -1, 163 78 77 -1, 164 79 78 -1, 164 80 79 -1, 164 78 163 -1, 165 80 164 -1, 166 81 80 -1, 166 80 165 -1, 167 82 81 -1, 167 83 82 -1, 167 81 166 -1, 168 83 167 -1, 169 84 83 -1, 169 83 168 -1, 86 84 169 -1, 86 85 84 -1, 241 240 239 -1, 243 241 239 -1, 243 242 241 -1, 245 244 243 -1, 195 197 196 -1, 251 249 248 -1, 251 250 249 -1, 173 171 170 -1, 173 172 171 -1, 184 186 185 -1, 179 176 175 -1, 179 177 176 -1, 179 178 177 -1, 181 174 173 -1, 181 175 174 -1, 181 180 179 -1, 181 179 175 -1, 181 183 182 -1, 181 184 183 -1, 181 187 186 -1, 181 188 187 -1, 181 189 188 -1, 181 190 189 -1, 181 245 243 -1, 181 191 190 -1, 181 173 170 -1, 181 192 191 -1, 181 193 192 -1, 181 194 193 -1, 181 195 194 -1, 181 198 197 -1, 181 199 198 -1, 181 200 199 -1, 181 201 200 -1, 181 202 201 -1, 181 203 202 -1, 181 204 203 -1, 181 205 204 -1, 181 206 205 -1, 181 207 206 -1, 181 208 207 -1, 181 209 208 -1, 181 210 209 -1, 181 211 210 -1, 181 212 211 -1, 181 213 212 -1, 181 214 213 -1, 181 186 184 -1, 181 215 214 -1, 181 216 215 -1, 181 217 216 -1, 181 218 217 -1, 181 219 218 -1, 181 220 219 -1, 181 243 239 -1, 181 221 220 -1, 181 222 221 -1, 181 223 222 -1, 181 224 223 -1, 181 225 224 -1, 181 226 225 -1, 181 227 226 -1, 181 228 227 -1, 181 229 228 -1, 181 230 229 -1, 181 231 230 -1, 181 232 231 -1, 181 233 232 -1, 181 251 248 -1, 181 234 233 -1, 181 235 234 -1, 181 236 235 -1, 181 237 236 -1, 181 238 237 -1, 181 239 238 -1, 181 246 245 -1, 181 247 246 -1, 181 248 247 -1, 181 252 251 -1, 181 253 252 -1, 181 170 253 -1, 181 197 195 -1, 325 323 324 -1, 327 323 325 -1, 327 325 326 -1, 329 327 328 -1, 279 280 281 -1, 335 332 333 -1, 335 333 334 -1, 257 254 255 -1, 257 255 256 -1, 268 269 270 -1, 263 259 260 -1, 263 260 261 -1, 263 261 262 -1, 265 257 258 -1, 265 258 259 -1, 265 263 264 -1, 265 259 263 -1, 265 266 267 -1, 265 267 268 -1, 265 270 271 -1, 265 271 272 -1, 265 272 273 -1, 265 273 274 -1, 265 327 329 -1, 265 274 275 -1, 265 254 257 -1, 265 275 276 -1, 265 276 277 -1, 265 277 278 -1, 265 278 279 -1, 265 281 282 -1, 265 282 283 -1, 265 283 284 -1, 265 284 285 -1, 265 285 286 -1, 265 286 287 -1, 265 287 288 -1, 265 288 289 -1, 265 289 290 -1, 265 290 291 -1, 265 291 292 -1, 265 292 293 -1, 265 293 294 -1, 265 294 295 -1, 265 295 296 -1, 265 296 297 -1, 265 297 298 -1, 265 268 270 -1, 265 298 299 -1, 265 299 300 -1, 265 300 301 -1, 265 301 302 -1, 265 302 303 -1, 265 303 304 -1, 265 323 327 -1, 265 304 305 -1, 265 305 306 -1, 265 306 307 -1, 265 307 308 -1, 265 308 309 -1, 265 309 310 -1, 265 310 311 -1, 265 311 312 -1, 265 312 313 -1, 265 313 314 -1, 265 314 315 -1, 265 315 316 -1, 265 316 317 -1, 265 332 335 -1, 265 317 318 -1, 265 318 319 -1, 265 319 320 -1, 265 320 321 -1, 265 321 322 -1, 265 322 323 -1, 265 329 330 -1, 265 330 331 -1, 265 331 332 -1, 265 335 336 -1, 265 336 337 -1, 265 337 254 -1, 265 279 281 -1 ] } }
Shape { appearance Appearance { material Material { diffuseColor 0.64 0.66 0.69 specularColor .4 .4 .4 shininess .5 } } geometry IndexedFaceSet { solid FALSE coord Coordinate { point [ 0.922693 4.842520 5.806450, 0.922693 7.401575 5.806450, 0.922407 7.401575 5.798800, 0.921550 7.401575 5.791193, 0.920127 7.401575 5.783672, 0.918146 7.401575 5.776278, 0.915617 7.401575 5.769053, 0.912556 7.401575 5.762036, 0.908979 7.401575 5.755269, 0.904907 7.401575 5.748787, 0.900361 7.401575 5.742628, 0.895368 7.401575 5.736826, 0.889955 7.401575 5.731413, 0.884153 7.401575 5.726420, 0.877994 7.401575 5.721874, 0.871512 7.401575 5.717801, 0.864744 7.401575 5.714225, 0.857728 7.401575 5.711163, 0.850503 7.401575 5.708635, 0.843109 7.401575 5.706654, 0.835587 7.401575 5.705231, 0.827981 7.401575 5.704374, 0.820331 7.401575 5.704088, 0.812682 7.401575 5.704374, 0.805075 7.401575 5.705231, 0.797553 7.401575 5.706654, 0.790159 7.401575 5.708635, 0.782934 7.401575 5.711163, 0.775918 7.401575 5.714225, 0.769150 7.401575 5.717801, 0.762668 7.401575 5.721874, 0.756509 7.401575 5.726420, 0.750707 7.401575 5.731413, 0.745294 7.401575 5.736826, 0.740301 7.401575 5.742628, 0.735755 7.401575 5.748787, 0.731683 7.401575 5.755269, 0.728106 7.401575 5.762036, 0.725045 7.401575 5.769053, 0.722517 7.401575 5.776278, 0.720535 7.401575 5.783672, 0.719112 7.401575 5.791193, 0.718255 7.401575 5.798800, 0.717969 7.401575 5.806450, 0.718255 7.401575 5.814099, 0.719112 7.401575 5.821706, 0.720535 7.401575 5.829227, 0.722517 7.401575 5.836622, 0.725045 7.401575 5.843847, 0.728106 7.401575 5.850863, 0.731683 7.401575 5.857631, 0.735755 7.401575 5.864112, 0.740301 7.401575 5.870272, 0.745294 7.401575 5.876074, 0.750707 7.401575 5.881487, 0.756509 7.401575 5.886480, 0.762668 7.401575 5.891025, 0.769150 7.401575 5.895098, 0.775918 7.401575 5.898675, 0.782934 7.401575 5.901736, 0.790159 7.401575 5.904264, 0.797553 7.401575 5.906245, 0.805075 7.401575 5.907669, 0.812682 7.401575 5.908526, 0.820331 7.401575 5.908812, 0.827981 7.401575 5.908526, 0.835587 7.401575 5.907669, 0.843109 7.401575 5.906245, 0.850503 7.401575 5.904264, 0.857728 7.401575 5.901736, 0.864744 7.401575 5.898675, 0.871512 7.401575 5.895098, 0.877994 7.401575 5.891025, 0.884153 7.401575 5.886480, 0.889955 7.401575 5.881487, 0.895368 7.401575 5.876074, 0.900361 7.401575 5.870272, 0.904907 7.401575 5.864112, 0.908979 7.401575 5.857631, 0.912556 7.401575 5.850863, 0.915617 7.401575 5.843847, 0.918146 7.401575 5.836622, 0.920127 7.401575 5.829227, 0.921550 7.401575 5.821706, 0.922407 7.401575 5.814099, 0.922693 7.401575 5.806450, 0.922693 4.842520 5.806450, 0.922407 4.842520 5.798800, 0.921550 4.842520 5.791193, 0.920127 4.842520 5.783672, 0.918146 4.842520 5.776278, 0.915617 4.842520 5.769053, 0.912556 4.842520 5.762036, 0.908979 4.842520 5.755269, 0.904907 4.842520 5.748787, 0.900361 4.842520 5.742628, 0.895368 4.842520 5.736826, 0.889955 4.842520 5.731413, 0.884153 4.842520 5.726420, 0.877994 4.842520 5.721874, 0.871512 4.842520 5.717801, 0.864744 4.842520 5.714225, 0.857728 4.842520 5.711163, 0.850503 4.842520 5.708635, 0.843109 4.842520 5.706654, 0.835587 4.842520 5.705231, 0.827981 4.842520 5.704374, 0.820331 4.842520 5.704088, 0.812682 4.842520 5.704374, 0.805075 4.842520 5.705231, 0.797553 4.842520 5.706654, 0.790159 4.842520 5.708635, 0.782934 4.842520 5.711163, 0.775918 4.842520 5.714225, 0.769150 4.842520 5.717801, 0.762668 4.842520 5.721874, 0.756509 4.842520 5.726420, 0.750707 4.842520 5.731413, 0.745294 4.842520 5.736826, 0.740301 4.842520 5.742628, 0.735755 4.842520 5.748787, 0.731683 4.842520 5.755269, 0.728106 4.842520 5.762036, 0.725045 4.842520 5.769053, 0.722517 4.842520 5.776278, 0.720535 4.842520 5.783672, 0.719112 4.842520 5.791193, 0.718255 4.842520 5.798800, 0.717969 4.842520 5.806450, 0.718255 4.842520 5.814099, 0.719112 4.842520 5.821706, 0.720535 4.842520 5.829227, 0.722517 4.842520 5.836622, 0.725045 4.842520 5.843847, 0.728106 4.842520 5.850863, 0.731683 4.842520 5.857631, 0.735755 4.842520 5.864112, 0.740301 4.842520 5.870272, 0.745294 4.842520 5.876074, 0.750707 4.842520 5.881487, 0.756509 4.842520 5.886480, 0.762668 4.842520 5.891025, 0.769150 4.842520 5.895098, 0.775918 4.842520 5.898675, 0.782934 4.842520 5.901736, 0.790159 4.842520 5.904264, 0.797553 4.842520 5.906245, 0.805075 4.842520 5.907669, 0.812682 4.842520 5.908526, 0.820331 4.842520 5.908812, 0.827981 4.842520 5.908526, 0.835587 4.842520 5.907669, 0.843109 4.842520 5.906245, 0.850503 4.842520 5.904264, 0.857728 4.842520 5.901736, 0.864744 4.842520 5.898675, 0.871512 4.842520 5.895098, 0.877994 4.842520 5.891025, 0.884153 4.842520 5.886480, 0.889955 4.842520 5.881487, 0.895368 4.842520 5.876074, 0.900361 4.842520 5.870272, 0.904907 4.842520 5.864112, 0.908979 4.842520 5.857631, 0.912556 4.842520 5.850863, 0.915617 4.842520 5.843847, 0.918146 4.842520 5.836622, 0.920127 4.842520 5.829227, 0.921550 4.842520 5.821706, 0.922407 4.842520 5.814099, 0.922693 4.842520 5.806450, 0.922407 4.842520 5.798800, 0.921550 4.842520 5.791193, 0.920127 4.842520 5.783672, 0.918146 4.842520 5.776278, 0.915617 4.842520 5.769053, 0.912556 4.842520 5.762036, 0.908979 4.842520 5.755269, 0.904907 4.842520 5.748787, 0.900361 4.842520 5.742628, 0.895368 4.842520 5.736826, 0.889955 4.842520 5.731413, 0.884153 4.842520 5.726420, 0.877994 4.842520 5.721874, 0.871512 4.842520 5.717801, 0.864744 4.842520 5.714225, 0.857728 4.842520 5.711163, 0.850503 4.842520 5.708635, 0.843109 4.842520 5.706654, 0.835587 4.842520 5.705231, 0.827981 4.842520 5.704374, 0.820331 4.842520 5.704088, 0.812682 4.842520 5.704374, 0.805075 4.842520 5.705231, 0.797553 4.842520 5.706654, 0.790159 4.842520 5.708635, 0.782934 4.842520 5.711163, 0.775918 4.842520 5.714225, 0.769150 4.842520 5.717801, 0.762668 4.842520 5.721874, 0.756509 4.842520 5.726420, 0.750707 4.842520 5.731413, 0.745294 4.842520 5.736826, 0.740301 4.842520 5.742628, 0.735755 4.842520 5.748787, 0.731683 4.842520 5.755269, 0.728106 4.842520 5.762036, 0.725045 4.842520 5.769053, 0.722517 4.842520 5.776278, 0.720535 4.842520 5.783672, 0.719112 4.842520 5.791193, 0.718255 4.842520 5.798800, 0.717969 4.842520 5.806450, 0.718255 4.842520 5.814099, 0.719112 4.842520 5.821706, 0.720535 4.842520 5.829227, 0.722517 4.842520 5.836622, 0.725045 4.842520 5.843847, 0.728106 4.842520 5.850863, 0.731683 4.842520 5.857631, 0.735755 4.842520 5.864112, 0.740301 4.842520 5.870272, 0.745294 4.842520 5.876074, 0.750707 4.842520 5.881487, 0.756509 4.842520 5.886480, 0.762668 4.842520 5.891025, 0.769150 4.842520 5.895098, 0.775918 4.842520 5.898675, 0.782934 4.842520 5.901736, 0.790159 4.842520 5.904264, 0.797553 4.842520 5.906245, 0.805075 4.842520 5.907669, 0.812682 4.842520 5.908526, 0.820331 4.842520 5.908812, 0.827981 4.842520 5.908526, 0.835587 4.842520 5.907669, 0.843109 4.842520 5.906245, 0.850503 4.842520 5.904264, 0.857728 4.842520 5.901736, 0.864744 4.842520 5.898675, 0.871512 4.842520 5.895098, 0.877994 4.842520 5.891025, 0.884153 4.842520 5.886480, 0.889955 4.842520 5.881487, 0.895368 4.842520 5.876074, 0.900361 4.842520 5.870272, 0.904907 4.842520 5.864112, 0.908979 4.842520 5.857631, 0.912556 4.842520 5.850863, 0.915617 4.842520 5.843847, 0.918146 4.842520 5.836622, 0.920127 4.842520 5.829227, 0.921550 4.842520 5.821706, 0.922407 4.842520 5.814099, 0.922693 7.401575 5.806450, 0.922407 7.401575 5.798800, 0.921550 7.401575 5.791193, 0.920127 7.401575 5.783672, 0.918146 7.401575 5.776278, 0.915617 7.401575 5.769053, 0.912556 7.401575 5.762036, 0.908979 7.401575 5.755269, 0.904907 7.401575 5.748787, 0.900361 7.401575 5.742628, 0.895368 7.401575 5.736826, 0.889955 7.401575 5.731413, 0.884153 7.401575 5.726420, 0.877994 7.401575 5.721874, 0.871512 7.401575 5.717801, 0.864744 7.401575 5.714225, 0.857728 7.401575 5.711163, 0.850503 7.401575 5.708635, 0.843109 7.401575 5.706654, 0.835587 7.401575 5.705231, 0.827981 7.401575 5.704374, 0.820331 7.401575 5.704088, 0.812682 7.401575 5.704374, 0.805075 7.401575 5.705231, 0.797553 7.401575 5.706654, 0.790159 7.401575 5.708635, 0.782934 7.401575 5.711163, 0.775918 7.401575 5.714225, 0.769150 7.401575 5.717801, 0.762668 7.401575 5.721874, 0.756509 7.401575 5.726420, 0.750707 7.401575 5.731413, 0.745294 7.401575 5.736826, 0.740301 7.401575 5.742628, 0.735755 7.401575 5.748787, 0.731683 7.401575 5.755269, 0.728106 7.401575 5.762036, 0.725045 7.401575 5.769053, 0.722517 7.401575 5.776278, 0.720535 7.401575 5.783672, 0.719112 7.401575 5.791193, 0.718255 7.401575 5.798800, 0.717969 7.401575 5.806450, 0.718255 7.401575 5.814099, 0.719112 7.401575 5.821706, 0.720535 7.401575 5.829227, 0.722517 7.401575 5.836622, 0.725045 7.401575 5.843847, 0.728106 7.401575 5.850863, 0.731683 7.401575 5.857631, 0.735755 7.401575 5.864112, 0.740301 7.401575 5.870272, 0.745294 7.401575 5.876074, 0.750707 7.401575 5.881487, 0.756509 7.401575 5.886480, 0.762668 7.401575 5.891025, 0.769150 7.401575 5.895098, 0.775918 7.401575 5.898675, 0.782934 7.401575 5.901736, 0.790159 7.401575 5.904264, 0.797553 7.401575 5.906245, 0.805075 7.401575 5.907669, 0.812682 7.401575 5.908526, 0.820331 7.401575 5.908812, 0.827981 7.401575 5.908526, 0.835587 7.401575 5.907669, 0.843109 7.401575 5.906245, 0.850503 7.401575 5.904264, 0.857728 7.401575 5.901736, 0.864744 7.401575 5.898675, 0.871512 7.401575 5.895098, 0.877994 7.401575 5.891025, 0.884153 7.401575 5.886480, 0.889955 7.401575 5.881487, 0.895368 7.401575 5.876074, 0.900361 7.401575 5.870272, 0.904907 7.401575 5.864112, 0.908979 7.401575 5.857631, 0.912556 7.401575 5.850863, 0.915617 7.401575 5.843847, 0.918146 7.401575 5.836622, 0.920127 7.401575 5.829227, 0.921550 7.401575 5.821706, 0.922407 7.401575 5.814099 ] } coordIndex [ 87 1 0 -1, 87 2 1 -1, 88 3 2 -1, 88 2 87 -1, 89 4 3 -1, 89 3 88 -1, 90 5 4 -1, 90 4 89 -1, 91 6 5 -1, 91 7 6 -1, 91 5 90 -1, 92 7 91 -1, 93 8 7 -1, 93 7 92 -1, 94 8 93 -1, 94 9 8 -1, 95 10 9 -1, 95 9 94 -1, 96 11 10 -1, 96 10 95 -1, 97 12 11 -1, 97 11 96 -1, 98 13 12 -1, 98 14 13 -1, 98 12 97 -1, 99 14 98 -1, 100 15 14 -1, 100 14 99 -1, 101 16 15 -1, 101 17 16 -1, 101 15 100 -1, 102 17 101 -1, 103 18 17 -1, 103 17 102 -1, 104 19 18 -1, 104 18 103 -1, 105 20 19 -1, 105 19 104 -1, 106 21 20 -1, 106 20 105 -1, 107 22 21 -1, 107 21 106 -1, 108 23 22 -1, 108 22 107 -1, 109 24 23 -1, 109 23 108 -1, 110 25 24 -1, 110 26 25 -1, 110 24 109 -1, 111 26 110 -1, 112 27 26 -1, 112 26 111 -1, 113 28 27 -1, 113 27 112 -1, 114 29 28 -1, 114 28 113 -1, 115 30 29 -1, 115 29 114 -1, 116 31 30 -1, 116 30 115 -1, 117 32 31 -1, 117 31 116 -1, 118 32 117 -1, 118 33 32 -1, 119 33 118 -1, 119 34 33 -1, 120 34 119 -1, 120 35 34 -1, 121 35 120 -1, 121 36 35 -1, 122 36 121 -1, 122 37 36 -1, 123 37 122 -1, 123 38 37 -1, 124 38 123 -1, 124 39 38 -1, 125 39 124 -1, 125 40 39 -1, 126 40 125 -1, 126 41 40 -1, 127 41 126 -1, 127 42 41 -1, 128 42 127 -1, 128 43 42 -1, 129 44 43 -1, 129 43 128 -1, 130 44 129 -1, 130 45 44 -1, 131 46 45 -1, 131 45 130 -1, 132 47 46 -1, 132 46 131 -1, 133 48 47 -1, 133 49 48 -1, 133 47 132 -1, 134 49 133 -1, 135 50 49 -1, 135 49 134 -1, 136 51 50 -1, 136 50 135 -1, 137 52 51 -1, 137 51 136 -1, 138 53 52 -1, 138 52 137 -1, 139 54 53 -1, 139 55 54 -1, 139 53 138 -1, 140 55 139 -1, 141 56 55 -1, 141 57 56 -1, 141 55 140 -1, 142 57 141 -1, 143 57 142 -1, 143 58 57 -1, 144 58 143 -1, 144 59 58 -1, 144 60 59 -1, 145 60 144 -1, 146 60 145 -1, 146 61 60 -1, 146 62 61 -1, 147 62 146 -1, 147 63 62 -1, 148 63 147 -1, 149 63 148 -1, 149 64 63 -1, 149 65 64 -1, 150 65 149 -1, 151 65 150 -1, 151 66 65 -1, 151 67 66 -1, 152 67 151 -1, 153 67 152 -1, 153 68 67 -1, 154 68 153 -1, 154 69 68 -1, 154 70 69 -1, 155 70 154 -1, 155 71 70 -1, 156 71 155 -1, 157 71 156 -1, 157 72 71 -1, 157 73 72 -1, 158 73 157 -1, 159 73 158 -1, 159 74 73 -1, 159 75 74 -1, 160 75 159 -1, 161 75 160 -1, 161 76 75 -1, 161 77 76 -1, 162 77 161 -1, 163 77 162 -1, 163 78 77 -1, 164 79 78 -1, 164 80 79 -1, 164 78 163 -1, 165 80 164 -1, 166 81 80 -1, 166 80 165 -1, 167 82 81 -1, 167 83 82 -1, 167 81 166 -1, 168 83 167 -1, 169 84 83 -1, 169 83 168 -1, 86 84 169 -1, 86 85 84 -1, 204 206 205 -1, 243 242 241 -1, 199 201 200 -1, 246 244 243 -1, 246 245 244 -1, 251 250 249 -1, 253 251 249 -1, 253 252 251 -1, 172 171 170 -1, 187 189 188 -1, 174 173 172 -1, 174 172 170 -1, 176 175 174 -1, 184 186 185 -1, 184 187 186 -1, 184 190 189 -1, 184 191 190 -1, 184 189 187 -1, 179 178 177 -1, 181 253 249 -1, 181 177 176 -1, 181 180 179 -1, 181 174 170 -1, 181 183 182 -1, 181 184 183 -1, 181 191 184 -1, 181 192 191 -1, 181 193 192 -1, 181 194 193 -1, 181 195 194 -1, 181 196 195 -1, 181 197 196 -1, 181 198 197 -1, 181 199 198 -1, 181 202 201 -1, 181 203 202 -1, 181 204 203 -1, 181 207 206 -1, 181 176 174 -1, 181 208 207 -1, 181 209 208 -1, 181 210 209 -1, 181 211 210 -1, 181 212 211 -1, 181 213 212 -1, 181 214 213 -1, 181 201 199 -1, 181 215 214 -1, 181 216 215 -1, 181 217 216 -1, 181 218 217 -1, 181 219 218 -1, 181 220 219 -1, 181 221 220 -1, 181 222 221 -1, 181 223 222 -1, 181 206 204 -1, 181 224 223 -1, 181 225 224 -1, 181 226 225 -1, 181 227 226 -1, 181 228 227 -1, 181 229 228 -1, 181 230 229 -1, 181 231 230 -1, 181 232 231 -1, 181 233 232 -1, 181 234 233 -1, 181 179 177 -1, 181 235 234 -1, 181 236 235 -1, 181 237 236 -1, 181 238 237 -1, 181 239 238 -1, 181 240 239 -1, 181 243 241 -1, 181 241 240 -1, 181 247 246 -1, 181 248 247 -1, 181 246 243 -1, 181 249 248 -1, 181 170 253 -1, 288 289 290 -1, 327 325 326 -1, 283 284 285 -1, 330 327 328 -1, 330 328 329 -1, 335 333 334 -1, 337 333 335 -1, 337 335 336 -1, 256 254 255 -1, 271 272 273 -1, 258 256 257 -1, 258 254 256 -1, 260 258 259 -1, 268 269 270 -1, 268 270 271 -1, 268 273 274 -1, 268 274 275 -1, 268 271 273 -1, 263 261 262 -1, 265 333 337 -1, 265 260 261 -1, 265 263 264 -1, 265 254 258 -1, 265 266 267 -1, 265 267 268 -1, 265 268 275 -1, 265 275 276 -1, 265 276 277 -1, 265 277 278 -1, 265 278 279 -1, 265 279 280 -1, 265 280 281 -1, 265 281 282 -1, 265 282 283 -1, 265 285 286 -1, 265 286 287 -1, 265 287 288 -1, 265 290 291 -1, 265 258 260 -1, 265 291 292 -1, 265 292 293 -1, 265 293 294 -1, 265 294 295 -1, 265 295 296 -1, 265 296 297 -1, 265 297 298 -1, 265 283 285 -1, 265 298 299 -1, 265 299 300 -1, 265 300 301 -1, 265 301 302 -1, 265 302 303 -1, 265 303 304 -1, 265 304 305 -1, 265 305 306 -1, 265 306 307 -1, 265 288 290 -1, 265 307 308 -1, 265 308 309 -1, 265 309 310 -1, 265 310 311 -1, 265 311 312 -1, 265 312 313 -1, 265 313 314 -1, 265 314 315 -1, 265 315 316 -1, 265 316 317 -1, 265 317 318 -1, 265 261 263 -1, 265 318 319 -1, 265 319 320 -1, 265 320 321 -1, 265 321 322 -1, 265 322 323 -1, 265 323 324 -1, 265 325 327 -1, 265 324 325 -1, 265 330 331 -1, 265 331 332 -1, 265 327 330 -1, 265 332 333 -1, 265 337 254 -1 ] } }
Shape { appearance Appearance { material Material { diffuseColor 0.64 0.66 0.69 specularColor .4 .4 .4 shininess .5 } } geometry IndexedFaceSet { solid FALSE coord Coordinate { point [ 0.637795 4.842520 6.045508, 0.637795 7.401575 6.045508, 0.637509 7.401575 6.037858, 0.636652 7.401575 6.030251, 0.635229 7.401575 6.022730, 0.633248 7.401575 6.015336, 0.630719 7.401575 6.008110, 0.627658 7.401575 6.001094, 0.624081 7.401575 5.994326, 0.620009 7.401575 5.987845, 0.615463 7.401575 5.981686, 0.610470 7.401575 5.975884, 0.605057 7.401575 5.970471, 0.599255 7.401575 5.965478, 0.593096 7.401575 5.960932, 0.586614 7.401575 5.956859, 0.579846 7.401575 5.953282, 0.572830 7.401575 5.950221, 0.565605 7.401575 5.947693, 0.558211 7.401575 5.945712, 0.550689 7.401575 5.944289, 0.543083 7.401575 5.943432, 0.535433 7.401575 5.943145, 0.527784 7.401575 5.943432, 0.520177 7.401575 5.944289, 0.512655 7.401575 5.945712, 0.505261 7.401575 5.947693, 0.498036 7.401575 5.950221, 0.491020 7.401575 5.953282, 0.484252 7.401575 5.956859, 0.477770 7.401575 5.960932, 0.471611 7.401575 5.965478, 0.465809 7.401575 5.970471, 0.460396 7.401575 5.975884, 0.455403 7.401575 5.981686, 0.450857 7.401575 5.987845, 0.446785 7.401575 5.994326, 0.443208 7.401575 6.001094, 0.440147 7.401575 6.008110, 0.437619 7.401575 6.015336, 0.435637 7.401575 6.022730, 0.434214 7.401575 6.030251, 0.433357 7.401575 6.037858, 0.433071 7.401575 6.045508, 0.433357 7.401575 6.053157, 0.434214 7.401575 6.060764, 0.435637 7.401575 6.068285, 0.437619 7.401575 6.075679, 0.440147 7.401575 6.082905, 0.443208 7.401575 6.089921, 0.446785 7.401575 6.096689, 0.450857 7.401575 6.103170, 0.455403 7.401575 6.109329, 0.460396 7.401575 6.115132, 0.465809 7.401575 6.120544, 0.471611 7.401575 6.125538, 0.477770 7.401575 6.130083, 0.484252 7.401575 6.134156, 0.491020 7.401575 6.137733, 0.498036 7.401575 6.140794, 0.505261 7.401575 6.143322, 0.512655 7.401575 6.145303, 0.520177 7.401575 6.146726, 0.527784 7.401575 6.147583, 0.535433 7.401575 6.147870, 0.543083 7.401575 6.147583, 0.550689 7.401575 6.146726, 0.558211 7.401575 6.145303, 0.565605 7.401575 6.143322, 0.572830 7.401575 6.140794, 0.579846 7.401575 6.137733, 0.586614 7.401575 6.134156, 0.593096 7.401575 6.130083, 0.599255 7.401575 6.125538, 0.605057 7.401575 6.120544, 0.610470 7.401575 6.115132, 0.615463 7.401575 6.109329, 0.620009 7.401575 6.103170, 0.624081 7.401575 6.096689, 0.627658 7.401575 6.089921, 0.630719 7.401575 6.082905, 0.633248 7.401575 6.075679, 0.635229 7.401575 6.068285, 0.636652 7.401575 6.060764, 0.637509 7.401575 6.053157, 0.637795 7.401575 6.045508, 0.637795 4.842520 6.045508, 0.637509 4.842520 6.037858, 0.636652 4.842520 6.030251, 0.635229 4.842520 6.022730, 0.633248 4.842520 6.015336, 0.630719 4.842520 6.008110, 0.627658 4.842520 6.001094, 0.624081 4.842520 5.994326, 0.620009 4.842520 5.987845, 0.615463 4.842520 5.981686, 0.610470 4.842520 5.975884, 0.605057 4.842520 5.970471, 0.599255 4.842520 5.965478, 0.593096 4.842520 5.960932, 0.586614 4.842520 5.956859, 0.579846 4.842520 5.953282, 0.572830 4.842520 5.950221, 0.565605 4.842520 5.947693, 0.558211 4.842520 5.945712, 0.550689 4.842520 5.944289, 0.543083 4.842520 5.943432, 0.535433 4.842520 5.943145, 0.527784 4.842520 5.943432, 0.520177 4.842520 5.944289, 0.512655 4.842520 5.945712, 0.505261 4.842520 5.947693, 0.498036 4.842520 5.950221, 0.491020 4.842520 5.953282, 0.484252 4.842520 5.956859, 0.477770 4.842520 5.960932, 0.471611 4.842520 5.965478, 0.465809 4.842520 5.970471, 0.460396 4.842520 5.975884, 0.455403 4.842520 5.981686, 0.450857 4.842520 5.987845, 0.446785 4.842520 5.994326, 0.443208 4.842520 6.001094, 0.440147 4.842520 6.008110, 0.437619 4.842520 6.015336, 0.435637 4.842520 6.022730, 0.434214 4.842520 6.030251, 0.433357 4.842520 6.037858, 0.433071 4.842520 6.045508, 0.433357 4.842520 6.053157, 0.434214 4.842520 6.060764, 0.435637 4.842520 6.068285, 0.437619 4.842520 6.075679, 0.440147 4.842520 6.082905, 0.443208 4.842520 6.089921, 0.446785 4.842520 6.096689, 0.450857 4.842520 6.103170, 0.455403 4.842520 6.109329, 0.460396 4.842520 6.115132, 0.465809 4.842520 6.120544, 0.471611 4.842520 6.125538, 0.477770 4.842520 6.130083, 0.484252 4.842520 6.134156, 0.491020 4.842520 6.137733, 0.498036 4.842520 6.140794, 0.505261 4.842520 6.143322, 0.512655 4.842520 6.145303, 0.520177 4.842520 6.146726, 0.527784 4.842520 6.147583, 0.535433 4.842520 6.147870, 0.543083 4.842520 6.147583, 0.550689 4.842520 6.146726, 0.558211 4.842520 6.145303, 0.565605 4.842520 6.143322, 0.572830 4.842520 6.140794, 0.579846 4.842520 6.137733, 0.586614 4.842520 6.134156, 0.593096 4.842520 6.130083, 0.599255 4.842520 6.125538, 0.605057 4.842520 6.120544, 0.610470 4.842520 6.115132, 0.615463 4.842520 6.109329, 0.620009 4.842520 6.103170, 0.624081 4.842520 6.096689, 0.627658 4.842520 6.089921, 0.630719 4.842520 6.082905, 0.633248 4.842520 6.075679, 0.635229 4.842520 6.068285, 0.636652 4.842520 6.060764, 0.637509 4.842520 6.053157, 0.637795 4.842520 6.045508, 0.637509 4.842520 6.037858, 0.636652 4.842520 6.030251, 0.635229 4.842520 6.022730, 0.633248 4.842520 6.015336, 0.630719 4.842520 6.008110, 0.627658 4.842520 6.001094, 0.624081 4.842520 5.994326, 0.620009 4.842520 5.987845, 0.615463 4.842520 5.981686, 0.610470 4.842520 5.975884, 0.605057 4.842520 5.970471, 0.599255 4.842520 5.965478, 0.593096 4.842520 5.960932, 0.586614 4.842520 5.956859, 0.579846 4.842520 5.953282, 0.572830 4.842520 5.950221, 0.565605 4.842520 5.947693, 0.558211 4.842520 5.945712, 0.550689 4.842520 5.944289, 0.543083 4.842520 5.943432, 0.535433 4.842520 5.943145, 0.527784 4.842520 5.943432, 0.520177 4.842520 5.944289, 0.512655 4.842520 5.945712, 0.505261 4.842520 5.947693, 0.498036 4.842520 5.950221, 0.491020 4.842520 5.953282, 0.484252 4.842520 5.956859, 0.477770 4.842520 5.960932, 0.471611 4.842520 5.965478, 0.465809 4.842520 5.970471, 0.460396 4.842520 5.975884, 0.455403 4.842520 5.981686, 0.450857 4.842520 5.987845, 0.446785 4.842520 5.994326, 0.443208 4.842520 6.001094, 0.440147 4.842520 6.008110, 0.437619 4.842520 6.015336, 0.435637 4.842520 6.022730, 0.434214 4.842520 6.030251, 0.433357 4.842520 6.037858, 0.433071 4.842520 6.045508, 0.433357 4.842520 6.053157, 0.434214 4.842520 6.060764, 0.435637 4.842520 6.068285, 0.437619 4.842520 6.075679, 0.440147 4.842520 6.082905, 0.443208 4.842520 6.089921, 0.446785 4.842520 6.096689, 0.450857 4.842520 6.103170, 0.455403 4.842520 6.109329, 0.460396 4.842520 6.115132, 0.465809 4.842520 6.120544, 0.471611 4.842520 6.125538, 0.477770 4.842520 6.130083, 0.484252 4.842520 6.134156, 0.491020 4.842520 6.137733, 0.498036 4.842520 6.140794, 0.505261 4.842520 6.143322, 0.512655 4.842520 6.145303, 0.520177 4.842520 6.146726, 0.527784 4.842520 6.147583, 0.535433 4.842520 6.147870, 0.543083 4.842520 6.147583, 0.550689 4.842520 6.146726, 0.558211 4.842520 6.145303, 0.565605 4.842520 6.143322, 0.572830 4.842520 6.140794, 0.579846 4.842520 6.137733, 0.586614 4.842520 6.134156, 0.593096 4.842520 6.130083, 0.599255 4.842520 6.125538, 0.605057 4.842520 6.120544, 0.610470 4.842520 6.115132, 0.615463 4.842520 6.109329, 0.620009 4.842520 6.103170, 0.624081 4.842520 6.096689, 0.627658 4.842520 6.089921, 0.630719 4.842520 6.082905, 0.633248 4.842520 6.075679, 0.635229 4.842520 6.068285, 0.636652 4.842520 6.060764, 0.637509 4.842520 6.053157, 0.637795 7.401575 6.045508, 0.637509 7.401575 6.037858, 0.636652 7.401575 6.030251, 0.635229 7.401575 6.022730, 0.633248 7.401575 6.015336, 0.630719 7.401575 6.008110, 0.627658 7.401575 6.001094, 0.624081 7.401575 5.994326, 0.620009 7.401575 5.987845, 0.615463 7.401575 5.981686, 0.610470 7.401575 5.975884, 0.605057 7.401575 5.970471, 0.599255 7.401575 5.965478, 0.593096 7.401575 5.960932, 0.586614 7.401575 5.956859, 0.579846 7.401575 5.953282, 0.572830 7.401575 5.950221, 0.565605 7.401575 5.947693, 0.558211 7.401575 5.945712, 0.550689 7.401575 5.944289, 0.543083 7.401575 5.943432, 0.535433 7.401575 5.943145, 0.527784 7.401575 5.943432, 0.520177 7.401575 5.944289, 0.512655 7.401575 5.945712, 0.505261 7.401575 5.947693, 0.498036 7.401575 5.950221, 0.491020 7.401575 5.953282, 0.484252 7.401575 5.956859, 0.477770 7.401575 5.960932, 0.471611 7.401575 5.965478, 0.465809 7.401575 5.970471, 0.460396 7.401575 5.975884, 0.455403 7.401575 5.981686, 0.450857 7.401575 5.987845, 0.446785 7.401575 5.994326, 0.443208 7.401575 6.001094, 0.440147 7.401575 6.008110, 0.437619 7.401575 6.015336, 0.435637 7.401575 6.022730, 0.434214 7.401575 6.030251, 0.433357 7.401575 6.037858, 0.433071 7.401575 6.045508, 0.433357 7.401575 6.053157, 0.434214 7.401575 6.060764, 0.435637 7.401575 6.068285, 0.437619 7.401575 6.075679, 0.440147 7.401575 6.082905, 0.443208 7.401575 6.089921, 0.446785 7.401575 6.096689, 0.450857 7.401575 6.103170, 0.455403 7.401575 6.109329, 0.460396 7.401575 6.115132, 0.465809 7.401575 6.120544, 0.471611 7.401575 6.125538, 0.477770 7.401575 6.130083, 0.484252 7.401575 6.134156, 0.491020 7.401575 6.137733, 0.498036 7.401575 6.140794, 0.505261 7.401575 6.143322, 0.512655 7.401575 6.145303, 0.520177 7.401575 6.146726, 0.527784 7.401575 6.147583, 0.535433 7.401575 6.147870, 0.543083 7.401575 6.147583, 0.550689 7.401575 6.146726, 0.558211 7.401575 6.145303, 0.565605 7.401575 6.143322, 0.572830 7.401575 6.140794, 0.579846 7.401575 6.137733, 0.586614 7.401575 6.134156, 0.593096 7.401575 6.130083, 0.599255 7.401575 6.125538, 0.605057 7.401575 6.120544, 0.610470 7.401575 6.115132, 0.615463 7.401575 6.109329, 0.620009 7.401575 6.103170, 0.624081 7.401575 6.096689, 0.627658 7.401575 6.089921, 0.630719 7.401575 6.082905, 0.633248 7.401575 6.075679, 0.635229 7.401575 6.068285, 0.636652 7.401575 6.060764, 0.637509 7.401575 6.053157 ] } coordIndex [ 87 1 0 -1, 87 2 1 -1, 88 3 2 -1, 88 2 87 -1, 89 4 3 -1, 89 3 88 -1, 90 5 4 -1, 90 4 89 -1, 91 6 5 -1, 91 7 6 -1, 91 5 90 -1, 92 7 91 -1, 93 8 7 -1, 93 7 92 -1, 94 8 93 -1, 94 9 8 -1, 95 10 9 -1, 95 9 94 -1, 96 11 10 -1, 96 10 95 -1, 97 12 11 -1, 97 11 96 -1, 98 13 12 -1, 98 14 13 -1, 98 12 97 -1, 99 14 98 -1, 100 15 14 -1, 100 14 99 -1, 101 16 15 -1, 101 17 16 -1, 101 15 100 -1, 102 17 101 -1, 103 18 17 -1, 103 17 102 -1, 104 19 18 -1, 104 18 103 -1, 105 20 19 -1, 105 19 104 -1, 106 21 20 -1, 106 20 105 -1, 107 22 21 -1, 107 21 106 -1, 108 23 22 -1, 108 22 107 -1, 109 24 23 -1, 109 23 108 -1, 110 25 24 -1, 110 26 25 -1, 110 24 109 -1, 111 26 110 -1, 112 27 26 -1, 112 26 111 -1, 113 28 27 -1, 113 27 112 -1, 114 29 28 -1, 114 28 113 -1, 115 30 29 -1, 115 29 114 -1, 116 31 30 -1, 116 30 115 -1, 117 32 31 -1, 117 31 116 -1, 118 32 117 -1, 118 33 32 -1, 119 33 118 -1, 119 34 33 -1, 120 34 119 -1, 120 35 34 -1, 121 35 120 -1, 121 36 35 -1, 122 36 121 -1, 122 37 36 -1, 123 37 122 -1, 123 38 37 -1, 124 38 123 -1, 124 39 38 -1, 125 39 124 -1, 125 40 39 -1, 126 40 125 -1, 126 41 40 -1, 127 41 126 -1, 127 42 41 -1, 128 42 127 -1, 128 43 42 -1, 129 44 43 -1, 129 43 128 -1, 130 44 129 -1, 130 45 44 -1, 131 46 45 -1, 131 45 130 -1, 132 47 46 -1, 132 46 131 -1, 133 48 47 -1, 133 49 48 -1, 133 47 132 -1, 134 49 133 -1, 135 50 49 -1, 135 49 134 -1, 136 51 50 -1, 136 50 135 -1, 137 52 51 -1, 137 51 136 -1, 138 53 52 -1, 138 52 137 -1, 139 54 53 -1, 139 55 54 -1, 139 53 138 -1, 140 55 139 -1, 141 56 55 -1, 141 57 56 -1, 141 55 140 -1, 142 57 141 -1, 143 57 142 -1, 143 58 57 -1, 144 58 143 -1, 144 59 58 -1, 144 60 59 -1, 145 60 144 -1, 146 60 145 -1, 146 61 60 -1, 146 62 61 -1, 147 62 146 -1, 147 63 62 -1, 148 63 147 -1, 149 63 148 -1, 149 64 63 -1, 149 65 64 -1, 150 65 149 -1, 151 65 150 -1, 151 66 65 -1, 151 67 66 -1, 152 67 151 -1, 153 67 152 -1, 153 68 67 -1, 154 68 153 -1, 154 69 68 -1, 154 70 69 -1, 155 70 154 -1, 155 71 70 -1, 156 71 155 -1, 157 71 156 -1, 157 72 71 -1, 157 73 72 -1, 158 73 157 -1, 159 73 158 -1, 159 74 73 -1, 159 75 74 -1, 160 75 159 -1, 161 75 160 -1, 161 76 75 -1, 161 77 76 -1, 162 77 161 -1, 163 77 162 -1, 163 78 77 -1, 164 79 78 -1, 164 80 79 -1, 164 78 163 -1, 165 80 164 -1, 166 81 80 -1, 166 80 165 -1, 167 82 81 -1, 167 83 82 -1, 167 81 166 -1, 168 83 167 -1, 169 84 83 -1, 169 83 168 -1, 86 84 169 -1, 86 85 84 -1, 238 237 236 -1, 243 242 241 -1, 244 243 241 -1, 199 201 200 -1, 199 202 201 -1, 246 245 244 -1, 174 173 172 -1, 186 188 187 -1, 186 189 188 -1, 175 172 171 -1, 175 174 172 -1, 183 185 184 -1, 180 178 177 -1, 180 179 178 -1, 181 171 170 -1, 181 176 175 -1, 181 185 183 -1, 181 189 186 -1, 181 177 176 -1, 181 183 182 -1, 181 186 185 -1, 181 175 171 -1, 181 190 189 -1, 181 191 190 -1, 181 192 191 -1, 181 193 192 -1, 181 194 193 -1, 181 195 194 -1, 181 196 195 -1, 181 197 196 -1, 181 198 197 -1, 181 199 198 -1, 181 203 202 -1, 181 204 203 -1, 181 205 204 -1, 181 206 205 -1, 181 207 206 -1, 181 208 207 -1, 181 209 208 -1, 181 210 209 -1, 181 211 210 -1, 181 212 211 -1, 181 213 212 -1, 181 214 213 -1, 181 215 214 -1, 181 216 215 -1, 181 202 199 -1, 181 217 216 -1, 181 218 217 -1, 181 219 218 -1, 181 180 177 -1, 181 220 219 -1, 181 238 236 -1, 181 221 220 -1, 181 222 221 -1, 181 223 222 -1, 181 224 223 -1, 181 225 224 -1, 181 226 225 -1, 181 227 226 -1, 181 228 227 -1, 181 229 228 -1, 181 230 229 -1, 181 231 230 -1, 181 232 231 -1, 181 233 232 -1, 181 234 233 -1, 181 235 234 -1, 181 236 235 -1, 181 239 238 -1, 181 240 239 -1, 181 241 240 -1, 181 244 241 -1, 181 247 246 -1, 181 248 247 -1, 181 249 248 -1, 181 250 249 -1, 181 251 250 -1, 181 252 251 -1, 181 246 244 -1, 181 253 252 -1, 181 170 253 -1, 322 320 321 -1, 327 325 326 -1, 328 325 327 -1, 283 284 285 -1, 283 285 286 -1, 330 328 329 -1, 258 256 257 -1, 270 271 272 -1, 270 272 273 -1, 259 255 256 -1, 259 256 258 -1, 267 268 269 -1, 264 261 262 -1, 264 262 263 -1, 265 254 255 -1, 265 259 260 -1, 265 267 269 -1, 265 270 273 -1, 265 260 261 -1, 265 266 267 -1, 265 269 270 -1, 265 255 259 -1, 265 273 274 -1, 265 274 275 -1, 265 275 276 -1, 265 276 277 -1, 265 277 278 -1, 265 278 279 -1, 265 279 280 -1, 265 280 281 -1, 265 281 282 -1, 265 282 283 -1, 265 286 287 -1, 265 287 288 -1, 265 288 289 -1, 265 289 290 -1, 265 290 291 -1, 265 291 292 -1, 265 292 293 -1, 265 293 294 -1, 265 294 295 -1, 265 295 296 -1, 265 296 297 -1, 265 297 298 -1, 265 298 299 -1, 265 299 300 -1, 265 283 286 -1, 265 300 301 -1, 265 301 302 -1, 265 302 303 -1, 265 261 264 -1, 265 303 304 -1, 265 320 322 -1, 265 304 305 -1, 265 305 306 -1, 265 306 307 -1, 265 307 308 -1, 265 308 309 -1, 265 309 310 -1, 265 310 311 -1, 265 311 312 -1, 265 312 313 -1, 265 313 314 -1, 265 314 315 -1, 265 315 316 -1, 265 316 317 -1, 265 317 318 -1, 265 318 319 -1, 265 319 320 -1, 265 322 323 -1, 265 323 324 -1, 265 324 325 -1, 265 325 328 -1, 265 330 331 -1, 265 331 332 -1, 265 332 333 -1, 265 333 334 -1, 265 334 335 -1, 265 335 336 -1, 265 328 330 -1, 265 336 337 -1, 265 337 254 -1 ] } }
Shape { appearance Appearance { material Material { diffuseColor 0.64 0.66 0.69 specularColor .4 .4 .4 shininess .5 } } geometry IndexedFaceSet { solid FALSE coord Coordinate { point [ 0.288316 4.842520 6.172708, 0.288030 4.842520 6.165058, 0.287173 4.842520 6.157451, 0.285750 4.842520 6.149930, 0.283768 4.842520 6.142536, 0.281240 4.842520 6.135310, 0.278179 4.842520 6.128294, 0.274602 4.842520 6.121526, 0.270530 4.842520 6.115045, 0.265984 4.842520 6.108886, 0.260991 4.842520 6.103084, 0.255578 4.842520 6.097671, 0.249776 4.842520 6.092678, 0.243617 4.842520 6.088132, 0.237135 4.842520 6.084059, 0.230367 4.842520 6.080482, 0.223351 4.842520 6.077421, 0.216126 4.842520 6.074893, 0.208732 4.842520 6.072912, 0.201210 4.842520 6.071489, 0.193603 4.842520 6.070632, 0.185954 4.842520 6.070345, 0.178304 4.842520 6.070632, 0.170698 4.842520 6.071489, 0.163176 4.842520 6.072912, 0.155782 4.842520 6.074893, 0.148557 4.842520 6.077421, 0.141541 4.842520 6.080482, 0.134773 4.842520 6.084059, 0.128291 4.842520 6.088132, 0.122132 4.842520 6.092678, 0.116330 4.842520 6.097671, 0.110917 4.842520 6.103084, 0.105924 4.842520 6.108886, 0.101378 4.842520 6.115045, 0.097306 4.842520 6.121526, 0.093729 4.842520 6.128294, 0.090668 4.842520 6.135310, 0.088139 4.842520 6.142536, 0.086158 4.842520 6.149930, 0.084735 4.842520 6.157451, 0.083878 4.842520 6.165058, 0.083592 4.842520 6.172708, 0.083878 4.842520 6.180357, 0.084735 4.842520 6.187964, 0.086158 4.842520 6.195485, 0.088139 4.842520 6.202879, 0.090668 4.842520 6.210105, 0.093729 4.842520 6.217121, 0.097306 4.842520 6.223889, 0.101378 4.842520 6.230370, 0.105924 4.842520 6.236529, 0.110917 4.842520 6.242331, 0.116330 4.842520 6.247744, 0.122132 4.842520 6.252738, 0.128291 4.842520 6.257283, 0.134773 4.842520 6.261356, 0.141541 4.842520 6.264933, 0.148557 4.842520 6.267994, 0.155782 4.842520 6.270522, 0.163176 4.842520 6.272503, 0.170698 4.842520 6.273926, 0.178304 4.842520 6.274783, 0.185954 4.842520 6.275070, 0.193603 4.842520 6.274783, 0.201210 4.842520 6.273926, 0.208732 4.842520 6.272503, 0.216126 4.842520 6.270522, 0.223351 4.842520 6.267994, 0.230367 4.842520 6.264933, 0.237135 4.842520 6.261356, 0.243617 4.842520 6.257283, 0.249776 4.842520 6.252738, 0.255578 4.842520 6.247744, 0.260991 4.842520 6.242331, 0.265984 4.842520 6.236529, 0.270530 4.842520 6.230370, 0.274602 4.842520 6.223889, 0.278179 4.842520 6.217121, 0.281240 4.842520 6.210105, 0.283768 4.842520 6.202879, 0.285750 4.842520 6.195485, 0.287173 4.842520 6.187964, 0.288030 4.842520 6.180357, 0.288316 4.842520 6.172708, 0.288316 7.401575 6.172708, 0.288042 7.401575 6.165221, 0.287221 7.401575 6.157774, 0.285857 7.401575 6.150407, 0.283959 7.401575 6.143159, 0.281535 7.401575 6.136070, 0.278599 7.401575 6.129178, 0.275167 7.401575 6.122518, 0.271257 7.401575 6.116127, 0.266890 7.401575 6.110039, 0.262090 7.401575 6.104287, 0.256882 7.401575 6.098902, 0.251293 7.401575 6.093912, 0.245355 7.401575 6.089344, 0.239099 7.401575 6.085222, 0.232558 7.401575 6.081570, 0.225767 7.401575 6.078405, 0.218763 7.401575 6.075746, 0.211583 7.401575 6.073606, 0.204266 7.401575 6.071997, 0.196850 7.401575 6.070927, 0.196850 6.417323 6.070927, 0.196850 6.417323 6.274488, 0.189239 6.417323 6.275017, 0.181610 6.417323 6.274977, 0.174004 6.417323 6.274370, 0.166465 6.417323 6.273197, 0.159034 6.417323 6.271467, 0.151753 6.417323 6.269187, 0.144662 6.417323 6.266372, 0.137800 6.417323 6.263036, 0.131206 6.417323 6.259198, 0.124916 6.417323 6.254880, 0.118965 6.417323 6.250106, 0.113386 6.417323 6.244901, 0.108210 6.417323 6.239295, 0.103466 6.417323 6.233320, 0.099181 6.417323 6.227007, 0.095377 6.417323 6.220393, 0.092077 6.417323 6.213514, 0.089299 6.417323 6.206408, 0.087057 6.417323 6.199115, 0.085365 6.417323 6.191676, 0.084231 6.417323 6.184131, 0.083663 6.417323 6.176522, 0.083663 6.417323 6.168893, 0.084231 6.417323 6.161284, 0.085365 6.417323 6.153739, 0.087057 6.417323 6.146300, 0.089299 6.417323 6.139007, 0.092077 6.417323 6.131901, 0.095377 6.417323 6.125022, 0.099181 6.417323 6.118408, 0.103466 6.417323 6.112096, 0.108210 6.417323 6.106120, 0.113386 6.417323 6.100514, 0.118965 6.417323 6.095309, 0.124916 6.417323 6.090535, 0.131206 6.417323 6.086217, 0.137800 6.417323 6.082379, 0.144662 6.417323 6.079043, 0.151753 6.417323 6.076228, 0.159034 6.417323 6.073948, 0.166465 6.417323 6.072218, 0.174004 6.417323 6.071045, 0.181610 6.417323 6.070438, 0.189239 6.417323 6.070398, 0.196850 7.401575 6.274488, 0.204266 7.401575 6.273419, 0.211583 7.401575 6.271809, 0.218763 7.401575 6.269669, 0.225767 7.401575 6.267010, 0.232558 7.401575 6.263845, 0.239099 7.401575 6.260193, 0.245355 7.401575 6.256071, 0.251293 7.401575 6.251503, 0.256882 7.401575 6.246513, 0.262090 7.401575 6.241128, 0.266890 7.401575 6.235376, 0.271257 7.401575 6.229288, 0.275167 7.401575 6.222897, 0.278599 7.401575 6.216238, 0.281535 7.401575 6.209345, 0.283959 7.401575 6.202256, 0.285857 7.401575 6.195008, 0.287221 7.401575 6.187641, 0.288042 7.401575 6.180194, 0.288316 7.401575 6.172708, 0.288316 4.842520 6.172708, 0.288030 4.842520 6.165058, 0.287173 4.842520 6.157451, 0.285750 4.842520 6.149930, 0.283768 4.842520 6.142536, 0.281240 4.842520 6.135310, 0.278179 4.842520 6.128294, 0.274602 4.842520 6.121526, 0.270530 4.842520 6.115045, 0.265984 4.842520 6.108886, 0.260991 4.842520 6.103084, 0.255578 4.842520 6.097671, 0.249776 4.842520 6.092678, 0.243617 4.842520 6.088132, 0.237135 4.842520 6.084059, 0.230367 4.842520 6.080482, 0.223351 4.842520 6.077421, 0.216126 4.842520 6.074893, 0.208732 4.842520 6.072912, 0.201210 4.842520 6.071489, 0.193603 4.842520 6.070632, 0.185954 4.842520 6.070345, 0.178304 4.842520 6.070632, 0.170698 4.842520 6.071489, 0.163176 4.842520 6.072912, 0.155782 4.842520 6.074893, 0.148557 4.842520 6.077421, 0.141541 4.842520 6.080482, 0.134773 4.842520 6.084059, 0.128291 4.842520 6.088132, 0.122132 4.842520 6.092678, 0.116330 4.842520 6.097671, 0.110917 4.842520 6.103084, 0.105924 4.842520 6.108886, 0.101378 4.842520 6.115045, 0.097306 4.842520 6.121526, 0.093729 4.842520 6.128294, 0.090668 4.842520 6.135310, 0.088139 4.842520 6.142536, 0.086158 4.842520 6.149930, 0.084735 4.842520 6.157451, 0.083878 4.842520 6.165058, 0.083592 4.842520 6.172708, 0.083878 4.842520 6.180357, 0.084735 4.842520 6.187964, 0.086158 4.842520 6.195485, 0.088139 4.842520 6.202879, 0.090668 4.842520 6.210105, 0.093729 4.842520 6.217121, 0.097306 4.842520 6.223889, 0.101378 4.842520 6.230370, 0.105924 4.842520 6.236529, 0.110917 4.842520 6.242331, 0.116330 4.842520 6.247744, 0.122132 4.842520 6.252738, 0.128291 4.842520 6.257283, 0.134773 4.842520 6.261356, 0.141541 4.842520 6.264933, 0.148557 4.842520 6.267994, 0.155782 4.842520 6.270522, 0.163176 4.842520 6.272503, 0.170698 4.842520 6.273926, 0.178304 4.842520 6.274783, 0.185954 4.842520 6.275070, 0.193603 4.842520 6.274783, 0.201210 4.842520 6.273926, 0.208732 4.842520 6.272503, 0.216126 4.842520 6.270522, 0.223351 4.842520 6.267994, 0.230367 4.842520 6.264933, 0.237135 4.842520 6.261356, 0.243617 4.842520 6.257283, 0.249776 4.842520 6.252738, 0.255578 4.842520 6.247744, 0.260991 4.842520 6.242331, 0.265984 4.842520 6.236529, 0.270530 4.842520 6.230370, 0.274602 4.842520 6.223889, 0.278179 4.842520 6.217121, 0.281240 4.842520 6.210105, 0.283768 4.842520 6.202879, 0.285750 4.842520 6.195485, 0.287173 4.842520 6.187964, 0.288030 4.842520 6.180357, 0.196850 7.401575 6.274488, 0.204266 7.401575 6.273419, 0.211583 7.401575 6.271809, 0.218763 7.401575 6.269669, 0.225767 7.401575 6.267010, 0.232558 7.401575 6.263845, 0.239099 7.401575 6.260193, 0.245355 7.401575 6.256071, 0.251293 7.401575 6.251503, 0.256882 7.401575 6.246513, 0.262090 7.401575 6.241128, 0.266890 7.401575 6.235376, 0.271257 7.401575 6.229288, 0.275167 7.401575 6.222897, 0.278599 7.401575 6.216238, 0.281535 7.401575 6.209345, 0.283959 7.401575 6.202256, 0.285857 7.401575 6.195008, 0.287221 7.401575 6.187641, 0.288042 7.401575 6.180194, 0.288316 7.401575 6.172708, 0.288042 7.401575 6.165221, 0.287221 7.401575 6.157774, 0.285857 7.401575 6.150407, 0.283959 7.401575 6.143159, 0.281535 7.401575 6.136070, 0.278599 7.401575 6.129178, 0.275167 7.401575 6.122518, 0.271257 7.401575 6.116127, 0.266890 7.401575 6.110039, 0.262090 7.401575 6.104287, 0.256882 7.401575 6.098902, 0.251293 7.401575 6.093912, 0.245355 7.401575 6.089344, 0.239099 7.401575 6.085222, 0.232558 7.401575 6.081570, 0.225767 7.401575 6.078405, 0.218763 7.401575 6.075746, 0.211583 7.401575 6.073606, 0.204266 7.401575 6.071997, 0.196850 7.401575 6.070927, 0.196850 6.417323 6.070927, 0.196850 6.417323 6.274488, 0.196850 7.401575 6.070927, 0.196850 7.401575 6.274488, 0.196850 6.417323 6.070927, 0.196850 6.417323 6.274488, 0.189239 6.417323 6.275017, 0.181610 6.417323 6.274977, 0.174004 6.417323 6.274370, 0.166465 6.417323 6.273197, 0.159034 6.417323 6.271467, 0.151753 6.417323 6.269187, 0.144662 6.417323 6.266372, 0.137800 6.417323 6.263036, 0.131206 6.417323 6.259198, 0.124916 6.417323 6.254880, 0.118965 6.417323 6.250106, 0.113386 6.417323 6.244901, 0.108210 6.417323 6.239295, 0.103466 6.417323 6.233320, 0.099181 6.417323 6.227007, 0.095377 6.417323 6.220393, 0.092077 6.417323 6.213514, 0.089299 6.417323 6.206408, 0.087057 6.417323 6.199115, 0.085365 6.417323 6.191676, 0.084231 6.417323 6.184131, 0.083663 6.417323 6.176522, 0.083663 6.417323 6.168893, 0.084231 6.417323 6.161284, 0.085365 6.417323 6.153739, 0.087057 6.417323 6.146300, 0.089299 6.417323 6.139007, 0.092077 6.417323 6.131901, 0.095377 6.417323 6.125022, 0.099181 6.417323 6.118408, 0.103466 6.417323 6.112096, 0.108210 6.417323 6.106120, 0.113386 6.417323 6.100514, 0.118965 6.417323 6.095309, 0.124916 6.417323 6.090535, 0.131206 6.417323 6.086217, 0.137800 6.417323 6.082379, 0.144662 6.417323 6.079043, 0.151753 6.417323 6.076228, 0.159034 6.417323 6.073948, 0.166465 6.417323 6.072218, 0.174004 6.417323 6.071045, 0.181610 6.417323 6.070438, 0.189239 6.417323 6.070398 ] } coordIndex [ 0 86 85 -1, 1 86 0 -1, 1 87 86 -1, 2 88 87 -1, 2 87 1 -1, 3 89 88 -1, 3 88 2 -1, 4 90 89 -1, 4 89 3 -1, 5 91 90 -1, 5 90 4 -1, 6 91 5 -1, 6 92 91 -1, 7 92 6 -1, 7 93 92 -1, 8 93 7 -1, 8 94 93 -1, 9 94 8 -1, 9 95 94 -1, 10 95 9 -1, 10 96 95 -1, 11 96 10 -1, 11 97 96 -1, 12 97 11 -1, 12 98 97 -1, 13 98 12 -1, 13 99 98 -1, 14 99 13 -1, 14 100 99 -1, 15 101 100 -1, 15 100 14 -1, 16 102 101 -1, 16 101 15 -1, 17 103 102 -1, 17 102 16 -1, 18 104 103 -1, 18 103 17 -1, 106 105 104 -1, 19 104 18 -1, 19 106 104 -1, 20 151 106 -1, 20 106 19 -1, 21 150 151 -1, 21 151 20 -1, 22 149 150 -1, 22 150 21 -1, 23 148 149 -1, 23 149 22 -1, 24 147 148 -1, 24 148 23 -1, 25 146 147 -1, 25 147 24 -1, 26 145 146 -1, 26 146 25 -1, 27 144 145 -1, 27 145 26 -1, 28 143 144 -1, 28 144 27 -1, 29 142 143 -1, 29 143 28 -1, 30 141 142 -1, 30 142 29 -1, 31 140 141 -1, 31 141 30 -1, 32 140 31 -1, 32 139 140 -1, 33 139 32 -1, 33 138 139 -1, 34 138 33 -1, 34 137 138 -1, 35 137 34 -1, 35 136 137 -1, 36 136 35 -1, 36 135 136 -1, 37 135 36 -1, 37 134 135 -1, 38 134 37 -1, 38 133 134 -1, 39 132 133 -1, 39 133 38 -1, 40 131 132 -1, 40 132 39 -1, 41 130 131 -1, 41 131 40 -1, 42 129 130 -1, 42 130 41 -1, 43 128 129 -1, 43 129 42 -1, 44 127 128 -1, 44 128 43 -1, 45 126 127 -1, 45 127 44 -1, 46 125 126 -1, 46 126 45 -1, 47 124 125 -1, 47 125 46 -1, 48 123 124 -1, 48 124 47 -1, 49 122 123 -1, 49 123 48 -1, 50 121 122 -1, 50 122 49 -1, 51 120 121 -1, 51 121 50 -1, 52 119 120 -1, 52 120 51 -1, 53 118 119 -1, 53 119 52 -1, 54 117 118 -1, 54 118 53 -1, 55 116 117 -1, 55 117 54 -1, 56 115 116 -1, 56 116 55 -1, 57 115 56 -1, 57 114 115 -1, 58 114 57 -1, 58 113 114 -1, 59 112 113 -1, 59 113 58 -1, 60 111 112 -1, 60 112 59 -1, 61 110 111 -1, 61 111 60 -1, 62 109 110 -1, 62 110 61 -1, 63 108 109 -1, 63 109 62 -1, 153 152 107 -1, 64 107 108 -1, 64 108 63 -1, 65 107 64 -1, 65 153 107 -1, 66 153 65 -1, 66 154 153 -1, 67 154 66 -1, 67 155 154 -1, 68 155 67 -1, 68 156 155 -1, 69 156 68 -1, 69 157 156 -1, 70 157 69 -1, 70 158 157 -1, 71 159 158 -1, 71 158 70 -1, 72 160 159 -1, 72 159 71 -1, 73 161 160 -1, 73 160 72 -1, 74 162 161 -1, 74 161 73 -1, 75 163 162 -1, 75 162 74 -1, 76 164 163 -1, 76 163 75 -1, 77 165 164 -1, 77 164 76 -1, 78 166 165 -1, 78 165 77 -1, 79 167 166 -1, 79 166 78 -1, 80 168 167 -1, 80 167 79 -1, 81 168 80 -1, 81 169 168 -1, 82 169 81 -1, 82 170 169 -1, 83 170 82 -1, 83 171 170 -1, 84 171 83 -1, 84 172 171 -1, 241 240 239 -1, 243 242 241 -1, 248 246 245 -1, 248 247 246 -1, 251 245 244 -1, 251 248 245 -1, 251 249 248 -1, 251 250 249 -1, 176 175 174 -1, 189 191 190 -1, 178 177 176 -1, 181 179 178 -1, 181 180 179 -1, 185 187 186 -1, 182 181 178 -1, 183 182 178 -1, 184 174 173 -1, 184 251 244 -1, 184 188 187 -1, 184 189 188 -1, 184 191 189 -1, 184 183 178 -1, 184 192 191 -1, 184 193 192 -1, 184 194 193 -1, 184 195 194 -1, 184 196 195 -1, 184 197 196 -1, 184 198 197 -1, 184 199 198 -1, 184 200 199 -1, 184 201 200 -1, 184 202 201 -1, 184 203 202 -1, 184 204 203 -1, 184 205 204 -1, 184 206 205 -1, 184 207 206 -1, 184 208 207 -1, 184 209 208 -1, 184 210 209 -1, 184 211 210 -1, 184 212 211 -1, 184 213 212 -1, 184 214 213 -1, 184 215 214 -1, 184 216 215 -1, 184 217 216 -1, 184 218 217 -1, 184 187 185 -1, 184 219 218 -1, 184 220 219 -1, 184 221 220 -1, 184 222 221 -1, 184 223 222 -1, 184 241 239 -1, 184 224 223 -1, 184 225 224 -1, 184 226 225 -1, 184 227 226 -1, 184 228 227 -1, 184 243 241 -1, 184 229 228 -1, 184 230 229 -1, 184 231 230 -1, 184 232 231 -1, 184 233 232 -1, 184 234 233 -1, 184 235 234 -1, 184 176 174 -1, 184 236 235 -1, 184 237 236 -1, 184 238 237 -1, 184 239 238 -1, 184 244 243 -1, 184 252 251 -1, 184 253 252 -1, 184 254 253 -1, 184 255 254 -1, 184 256 255 -1, 184 173 256 -1, 184 178 176 -1, 276 274 275 -1, 295 296 297 -1, 281 279 280 -1, 292 293 294 -1, 288 257 258 -1, 288 258 259 -1, 288 259 260 -1, 288 260 261 -1, 288 261 262 -1, 288 292 294 -1, 288 262 263 -1, 288 263 264 -1, 288 264 265 -1, 288 265 266 -1, 288 266 267 -1, 288 267 268 -1, 288 268 269 -1, 288 269 270 -1, 288 270 271 -1, 288 271 272 -1, 288 272 273 -1, 288 273 274 -1, 288 276 277 -1, 288 277 278 -1, 288 278 279 -1, 288 281 282 -1, 288 282 283 -1, 288 283 284 -1, 288 284 285 -1, 288 285 286 -1, 288 286 287 -1, 288 289 290 -1, 288 290 291 -1, 288 291 292 -1, 288 294 295 -1, 288 297 257 -1, 288 274 276 -1, 288 295 297 -1, 288 279 281 -1, 299 300 298 -1, 299 301 300 -1, 333 335 334 -1, 340 338 337 -1, 340 339 338 -1, 343 342 341 -1, 345 344 343 -1, 319 321 320 -1, 318 321 319 -1, 315 317 316 -1, 314 317 315 -1, 312 317 314 -1, 312 321 318 -1, 312 314 313 -1, 312 318 317 -1, 312 322 321 -1, 312 323 322 -1, 312 324 323 -1, 312 325 324 -1, 312 326 325 -1, 312 327 326 -1, 312 328 327 -1, 312 329 328 -1, 312 330 329 -1, 312 331 330 -1, 312 332 331 -1, 312 333 332 -1, 312 336 335 -1, 312 335 333 -1, 310 312 311 -1, 306 308 307 -1, 306 309 308 -1, 305 310 309 -1, 305 312 310 -1, 305 309 306 -1, 305 337 336 -1, 305 340 337 -1, 305 336 312 -1, 304 341 340 -1, 304 346 345 -1, 304 347 346 -1, 304 343 341 -1, 304 345 343 -1, 304 340 305 -1, 303 347 304 -1, 303 302 347 -1 ] } }
Shape { appearance Appearance { material Material { diffuseColor 0.64 0.66 0.69 specularColor .4 .4 .4 shininess .5 } } geometry IndexedFaceSet { solid FALSE coord Coordinate { point [ -0.083592 4.842520 6.172708, -0.083878 4.842520 6.165058, -0.084735 4.842520 6.157451, -0.086158 4.842520 6.149930, -0.088139 4.842520 6.142536, -0.090668 4.842520 6.135310, -0.093729 4.842520 6.128294, -0.097306 4.842520 6.121526, -0.101378 4.842520 6.115045, -0.105924 4.842520 6.108886, -0.110917 4.842520 6.103084, -0.116330 4.842520 6.097671, -0.122132 4.842520 6.092678, -0.128291 4.842520 6.088132, -0.134773 4.842520 6.084059, -0.141541 4.842520 6.080482, -0.148557 4.842520 6.077421, -0.155782 4.842520 6.074893, -0.163176 4.842520 6.072912, -0.170698 4.842520 6.071489, -0.178304 4.842520 6.070632, -0.185954 4.842520 6.070345, -0.193603 4.842520 6.070632, -0.201210 4.842520 6.071489, -0.208732 4.842520 6.072912, -0.216126 4.842520 6.074893, -0.223351 4.842520 6.077421, -0.230367 4.842520 6.080482, -0.237135 4.842520 6.084059, -0.243617 4.842520 6.088132, -0.249776 4.842520 6.092678, -0.255578 4.842520 6.097671, -0.260991 4.842520 6.103084, -0.265984 4.842520 6.108886, -0.270530 4.842520 6.115045, -0.274602 4.842520 6.121526, -0.278179 4.842520 6.128294, -0.281240 4.842520 6.135310, -0.283768 4.842520 6.142536, -0.285750 4.842520 6.149930, -0.287173 4.842520 6.157451, -0.288030 4.842520 6.165058, -0.288316 4.842520 6.172708, -0.288030 4.842520 6.180357, -0.287173 4.842520 6.187964, -0.285750 4.842520 6.195485, -0.283768 4.842520 6.202879, -0.281240 4.842520 6.210105, -0.278179 4.842520 6.217121, -0.274602 4.842520 6.223889, -0.270530 4.842520 6.230370, -0.265984 4.842520 6.236529, -0.260991 4.842520 6.242331, -0.255578 4.842520 6.247744, -0.249776 4.842520 6.252738, -0.243617 4.842520 6.257283, -0.237135 4.842520 6.261356, -0.230367 4.842520 6.264933, -0.223351 4.842520 6.267994, -0.216126 4.842520 6.270522, -0.208732 4.842520 6.272503, -0.201210 4.842520 6.273926, -0.193603 4.842520 6.274783, -0.185954 4.842520 6.275070, -0.178304 4.842520 6.274783, -0.170698 4.842520 6.273926, -0.163176 4.842520 6.272503, -0.155782 4.842520 6.270522, -0.148557 4.842520 6.267994, -0.141541 4.842520 6.264933, -0.134773 4.842520 6.261356, -0.128291 4.842520 6.257283, -0.122132 4.842520 6.252738, -0.116330 4.842520 6.247744, -0.110917 4.842520 6.242331, -0.105924 4.842520 6.236529, -0.101378 4.842520 6.230370, -0.097306 4.842520 6.223889, -0.093729 4.842520 6.217121, -0.090668 4.842520 6.210105, -0.088139 4.842520 6.202879, -0.086158 4.842520 6.195485, -0.084735 4.842520 6.187964, -0.083878 4.842520 6.180357, -0.083592 4.842520 6.172708, -0.083592 6.417323 6.172708, -0.196850 6.417323 6.070927, -0.189405 6.417323 6.070403, -0.181941 6.417323 6.070424, -0.174499 6.417323 6.070988, -0.167117 6.417323 6.072093, -0.159835 6.417323 6.073734, -0.152693 6.417323 6.075900, -0.145727 6.417323 6.078581, -0.138975 6.417323 6.081762, -0.132473 6.417323 6.085427, -0.126255 6.417323 6.089556, -0.120355 6.417323 6.094128, -0.114803 6.417323 6.099117, -0.109630 6.417323 6.104497, -0.104863 6.417323 6.110240, -0.100526 6.417323 6.116315, -0.096644 6.417323 6.122689, -0.093237 6.417323 6.129330, -0.090323 6.417323 6.136202, -0.087917 6.417323 6.143267, -0.086032 6.417323 6.150489, -0.084679 6.417323 6.157829, -0.083864 6.417323 6.165249, -0.196850 7.401575 6.070927, -0.204266 7.401575 6.071997, -0.211583 7.401575 6.073606, -0.218763 7.401575 6.075746, -0.225767 7.401575 6.078405, -0.232558 7.401575 6.081570, -0.239099 7.401575 6.085222, -0.245355 7.401575 6.089344, -0.251293 7.401575 6.093912, -0.256882 7.401575 6.098902, -0.262090 7.401575 6.104287, -0.266890 7.401575 6.110039, -0.271257 7.401575 6.116127, -0.275167 7.401575 6.122518, -0.278599 7.401575 6.129178, -0.281535 7.401575 6.136070, -0.283959 7.401575 6.143159, -0.285857 7.401575 6.150407, -0.287221 7.401575 6.157774, -0.288042 7.401575 6.165221, -0.288316 7.401575 6.172708, -0.288042 7.401575 6.180194, -0.287221 7.401575 6.187641, -0.285857 7.401575 6.195008, -0.283959 7.401575 6.202256, -0.281535 7.401575 6.209345, -0.278599 7.401575 6.216238, -0.275167 7.401575 6.222897, -0.271257 7.401575 6.229288, -0.266890 7.401575 6.235376, -0.262090 7.401575 6.241128, -0.256882 7.401575 6.246513, -0.251293 7.401575 6.251503, -0.245355 7.401575 6.256071, -0.239099 7.401575 6.260193, -0.232558 7.401575 6.263845, -0.225767 7.401575 6.267010, -0.218763 7.401575 6.269669, -0.211583 7.401575 6.271809, -0.204266 7.401575 6.273419, -0.196850 7.401575 6.274488, -0.196850 6.417323 6.274488, -0.083592 6.417323 6.172708, -0.083864 6.417323 6.180166, -0.084679 6.417323 6.187586, -0.086032 6.417323 6.194926, -0.087917 6.417323 6.202148, -0.090323 6.417323 6.209213, -0.093237 6.417323 6.216085, -0.096644 6.417323 6.222726, -0.100526 6.417323 6.229100, -0.104863 6.417323 6.235175, -0.109630 6.417323 6.240918, -0.114803 6.417323 6.246299, -0.120355 6.417323 6.251287, -0.126255 6.417323 6.255859, -0.132473 6.417323 6.259988, -0.138975 6.417323 6.263653, -0.145727 6.417323 6.266834, -0.152693 6.417323 6.269515, -0.159835 6.417323 6.271681, -0.167117 6.417323 6.273322, -0.174499 6.417323 6.274427, -0.181941 6.417323 6.274991, -0.189405 6.417323 6.275012, -0.083592 4.842520 6.172708, -0.083878 4.842520 6.165058, -0.084735 4.842520 6.157451, -0.086158 4.842520 6.149930, -0.088139 4.842520 6.142536, -0.090668 4.842520 6.135310, -0.093729 4.842520 6.128294, -0.097306 4.842520 6.121526, -0.101378 4.842520 6.115045, -0.105924 4.842520 6.108886, -0.110917 4.842520 6.103084, -0.116330 4.842520 6.097671, -0.122132 4.842520 6.092678, -0.128291 4.842520 6.088132, -0.134773 4.842520 6.084059, -0.141541 4.842520 6.080482, -0.148557 4.842520 6.077421, -0.155782 4.842520 6.074893, -0.163176 4.842520 6.072912, -0.170698 4.842520 6.071489, -0.178304 4.842520 6.070632, -0.185954 4.842520 6.070345, -0.193603 4.842520 6.070632, -0.201210 4.842520 6.071489, -0.208732 4.842520 6.072912, -0.216126 4.842520 6.074893, -0.223351 4.842520 6.077421, -0.230367 4.842520 6.080482, -0.237135 4.842520 6.084059, -0.243617 4.842520 6.088132, -0.249776 4.842520 6.092678, -0.255578 4.842520 6.097671, -0.260991 4.842520 6.103084, -0.265984 4.842520 6.108886, -0.270530 4.842520 6.115045, -0.274602 4.842520 6.121526, -0.278179 4.842520 6.128294, -0.281240 4.842520 6.135310, -0.283768 4.842520 6.142536, -0.285750 4.842520 6.149930, -0.287173 4.842520 6.157451, -0.288030 4.842520 6.165058, -0.288316 4.842520 6.172708, -0.288030 4.842520 6.180357, -0.287173 4.842520 6.187964, -0.285750 4.842520 6.195485, -0.283768 4.842520 6.202879, -0.281240 4.842520 6.210105, -0.278179 4.842520 6.217121, -0.274602 4.842520 6.223889, -0.270530 4.842520 6.230370, -0.265984 4.842520 6.236529, -0.260991 4.842520 6.242331, -0.255578 4.842520 6.247744, -0.249776 4.842520 6.252738, -0.243617 4.842520 6.257283, -0.237135 4.842520 6.261356, -0.230367 4.842520 6.264933, -0.223351 4.842520 6.267994, -0.216126 4.842520 6.270522, -0.208732 4.842520 6.272503, -0.201210 4.842520 6.273926, -0.193603 4.842520 6.274783, -0.185954 4.842520 6.275070, -0.178304 4.842520 6.274783, -0.170698 4.842520 6.273926, -0.163176 4.842520 6.272503, -0.155782 4.842520 6.270522, -0.148557 4.842520 6.267994, -0.141541 4.842520 6.264933, -0.134773 4.842520 6.261356, -0.128291 4.842520 6.257283, -0.122132 4.842520 6.252738, -0.116330 4.842520 6.247744, -0.110917 4.842520 6.242331, -0.105924 4.842520 6.236529, -0.101378 4.842520 6.230370, -0.097306 4.842520 6.223889, -0.093729 4.842520 6.217121, -0.090668 4.842520 6.210105, -0.088139 4.842520 6.202879, -0.086158 4.842520 6.195485, -0.084735 4.842520 6.187964, -0.083878 4.842520 6.180357, -0.196850 6.417323 6.070927, -0.189405 6.417323 6.070403, -0.181941 6.417323 6.070424, -0.174499 6.417323 6.070988, -0.167117 6.417323 6.072093, -0.159835 6.417323 6.073734, -0.152693 6.417323 6.075900, -0.145727 6.417323 6.078581, -0.138975 6.417323 6.081762, -0.132473 6.417323 6.085427, -0.126255 6.417323 6.089556, -0.120355 6.417323 6.094128, -0.114803 6.417323 6.099117, -0.109630 6.417323 6.104497, -0.104863 6.417323 6.110240, -0.100526 6.417323 6.116315, -0.096644 6.417323 6.122689, -0.093237 6.417323 6.129330, -0.090323 6.417323 6.136202, -0.087917 6.417323 6.143267, -0.086032 6.417323 6.150489, -0.084679 6.417323 6.157829, -0.083864 6.417323 6.165249, -0.083592 6.417323 6.172708, -0.196850 6.417323 6.274488, -0.083864 6.417323 6.180166, -0.084679 6.417323 6.187586, -0.086032 6.417323 6.194926, -0.087917 6.417323 6.202148, -0.090323 6.417323 6.209213, -0.093237 6.417323 6.216085, -0.096644 6.417323 6.222726, -0.100526 6.417323 6.229100, -0.104863 6.417323 6.235175, -0.109630 6.417323 6.240918, -0.114803 6.417323 6.246299, -0.120355 6.417323 6.251287, -0.126255 6.417323 6.255859, -0.132473 6.417323 6.259988, -0.138975 6.417323 6.263653, -0.145727 6.417323 6.266834, -0.152693 6.417323 6.269515, -0.159835 6.417323 6.271681, -0.167117 6.417323 6.273322, -0.174499 6.417323 6.274427, -0.181941 6.417323 6.274991, -0.189405 6.417323 6.275012, -0.196850 6.417323 6.070927, -0.196850 6.417323 6.274488, -0.196850 7.401575 6.070927, -0.196850 7.401575 6.274488, -0.196850 7.401575 6.274488, -0.196850 7.401575 6.070927, -0.204266 7.401575 6.071997, -0.211583 7.401575 6.073606, -0.218763 7.401575 6.075746, -0.225767 7.401575 6.078405, -0.232558 7.401575 6.081570, -0.239099 7.401575 6.085222, -0.245355 7.401575 6.089344, -0.251293 7.401575 6.093912, -0.256882 7.401575 6.098902, -0.262090 7.401575 6.104287, -0.266890 7.401575 6.110039, -0.271257 7.401575 6.116127, -0.275167 7.401575 6.122518, -0.278599 7.401575 6.129178, -0.281535 7.401575 6.136070, -0.283959 7.401575 6.143159, -0.285857 7.401575 6.150407, -0.287221 7.401575 6.157774, -0.288042 7.401575 6.165221, -0.288316 7.401575 6.172708, -0.288042 7.401575 6.180194, -0.287221 7.401575 6.187641, -0.285857 7.401575 6.195008, -0.283959 7.401575 6.202256, -0.281535 7.401575 6.209345, -0.278599 7.401575 6.216238, -0.275167 7.401575 6.222897, -0.271257 7.401575 6.229288, -0.266890 7.401575 6.235376, -0.262090 7.401575 6.241128, -0.256882 7.401575 6.246513, -0.251293 7.401575 6.251503, -0.245355 7.401575 6.256071, -0.239099 7.401575 6.260193, -0.232558 7.401575 6.263845, -0.225767 7.401575 6.267010, -0.218763 7.401575 6.269669, -0.211583 7.401575 6.271809, -0.204266 7.401575 6.273419 ] } coordIndex [ 0 108 85 -1, 1 107 108 -1, 1 108 0 -1, 2 106 107 -1, 2 107 1 -1, 3 105 106 -1, 3 106 2 -1, 4 104 105 -1, 4 105 3 -1, 5 103 104 -1, 5 104 4 -1, 6 102 103 -1, 6 103 5 -1, 7 101 102 -1, 7 102 6 -1, 8 101 7 -1, 8 100 101 -1, 9 100 8 -1, 9 99 100 -1, 10 99 9 -1, 10 98 99 -1, 11 98 10 -1, 11 97 98 -1, 12 97 11 -1, 12 96 97 -1, 13 96 12 -1, 13 95 96 -1, 14 95 13 -1, 14 94 95 -1, 15 94 14 -1, 15 93 94 -1, 16 93 15 -1, 16 92 93 -1, 17 92 16 -1, 17 91 92 -1, 18 91 17 -1, 18 90 91 -1, 19 90 18 -1, 19 89 90 -1, 20 89 19 -1, 20 88 89 -1, 21 88 20 -1, 21 87 88 -1, 110 109 86 -1, 22 87 21 -1, 22 86 87 -1, 23 110 86 -1, 23 86 22 -1, 24 111 110 -1, 24 110 23 -1, 25 112 111 -1, 25 111 24 -1, 26 113 112 -1, 26 112 25 -1, 27 114 113 -1, 27 113 26 -1, 28 115 114 -1, 28 114 27 -1, 29 116 115 -1, 29 115 28 -1, 30 117 116 -1, 30 116 29 -1, 31 117 30 -1, 31 118 117 -1, 32 118 31 -1, 32 119 118 -1, 33 119 32 -1, 33 120 119 -1, 34 120 33 -1, 34 121 120 -1, 35 122 121 -1, 35 121 34 -1, 36 123 122 -1, 36 122 35 -1, 37 123 36 -1, 37 124 123 -1, 38 125 124 -1, 38 124 37 -1, 39 126 125 -1, 39 125 38 -1, 40 127 126 -1, 40 126 39 -1, 41 128 127 -1, 41 127 40 -1, 42 129 128 -1, 42 130 129 -1, 42 128 41 -1, 43 131 130 -1, 43 130 42 -1, 44 132 131 -1, 44 131 43 -1, 45 133 132 -1, 45 132 44 -1, 46 134 133 -1, 46 133 45 -1, 47 135 134 -1, 47 134 46 -1, 48 136 135 -1, 48 135 47 -1, 49 137 136 -1, 49 136 48 -1, 50 138 137 -1, 50 137 49 -1, 51 139 138 -1, 51 138 50 -1, 52 140 139 -1, 52 139 51 -1, 53 141 140 -1, 53 140 52 -1, 54 142 141 -1, 54 141 53 -1, 55 143 142 -1, 55 142 54 -1, 56 143 55 -1, 56 144 143 -1, 57 144 56 -1, 57 145 144 -1, 58 145 57 -1, 58 146 145 -1, 59 146 58 -1, 59 147 146 -1, 60 147 59 -1, 60 148 147 -1, 150 149 148 -1, 61 148 60 -1, 61 150 148 -1, 62 150 61 -1, 62 173 150 -1, 63 173 62 -1, 63 172 173 -1, 64 172 63 -1, 64 171 172 -1, 65 171 64 -1, 65 170 171 -1, 66 170 65 -1, 66 169 170 -1, 67 169 66 -1, 67 168 169 -1, 68 168 67 -1, 68 167 168 -1, 69 167 68 -1, 69 166 167 -1, 70 166 69 -1, 70 165 166 -1, 71 164 165 -1, 71 165 70 -1, 72 163 164 -1, 72 164 71 -1, 73 162 163 -1, 73 163 72 -1, 74 161 162 -1, 74 162 73 -1, 75 160 161 -1, 75 161 74 -1, 76 159 160 -1, 76 160 75 -1, 77 158 159 -1, 77 159 76 -1, 78 157 158 -1, 78 158 77 -1, 79 156 157 -1, 79 157 78 -1, 80 156 79 -1, 80 155 156 -1, 81 155 80 -1, 81 154 155 -1, 82 154 81 -1, 82 153 154 -1, 83 153 82 -1, 83 152 153 -1, 84 152 83 -1, 84 151 152 -1, 244 243 242 -1, 247 246 245 -1, 248 247 245 -1, 203 205 204 -1, 203 206 205 -1, 254 252 251 -1, 254 253 252 -1, 255 254 251 -1, 176 175 174 -1, 179 178 177 -1, 189 191 190 -1, 189 192 191 -1, 183 182 181 -1, 184 181 180 -1, 184 183 181 -1, 185 255 251 -1, 185 177 176 -1, 185 180 179 -1, 185 206 203 -1, 185 187 186 -1, 185 188 187 -1, 185 189 188 -1, 185 176 174 -1, 185 193 192 -1, 185 194 193 -1, 185 195 194 -1, 185 196 195 -1, 185 197 196 -1, 185 198 197 -1, 185 199 198 -1, 185 200 199 -1, 185 201 200 -1, 185 202 201 -1, 185 203 202 -1, 185 179 177 -1, 185 207 206 -1, 185 208 207 -1, 185 209 208 -1, 185 210 209 -1, 185 211 210 -1, 185 192 189 -1, 185 212 211 -1, 185 213 212 -1, 185 214 213 -1, 185 215 214 -1, 185 216 215 -1, 185 217 216 -1, 185 218 217 -1, 185 219 218 -1, 185 220 219 -1, 185 221 220 -1, 185 222 221 -1, 185 223 222 -1, 185 184 180 -1, 185 224 223 -1, 185 225 224 -1, 185 226 225 -1, 185 227 226 -1, 185 228 227 -1, 185 229 228 -1, 185 230 229 -1, 185 231 230 -1, 185 232 231 -1, 185 244 242 -1, 185 233 232 -1, 185 234 233 -1, 185 235 234 -1, 185 236 235 -1, 185 237 236 -1, 185 238 237 -1, 185 239 238 -1, 185 240 239 -1, 185 241 240 -1, 185 242 241 -1, 185 245 244 -1, 185 249 248 -1, 185 248 245 -1, 185 250 249 -1, 185 251 250 -1, 185 256 255 -1, 185 257 256 -1, 185 174 257 -1, 264 262 261 -1, 264 263 262 -1, 266 265 264 -1, 268 267 266 -1, 269 268 266 -1, 269 266 264 -1, 272 270 269 -1, 272 271 270 -1, 282 259 258 -1, 282 260 259 -1, 303 282 304 -1, 285 261 260 -1, 285 273 272 -1, 285 274 273 -1, 285 275 274 -1, 285 276 275 -1, 285 277 276 -1, 285 278 277 -1, 285 279 278 -1, 285 280 279 -1, 285 281 280 -1, 285 283 281 -1, 285 284 283 -1, 285 264 261 -1, 285 269 264 -1, 285 272 269 -1, 299 301 300 -1, 299 302 301 -1, 296 302 299 -1, 296 298 297 -1, 296 299 298 -1, 296 303 302 -1, 293 285 260 -1, 293 286 285 -1, 293 287 286 -1, 293 288 287 -1, 293 289 288 -1, 293 290 289 -1, 293 303 296 -1, 293 291 290 -1, 293 292 291 -1, 293 295 294 -1, 293 296 295 -1, 293 260 282 -1, 293 282 303 -1, 306 305 307 -1, 306 307 308 -1, 309 340 341 -1, 309 341 342 -1, 309 342 343 -1, 309 343 344 -1, 309 344 345 -1, 309 345 346 -1, 309 346 347 -1, 309 347 348 -1, 309 348 349 -1, 317 318 319 -1, 313 314 315 -1, 310 311 312 -1, 310 312 313 -1, 310 315 316 -1, 310 316 317 -1, 310 317 319 -1, 310 319 320 -1, 310 320 321 -1, 310 313 315 -1, 310 321 322 -1, 310 322 323 -1, 310 323 324 -1, 310 324 325 -1, 310 325 326 -1, 310 326 327 -1, 310 327 328 -1, 310 328 329 -1, 310 329 330 -1, 310 330 331 -1, 310 331 332 -1, 310 332 333 -1, 310 333 334 -1, 310 334 335 -1, 310 335 336 -1, 310 336 337 -1, 310 337 338 -1, 310 338 339 -1, 310 339 340 -1, 310 340 309 -1 ] } }
Shape { appearance Appearance { material Material { diffuseColor 0.64 0.66 0.69 specularColor .4 .4 .4 shininess .5 } } geometry IndexedFaceSet { solid FALSE coord Coordinate { point [ -0.433071 4.842520 6.045508, -0.433071 7.401575 6.045508, -0.433357 7.401575 6.037858, -0.434214 7.401575 6.030251, -0.435637 7.401575 6.022730, -0.437619 7.401575 6.015336, -0.440147 7.401575 6.008110, -0.443208 7.401575 6.001094, -0.446785 7.401575 5.994326, -0.450857 7.401575 5.987845, -0.455403 7.401575 5.981686, -0.460396 7.401575 5.975884, -0.465809 7.401575 5.970471, -0.471611 7.401575 5.965478, -0.477770 7.401575 5.960932, -0.484252 7.401575 5.956859, -0.491020 7.401575 5.953282, -0.498036 7.401575 5.950221, -0.505261 7.401575 5.947693, -0.512655 7.401575 5.945712, -0.520177 7.401575 5.944289, -0.527784 7.401575 5.943432, -0.535433 7.401575 5.943145, -0.543083 7.401575 5.943432, -0.550689 7.401575 5.944289, -0.558211 7.401575 5.945712, -0.565605 7.401575 5.947693, -0.572830 7.401575 5.950221, -0.579846 7.401575 5.953282, -0.586614 7.401575 5.956859, -0.593096 7.401575 5.960932, -0.599255 7.401575 5.965478, -0.605057 7.401575 5.970471, -0.610470 7.401575 5.975884, -0.615463 7.401575 5.981686, -0.620009 7.401575 5.987845, -0.624081 7.401575 5.994326, -0.627658 7.401575 6.001094, -0.630719 7.401575 6.008110, -0.633248 7.401575 6.015336, -0.635229 7.401575 6.022730, -0.636652 7.401575 6.030251, -0.637509 7.401575 6.037858, -0.637795 7.401575 6.045508, -0.637509 7.401575 6.053157, -0.636652 7.401575 6.060764, -0.635229 7.401575 6.068285, -0.633248 7.401575 6.075679, -0.630719 7.401575 6.082905, -0.627658 7.401575 6.089921, -0.624081 7.401575 6.096689, -0.620009 7.401575 6.103170, -0.615463 7.401575 6.109329, -0.610470 7.401575 6.115132, -0.605057 7.401575 6.120544, -0.599255 7.401575 6.125538, -0.593096 7.401575 6.130083, -0.586614 7.401575 6.134156, -0.579846 7.401575 6.137733, -0.572830 7.401575 6.140794, -0.565605 7.401575 6.143322, -0.558211 7.401575 6.145303, -0.550689 7.401575 6.146726, -0.543083 7.401575 6.147583, -0.535433 7.401575 6.147870, -0.527784 7.401575 6.147583, -0.520177 7.401575 6.146726, -0.512655 7.401575 6.145303, -0.505261 7.401575 6.143322, -0.498036 7.401575 6.140794, -0.491020 7.401575 6.137733, -0.484252 7.401575 6.134156, -0.477770 7.401575 6.130083, -0.471611 7.401575 6.125538, -0.465809 7.401575 6.120544, -0.460396 7.401575 6.115132, -0.455403 7.401575 6.109329, -0.450857 7.401575 6.103170, -0.446785 7.401575 6.096689, -0.443208 7.401575 6.089921, -0.440147 7.401575 6.082905, -0.437619 7.401575 6.075679, -0.435637 7.401575 6.068285, -0.434214 7.401575 6.060764, -0.433357 7.401575 6.053157, -0.433071 7.401575 6.045508, -0.433071 4.842520 6.045508, -0.433357 4.842520 6.037858, -0.434214 4.842520 6.030251, -0.435637 4.842520 6.022730, -0.437619 4.842520 6.015336, -0.440147 4.842520 6.008110, -0.443208 4.842520 6.001094, -0.446785 4.842520 5.994326, -0.450857 4.842520 5.987845, -0.455403 4.842520 5.981686, -0.460396 4.842520 5.975884, -0.465809 4.842520 5.970471, -0.471611 4.842520 5.965478, -0.477770 4.842520 5.960932, -0.484252 4.842520 5.956859, -0.491020 4.842520 5.953282, -0.498036 4.842520 5.950221, -0.505261 4.842520 5.947693, -0.512655 4.842520 5.945712, -0.520177 4.842520 5.944289, -0.527784 4.842520 5.943432, -0.535433 4.842520 5.943145, -0.543083 4.842520 5.943432, -0.550689 4.842520 5.944289, -0.558211 4.842520 5.945712, -0.565605 4.842520 5.947693, -0.572830 4.842520 5.950221, -0.579846 4.842520 5.953282, -0.586614 4.842520 5.956859, -0.593096 4.842520 5.960932, -0.599255 4.842520 5.965478, -0.605057 4.842520 5.970471, -0.610470 4.842520 5.975884, -0.615463 4.842520 5.981686, -0.620009 4.842520 5.987845, -0.624081 4.842520 5.994326, -0.627658 4.842520 6.001094, -0.630719 4.842520 6.008110, -0.633248 4.842520 6.015336, -0.635229 4.842520 6.022730, -0.636652 4.842520 6.030251, -0.637509 4.842520 6.037858, -0.637795 4.842520 6.045508, -0.637509 4.842520 6.053157, -0.636652 4.842520 6.060764, -0.635229 4.842520 6.068285, -0.633248 4.842520 6.075679, -0.630719 4.842520 6.082905, -0.627658 4.842520 6.089921, -0.624081 4.842520 6.096689, -0.620009 4.842520 6.103170, -0.615463 4.842520 6.109329, -0.610470 4.842520 6.115132, -0.605057 4.842520 6.120544, -0.599255 4.842520 6.125538, -0.593096 4.842520 6.130083, -0.586614 4.842520 6.134156, -0.579846 4.842520 6.137733, -0.572830 4.842520 6.140794, -0.565605 4.842520 6.143322, -0.558211 4.842520 6.145303, -0.550689 4.842520 6.146726, -0.543083 4.842520 6.147583, -0.535433 4.842520 6.147870, -0.527784 4.842520 6.147583, -0.520177 4.842520 6.146726, -0.512655 4.842520 6.145303, -0.505261 4.842520 6.143322, -0.498036 4.842520 6.140794, -0.491020 4.842520 6.137733, -0.484252 4.842520 6.134156, -0.477770 4.842520 6.130083, -0.471611 4.842520 6.125538, -0.465809 4.842520 6.120544, -0.460396 4.842520 6.115132, -0.455403 4.842520 6.109329, -0.450857 4.842520 6.103170, -0.446785 4.842520 6.096689, -0.443208 4.842520 6.089921, -0.440147 4.842520 6.082905, -0.437619 4.842520 6.075679, -0.435637 4.842520 6.068285, -0.434214 4.842520 6.060764, -0.433357 4.842520 6.053157, -0.433071 4.842520 6.045508, -0.433357 4.842520 6.037858, -0.434214 4.842520 6.030251, -0.435637 4.842520 6.022730, -0.437619 4.842520 6.015336, -0.440147 4.842520 6.008110, -0.443208 4.842520 6.001094, -0.446785 4.842520 5.994326, -0.450857 4.842520 5.987845, -0.455403 4.842520 5.981686, -0.460396 4.842520 5.975884, -0.465809 4.842520 5.970471, -0.471611 4.842520 5.965478, -0.477770 4.842520 5.960932, -0.484252 4.842520 5.956859, -0.491020 4.842520 5.953282, -0.498036 4.842520 5.950221, -0.505261 4.842520 5.947693, -0.512655 4.842520 5.945712, -0.520177 4.842520 5.944289, -0.527784 4.842520 5.943432, -0.535433 4.842520 5.943145, -0.543083 4.842520 5.943432, -0.550689 4.842520 5.944289, -0.558211 4.842520 5.945712, -0.565605 4.842520 5.947693, -0.572830 4.842520 5.950221, -0.579846 4.842520 5.953282, -0.586614 4.842520 5.956859, -0.593096 4.842520 5.960932, -0.599255 4.842520 5.965478, -0.605057 4.842520 5.970471, -0.610470 4.842520 5.975884, -0.615463 4.842520 5.981686, -0.620009 4.842520 5.987845, -0.624081 4.842520 5.994326, -0.627658 4.842520 6.001094, -0.630719 4.842520 6.008110, -0.633248 4.842520 6.015336, -0.635229 4.842520 6.022730, -0.636652 4.842520 6.030251, -0.637509 4.842520 6.037858, -0.637795 4.842520 6.045508, -0.637509 4.842520 6.053157, -0.636652 4.842520 6.060764, -0.635229 4.842520 6.068285, -0.633248 4.842520 6.075679, -0.630719 4.842520 6.082905, -0.627658 4.842520 6.089921, -0.624081 4.842520 6.096689, -0.620009 4.842520 6.103170, -0.615463 4.842520 6.109329, -0.610470 4.842520 6.115132, -0.605057 4.842520 6.120544, -0.599255 4.842520 6.125538, -0.593096 4.842520 6.130083, -0.586614 4.842520 6.134156, -0.579846 4.842520 6.137733, -0.572830 4.842520 6.140794, -0.565605 4.842520 6.143322, -0.558211 4.842520 6.145303, -0.550689 4.842520 6.146726, -0.543083 4.842520 6.147583, -0.535433 4.842520 6.147870, -0.527784 4.842520 6.147583, -0.520177 4.842520 6.146726, -0.512655 4.842520 6.145303, -0.505261 4.842520 6.143322, -0.498036 4.842520 6.140794, -0.491020 4.842520 6.137733, -0.484252 4.842520 6.134156, -0.477770 4.842520 6.130083, -0.471611 4.842520 6.125538, -0.465809 4.842520 6.120544, -0.460396 4.842520 6.115132, -0.455403 4.842520 6.109329, -0.450857 4.842520 6.103170, -0.446785 4.842520 6.096689, -0.443208 4.842520 6.089921, -0.440147 4.842520 6.082905, -0.437619 4.842520 6.075679, -0.435637 4.842520 6.068285, -0.434214 4.842520 6.060764, -0.433357 4.842520 6.053157, -0.433071 7.401575 6.045508, -0.433357 7.401575 6.037858, -0.434214 7.401575 6.030251, -0.435637 7.401575 6.022730, -0.437619 7.401575 6.015336, -0.440147 7.401575 6.008110, -0.443208 7.401575 6.001094, -0.446785 7.401575 5.994326, -0.450857 7.401575 5.987845, -0.455403 7.401575 5.981686, -0.460396 7.401575 5.975884, -0.465809 7.401575 5.970471, -0.471611 7.401575 5.965478, -0.477770 7.401575 5.960932, -0.484252 7.401575 5.956859, -0.491020 7.401575 5.953282, -0.498036 7.401575 5.950221, -0.505261 7.401575 5.947693, -0.512655 7.401575 5.945712, -0.520177 7.401575 5.944289, -0.527784 7.401575 5.943432, -0.535433 7.401575 5.943145, -0.543083 7.401575 5.943432, -0.550689 7.401575 5.944289, -0.558211 7.401575 5.945712, -0.565605 7.401575 5.947693, -0.572830 7.401575 5.950221, -0.579846 7.401575 5.953282, -0.586614 7.401575 5.956859, -0.593096 7.401575 5.960932, -0.599255 7.401575 5.965478, -0.605057 7.401575 5.970471, -0.610470 7.401575 5.975884, -0.615463 7.401575 5.981686, -0.620009 7.401575 5.987845, -0.624081 7.401575 5.994326, -0.627658 7.401575 6.001094, -0.630719 7.401575 6.008110, -0.633248 7.401575 6.015336, -0.635229 7.401575 6.022730, -0.636652 7.401575 6.030251, -0.637509 7.401575 6.037858, -0.637795 7.401575 6.045508, -0.637509 7.401575 6.053157, -0.636652 7.401575 6.060764, -0.635229 7.401575 6.068285, -0.633248 7.401575 6.075679, -0.630719 7.401575 6.082905, -0.627658 7.401575 6.089921, -0.624081 7.401575 6.096689, -0.620009 7.401575 6.103170, -0.615463 7.401575 6.109329, -0.610470 7.401575 6.115132, -0.605057 7.401575 6.120544, -0.599255 7.401575 6.125538, -0.593096 7.401575 6.130083, -0.586614 7.401575 6.134156, -0.579846 7.401575 6.137733, -0.572830 7.401575 6.140794, -0.565605 7.401575 6.143322, -0.558211 7.401575 6.145303, -0.550689 7.401575 6.146726, -0.543083 7.401575 6.147583, -0.535433 7.401575 6.147870, -0.527784 7.401575 6.147583, -0.520177 7.401575 6.146726, -0.512655 7.401575 6.145303, -0.505261 7.401575 6.143322, -0.498036 7.401575 6.140794, -0.491020 7.401575 6.137733, -0.484252 7.401575 6.134156, -0.477770 7.401575 6.130083, -0.471611 7.401575 6.125538, -0.465809 7.401575 6.120544, -0.460396 7.401575 6.115132, -0.455403 7.401575 6.109329, -0.450857 7.401575 6.103170, -0.446785 7.401575 6.096689, -0.443208 7.401575 6.089921, -0.440147 7.401575 6.082905, -0.437619 7.401575 6.075679, -0.435637 7.401575 6.068285, -0.434214 7.401575 6.060764, -0.433357 7.401575 6.053157 ] } coordIndex [ 87 1 0 -1, 87 2 1 -1, 88 3 2 -1, 88 2 87 -1, 89 4 3 -1, 89 3 88 -1, 90 5 4 -1, 90 4 89 -1, 91 6 5 -1, 91 7 6 -1, 91 5 90 -1, 92 7 91 -1, 93 8 7 -1, 93 7 92 -1, 94 8 93 -1, 94 9 8 -1, 95 10 9 -1, 95 9 94 -1, 96 11 10 -1, 96 10 95 -1, 97 12 11 -1, 97 11 96 -1, 98 13 12 -1, 98 14 13 -1, 98 12 97 -1, 99 14 98 -1, 100 15 14 -1, 100 14 99 -1, 101 16 15 -1, 101 17 16 -1, 101 15 100 -1, 102 17 101 -1, 103 18 17 -1, 103 17 102 -1, 104 19 18 -1, 104 18 103 -1, 105 20 19 -1, 105 19 104 -1, 106 21 20 -1, 106 20 105 -1, 107 22 21 -1, 107 21 106 -1, 108 23 22 -1, 108 22 107 -1, 109 24 23 -1, 109 23 108 -1, 110 25 24 -1, 110 26 25 -1, 110 24 109 -1, 111 26 110 -1, 112 27 26 -1, 112 26 111 -1, 113 28 27 -1, 113 27 112 -1, 114 29 28 -1, 114 28 113 -1, 115 30 29 -1, 115 29 114 -1, 116 31 30 -1, 116 30 115 -1, 117 32 31 -1, 117 31 116 -1, 118 32 117 -1, 118 33 32 -1, 119 33 118 -1, 119 34 33 -1, 120 34 119 -1, 120 35 34 -1, 121 35 120 -1, 121 36 35 -1, 122 36 121 -1, 122 37 36 -1, 123 37 122 -1, 123 38 37 -1, 124 38 123 -1, 124 39 38 -1, 125 39 124 -1, 125 40 39 -1, 126 40 125 -1, 126 41 40 -1, 127 41 126 -1, 127 42 41 -1, 128 42 127 -1, 128 43 42 -1, 129 44 43 -1, 129 43 128 -1, 130 44 129 -1, 130 45 44 -1, 131 46 45 -1, 131 45 130 -1, 132 47 46 -1, 132 46 131 -1, 133 48 47 -1, 133 49 48 -1, 133 47 132 -1, 134 49 133 -1, 135 50 49 -1, 135 49 134 -1, 136 51 50 -1, 136 50 135 -1, 137 52 51 -1, 137 51 136 -1, 138 53 52 -1, 138 52 137 -1, 139 54 53 -1, 139 55 54 -1, 139 53 138 -1, 140 55 139 -1, 141 56 55 -1, 141 57 56 -1, 141 55 140 -1, 142 57 141 -1, 143 57 142 -1, 143 58 57 -1, 144 58 143 -1, 144 59 58 -1, 144 60 59 -1, 145 60 144 -1, 146 60 145 -1, 146 61 60 -1, 146 62 61 -1, 147 62 146 -1, 147 63 62 -1, 148 63 147 -1, 149 63 148 -1, 149 64 63 -1, 149 65 64 -1, 150 65 149 -1, 151 65 150 -1, 151 66 65 -1, 151 67 66 -1, 152 67 151 -1, 153 67 152 -1, 153 68 67 -1, 154 68 153 -1, 154 69 68 -1, 154 70 69 -1, 155 70 154 -1, 155 71 70 -1, 156 71 155 -1, 157 71 156 -1, 157 72 71 -1, 157 73 72 -1, 158 73 157 -1, 159 73 158 -1, 159 74 73 -1, 159 75 74 -1, 160 75 159 -1, 161 75 160 -1, 161 76 75 -1, 161 77 76 -1, 162 77 161 -1, 163 77 162 -1, 163 78 77 -1, 164 79 78 -1, 164 80 79 -1, 164 78 163 -1, 165 80 164 -1, 166 81 80 -1, 166 80 165 -1, 167 82 81 -1, 167 83 82 -1, 167 81 166 -1, 168 83 167 -1, 169 84 83 -1, 169 83 168 -1, 86 84 169 -1, 86 85 84 -1, 238 237 236 -1, 243 242 241 -1, 244 243 241 -1, 199 201 200 -1, 199 202 201 -1, 246 245 244 -1, 174 173 172 -1, 186 188 187 -1, 186 189 188 -1, 175 172 171 -1, 175 174 172 -1, 183 185 184 -1, 180 178 177 -1, 180 179 178 -1, 181 171 170 -1, 181 176 175 -1, 181 185 183 -1, 181 189 186 -1, 181 177 176 -1, 181 183 182 -1, 181 186 185 -1, 181 175 171 -1, 181 190 189 -1, 181 191 190 -1, 181 192 191 -1, 181 193 192 -1, 181 194 193 -1, 181 195 194 -1, 181 196 195 -1, 181 197 196 -1, 181 198 197 -1, 181 199 198 -1, 181 203 202 -1, 181 204 203 -1, 181 205 204 -1, 181 206 205 -1, 181 207 206 -1, 181 208 207 -1, 181 209 208 -1, 181 210 209 -1, 181 211 210 -1, 181 212 211 -1, 181 213 212 -1, 181 214 213 -1, 181 215 214 -1, 181 216 215 -1, 181 202 199 -1, 181 217 216 -1, 181 218 217 -1, 181 219 218 -1, 181 180 177 -1, 181 220 219 -1, 181 238 236 -1, 181 221 220 -1, 181 222 221 -1, 181 223 222 -1, 181 224 223 -1, 181 225 224 -1, 181 226 225 -1, 181 227 226 -1, 181 228 227 -1, 181 229 228 -1, 181 230 229 -1, 181 231 230 -1, 181 232 231 -1, 181 233 232 -1, 181 234 233 -1, 181 235 234 -1, 181 236 235 -1, 181 239 238 -1, 181 240 239 -1, 181 241 240 -1, 181 244 241 -1, 181 247 246 -1, 181 248 247 -1, 181 249 248 -1, 181 250 249 -1, 181 251 250 -1, 181 252 251 -1, 181 246 244 -1, 181 253 252 -1, 181 170 253 -1, 322 320 321 -1, 327 325 326 -1, 328 325 327 -1, 283 284 285 -1, 283 285 286 -1, 330 328 329 -1, 258 256 257 -1, 270 271 272 -1, 270 272 273 -1, 259 255 256 -1, 259 256 258 -1, 267 268 269 -1, 264 261 262 -1, 264 262 263 -1, 265 254 255 -1, 265 259 260 -1, 265 267 269 -1, 265 270 273 -1, 265 260 261 -1, 265 266 267 -1, 265 269 270 -1, 265 255 259 -1, 265 273 274 -1, 265 274 275 -1, 265 275 276 -1, 265 276 277 -1, 265 277 278 -1, 265 278 279 -1, 265 279 280 -1, 265 280 281 -1, 265 281 282 -1, 265 282 283 -1, 265 286 287 -1, 265 287 288 -1, 265 288 289 -1, 265 289 290 -1, 265 290 291 -1, 265 291 292 -1, 265 292 293 -1, 265 293 294 -1, 265 294 295 -1, 265 295 296 -1, 265 296 297 -1, 265 297 298 -1, 265 298 299 -1, 265 299 300 -1, 265 283 286 -1, 265 300 301 -1, 265 301 302 -1, 265 302 303 -1, 265 261 264 -1, 265 303 304 -1, 265 320 322 -1, 265 304 305 -1, 265 305 306 -1, 265 306 307 -1, 265 307 308 -1, 265 308 309 -1, 265 309 310 -1, 265 310 311 -1, 265 311 312 -1, 265 312 313 -1, 265 313 314 -1, 265 314 315 -1, 265 315 316 -1, 265 316 317 -1, 265 317 318 -1, 265 318 319 -1, 265 319 320 -1, 265 322 323 -1, 265 323 324 -1, 265 324 325 -1, 265 325 328 -1, 265 330 331 -1, 265 331 332 -1, 265 332 333 -1, 265 333 334 -1, 265 334 335 -1, 265 335 336 -1, 265 328 330 -1, 265 336 337 -1, 265 337 254 -1 ] } }
Shape { appearance Appearance { material Material { diffuseColor 0.64 0.66 0.69 specularColor .4 .4 .4 shininess .5 } } geometry IndexedFaceSet { solid FALSE coord Coordinate { point [ -0.717969 4.842520 5.806450, -0.717969 7.401575 5.806450, -0.718255 7.401575 5.798800, -0.719112 7.401575 5.791193, -0.720535 7.401575 5.783672, -0.722517 7.401575 5.776278, -0.725045 7.401575 5.769053, -0.728106 7.401575 5.762036, -0.731683 7.401575 5.755269, -0.735755 7.401575 5.748787, -0.740301 7.401575 5.742628, -0.745294 7.401575 5.736826, -0.750707 7.401575 5.731413, -0.756509 7.401575 5.726420, -0.762668 7.401575 5.721874, -0.769150 7.401575 5.717801, -0.775918 7.401575 5.714225, -0.782934 7.401575 5.711163, -0.790159 7.401575 5.708635, -0.797553 7.401575 5.706654, -0.805075 7.401575 5.705231, -0.812682 7.401575 5.704374, -0.820331 7.401575 5.704088, -0.827981 7.401575 5.704374, -0.835587 7.401575 5.705231, -0.843109 7.401575 5.706654, -0.850503 7.401575 5.708635, -0.857728 7.401575 5.711163, -0.864744 7.401575 5.714225, -0.871512 7.401575 5.717801, -0.877994 7.401575 5.721874, -0.884153 7.401575 5.726420, -0.889955 7.401575 5.731413, -0.895368 7.401575 5.736826, -0.900361 7.401575 5.742628, -0.904907 7.401575 5.748787, -0.908979 7.401575 5.755269, -0.912556 7.401575 5.762036, -0.915617 7.401575 5.769053, -0.918146 7.401575 5.776278, -0.920127 7.401575 5.783672, -0.921550 7.401575 5.791193, -0.922407 7.401575 5.798800, -0.922693 7.401575 5.806450, -0.922407 7.401575 5.814099, -0.921550 7.401575 5.821706, -0.920127 7.401575 5.829227, -0.918146 7.401575 5.836622, -0.915617 7.401575 5.843847, -0.912556 7.401575 5.850863, -0.908979 7.401575 5.857631, -0.904907 7.401575 5.864112, -0.900361 7.401575 5.870272, -0.895368 7.401575 5.876074, -0.889955 7.401575 5.881487, -0.884153 7.401575 5.886480, -0.877994 7.401575 5.891025, -0.871512 7.401575 5.895098, -0.864744 7.401575 5.898675, -0.857728 7.401575 5.901736, -0.850503 7.401575 5.904264, -0.843109 7.401575 5.906245, -0.835587 7.401575 5.907669, -0.827981 7.401575 5.908526, -0.820331 7.401575 5.908812, -0.812682 7.401575 5.908526, -0.805075 7.401575 5.907669, -0.797553 7.401575 5.906245, -0.790159 7.401575 5.904264, -0.782934 7.401575 5.901736, -0.775918 7.401575 5.898675, -0.769150 7.401575 5.895098, -0.762668 7.401575 5.891025, -0.756509 7.401575 5.886480, -0.750707 7.401575 5.881487, -0.745294 7.401575 5.876074, -0.740301 7.401575 5.870272, -0.735755 7.401575 5.864112, -0.731683 7.401575 5.857631, -0.728106 7.401575 5.850863, -0.725045 7.401575 5.843847, -0.722517 7.401575 5.836622, -0.720535 7.401575 5.829227, -0.719112 7.401575 5.821706, -0.718255 7.401575 5.814099, -0.717969 7.401575 5.806450, -0.717969 4.842520 5.806450, -0.718255 4.842520 5.798800, -0.719112 4.842520 5.791193, -0.720535 4.842520 5.783672, -0.722517 4.842520 5.776278, -0.725045 4.842520 5.769053, -0.728106 4.842520 5.762036, -0.731683 4.842520 5.755269, -0.735755 4.842520 5.748787, -0.740301 4.842520 5.742628, -0.745294 4.842520 5.736826, -0.750707 4.842520 5.731413, -0.756509 4.842520 5.726420, -0.762668 4.842520 5.721874, -0.769150 4.842520 5.717801, -0.775918 4.842520 5.714225, -0.782934 4.842520 5.711163, -0.790159 4.842520 5.708635, -0.797553 4.842520 5.706654, -0.805075 4.842520 5.705231, -0.812682 4.842520 5.704374, -0.820331 4.842520 5.704088, -0.827981 4.842520 5.704374, -0.835587 4.842520 5.705231, -0.843109 4.842520 5.706654, -0.850503 4.842520 5.708635, -0.857728 4.842520 5.711163, -0.864744 4.842520 5.714225, -0.871512 4.842520 5.717801, -0.877994 4.842520 5.721874, -0.884153 4.842520 5.726420, -0.889955 4.842520 5.731413, -0.895368 4.842520 5.736826, -0.900361 4.842520 5.742628, -0.904907 4.842520 5.748787, -0.908979 4.842520 5.755269, -0.912556 4.842520 5.762036, -0.915617 4.842520 5.769053, -0.918146 4.842520 5.776278, -0.920127 4.842520 5.783672, -0.921550 4.842520 5.791193, -0.922407 4.842520 5.798800, -0.922693 4.842520 5.806450, -0.922407 4.842520 5.814099, -0.921550 4.842520 5.821706, -0.920127 4.842520 5.829227, -0.918146 4.842520 5.836622, -0.915617 4.842520 5.843847, -0.912556 4.842520 5.850863, -0.908979 4.842520 5.857631, -0.904907 4.842520 5.864112, -0.900361 4.842520 5.870272, -0.895368 4.842520 5.876074, -0.889955 4.842520 5.881487, -0.884153 4.842520 5.886480, -0.877994 4.842520 5.891025, -0.871512 4.842520 5.895098, -0.864744 4.842520 5.898675, -0.857728 4.842520 5.901736, -0.850503 4.842520 5.904264, -0.843109 4.842520 5.906245, -0.835587 4.842520 5.907669, -0.827981 4.842520 5.908526, -0.820331 4.842520 5.908812, -0.812682 4.842520 5.908526, -0.805075 4.842520 5.907669, -0.797553 4.842520 5.906245, -0.790159 4.842520 5.904264, -0.782934 4.842520 5.901736, -0.775918 4.842520 5.898675, -0.769150 4.842520 5.895098, -0.762668 4.842520 5.891025, -0.756509 4.842520 5.886480, -0.750707 4.842520 5.881487, -0.745294 4.842520 5.876074, -0.740301 4.842520 5.870272, -0.735755 4.842520 5.864112, -0.731683 4.842520 5.857631, -0.728106 4.842520 5.850863, -0.725045 4.842520 5.843847, -0.722517 4.842520 5.836622, -0.720535 4.842520 5.829227, -0.719112 4.842520 5.821706, -0.718255 4.842520 5.814099, -0.717969 4.842520 5.806450, -0.718255 4.842520 5.798800, -0.719112 4.842520 5.791193, -0.720535 4.842520 5.783672, -0.722517 4.842520 5.776278, -0.725045 4.842520 5.769053, -0.728106 4.842520 5.762036, -0.731683 4.842520 5.755269, -0.735755 4.842520 5.748787, -0.740301 4.842520 5.742628, -0.745294 4.842520 5.736826, -0.750707 4.842520 5.731413, -0.756509 4.842520 5.726420, -0.762668 4.842520 5.721874, -0.769150 4.842520 5.717801, -0.775918 4.842520 5.714225, -0.782934 4.842520 5.711163, -0.790159 4.842520 5.708635, -0.797553 4.842520 5.706654, -0.805075 4.842520 5.705231, -0.812682 4.842520 5.704374, -0.820331 4.842520 5.704088, -0.827981 4.842520 5.704374, -0.835587 4.842520 5.705231, -0.843109 4.842520 5.706654, -0.850503 4.842520 5.708635, -0.857728 4.842520 5.711163, -0.864744 4.842520 5.714225, -0.871512 4.842520 5.717801, -0.877994 4.842520 5.721874, -0.884153 4.842520 5.726420, -0.889955 4.842520 5.731413, -0.895368 4.842520 5.736826, -0.900361 4.842520 5.742628, -0.904907 4.842520 5.748787, -0.908979 4.842520 5.755269, -0.912556 4.842520 5.762036, -0.915617 4.842520 5.769053, -0.918146 4.842520 5.776278, -0.920127 4.842520 5.783672, -0.921550 4.842520 5.791193, -0.922407 4.842520 5.798800, -0.922693 4.842520 5.806450, -0.922407 4.842520 5.814099, -0.921550 4.842520 5.821706, -0.920127 4.842520 5.829227, -0.918146 4.842520 5.836622, -0.915617 4.842520 5.843847, -0.912556 4.842520 5.850863, -0.908979 4.842520 5.857631, -0.904907 4.842520 5.864112, -0.900361 4.842520 5.870272, -0.895368 4.842520 5.876074, -0.889955 4.842520 5.881487, -0.884153 4.842520 5.886480, -0.877994 4.842520 5.891025, -0.871512 4.842520 5.895098, -0.864744 4.842520 5.898675, -0.857728 4.842520 5.901736, -0.850503 4.842520 5.904264, -0.843109 4.842520 5.906245, -0.835587 4.842520 5.907669, -0.827981 4.842520 5.908526, -0.820331 4.842520 5.908812, -0.812682 4.842520 5.908526, -0.805075 4.842520 5.907669, -0.797553 4.842520 5.906245, -0.790159 4.842520 5.904264, -0.782934 4.842520 5.901736, -0.775918 4.842520 5.898675, -0.769150 4.842520 5.895098, -0.762668 4.842520 5.891025, -0.756509 4.842520 5.886480, -0.750707 4.842520 5.881487, -0.745294 4.842520 5.876074, -0.740301 4.842520 5.870272, -0.735755 4.842520 5.864112, -0.731683 4.842520 5.857631, -0.728106 4.842520 5.850863, -0.725045 4.842520 5.843847, -0.722517 4.842520 5.836622, -0.720535 4.842520 5.829227, -0.719112 4.842520 5.821706, -0.718255 4.842520 5.814099, -0.717969 7.401575 5.806450, -0.718255 7.401575 5.798800, -0.719112 7.401575 5.791193, -0.720535 7.401575 5.783672, -0.722517 7.401575 5.776278, -0.725045 7.401575 5.769053, -0.728106 7.401575 5.762036, -0.731683 7.401575 5.755269, -0.735755 7.401575 5.748787, -0.740301 7.401575 5.742628, -0.745294 7.401575 5.736826, -0.750707 7.401575 5.731413, -0.756509 7.401575 5.726420, -0.762668 7.401575 5.721874, -0.769150 7.401575 5.717801, -0.775918 7.401575 5.714225, -0.782934 7.401575 5.711163, -0.790159 7.401575 5.708635, -0.797553 7.401575 5.706654, -0.805075 7.401575 5.705231, -0.812682 7.401575 5.704374, -0.820331 7.401575 5.704088, -0.827981 7.401575 5.704374, -0.835587 7.401575 5.705231, -0.843109 7.401575 5.706654, -0.850503 7.401575 5.708635, -0.857728 7.401575 5.711163, -0.864744 7.401575 5.714225, -0.871512 7.401575 5.717801, -0.877994 7.401575 5.721874, -0.884153 7.401575 5.726420, -0.889955 7.401575 5.731413, -0.895368 7.401575 5.736826, -0.900361 7.401575 5.742628, -0.904907 7.401575 5.748787, -0.908979 7.401575 5.755269, -0.912556 7.401575 5.762036, -0.915617 7.401575 5.769053, -0.918146 7.401575 5.776278, -0.920127 7.401575 5.783672, -0.921550 7.401575 5.791193, -0.922407 7.401575 5.798800, -0.922693 7.401575 5.806450, -0.922407 7.401575 5.814099, -0.921550 7.401575 5.821706, -0.920127 7.401575 5.829227, -0.918146 7.401575 5.836622, -0.915617 7.401575 5.843847, -0.912556 7.401575 5.850863, -0.908979 7.401575 5.857631, -0.904907 7.401575 5.864112, -0.900361 7.401575 5.870272, -0.895368 7.401575 5.876074, -0.889955 7.401575 5.881487, -0.884153 7.401575 5.886480, -0.877994 7.401575 5.891025, -0.871512 7.401575 5.895098, -0.864744 7.401575 5.898675, -0.857728 7.401575 5.901736, -0.850503 7.401575 5.904264, -0.843109 7.401575 5.906245, -0.835587 7.401575 5.907669, -0.827981 7.401575 5.908526, -0.820331 7.401575 5.908812, -0.812682 7.401575 5.908526, -0.805075 7.401575 5.907669, -0.797553 7.401575 5.906245, -0.790159 7.401575 5.904264, -0.782934 7.401575 5.901736, -0.775918 7.401575 5.898675, -0.769150 7.401575 5.895098, -0.762668 7.401575 5.891025, -0.756509 7.401575 5.886480, -0.750707 7.401575 5.881487, -0.745294 7.401575 5.876074, -0.740301 7.401575 5.870272, -0.735755 7.401575 5.864112, -0.731683 7.401575 5.857631, -0.728106 7.401575 5.850863, -0.725045 7.401575 5.843847, -0.722517 7.401575 5.836622, -0.720535 7.401575 5.829227, -0.719112 7.401575 5.821706, -0.718255 7.401575 5.814099 ] } coordIndex [ 87 1 0 -1, 87 2 1 -1, 88 3 2 -1, 88 2 87 -1, 89 4 3 -1, 89 3 88 -1, 90 5 4 -1, 90 4 89 -1, 91 6 5 -1, 91 7 6 -1, 91 5 90 -1, 92 7 91 -1, 93 8 7 -1, 93 7 92 -1, 94 8 93 -1, 94 9 8 -1, 95 10 9 -1, 95 9 94 -1, 96 11 10 -1, 96 10 95 -1, 97 12 11 -1, 97 11 96 -1, 98 13 12 -1, 98 14 13 -1, 98 12 97 -1, 99 14 98 -1, 100 15 14 -1, 100 14 99 -1, 101 16 15 -1, 101 17 16 -1, 101 15 100 -1, 102 17 101 -1, 103 18 17 -1, 103 17 102 -1, 104 19 18 -1, 104 18 103 -1, 105 20 19 -1, 105 19 104 -1, 106 21 20 -1, 106 20 105 -1, 107 22 21 -1, 107 21 106 -1, 108 23 22 -1, 108 22 107 -1, 109 24 23 -1, 109 23 108 -1, 110 25 24 -1, 110 26 25 -1, 110 24 109 -1, 111 26 110 -1, 112 27 26 -1, 112 26 111 -1, 113 28 27 -1, 113 27 112 -1, 114 29 28 -1, 114 28 113 -1, 115 30 29 -1, 115 29 114 -1, 116 31 30 -1, 116 30 115 -1, 117 32 31 -1, 117 31 116 -1, 118 32 117 -1, 118 33 32 -1, 119 33 118 -1, 119 34 33 -1, 120 34 119 -1, 120 35 34 -1, 121 35 120 -1, 121 36 35 -1, 122 36 121 -1, 122 37 36 -1, 123 37 122 -1, 123 38 37 -1, 124 38 123 -1, 124 39 38 -1, 125 39 124 -1, 125 40 39 -1, 126 40 125 -1, 126 41 40 -1, 127 41 126 -1, 127 42 41 -1, 128 42 127 -1, 128 43 42 -1, 129 44 43 -1, 129 43 128 -1, 130 44 129 -1, 130 45 44 -1, 131 46 45 -1, 131 45 130 -1, 132 47 46 -1, 132 46 131 -1, 133 48 47 -1, 133 49 48 -1, 133 47 132 -1, 134 49 133 -1, 135 50 49 -1, 135 49 134 -1, 136 51 50 -1, 136 50 135 -1, 137 52 51 -1, 137 51 136 -1, 138 53 52 -1, 138 52 137 -1, 139 54 53 -1, 139 55 54 -1, 139 53 138 -1, 140 55 139 -1, 141 56 55 -1, 141 57 56 -1, 141 55 140 -1, 142 57 141 -1, 143 57 142 -1, 143 58 57 -1, 144 58 143 -1, 144 59 58 -1, 144 60 59 -1, 145 60 144 -1, 146 60 145 -1, 146 61 60 -1, 146 62 61 -1, 147 62 146 -1, 147 63 62 -1, 148 63 147 -1, 149 63 148 -1, 149 64 63 -1, 149 65 64 -1, 150 65 149 -1, 151 65 150 -1, 151 66 65 -1, 151 67 66 -1, 152 67 151 -1, 153 67 152 -1, 153 68 67 -1, 154 68 153 -1, 154 69 68 -1, 154 70 69 -1, 155 70 154 -1, 155 71 70 -1, 156 71 155 -1, 157 71 156 -1, 157 72 71 -1, 157 73 72 -1, 158 73 157 -1, 159 73 158 -1, 159 74 73 -1, 159 75 74 -1, 160 75 159 -1, 161 75 160 -1, 161 76 75 -1, 161 77 76 -1, 162 77 161 -1, 163 77 162 -1, 163 78 77 -1, 164 79 78 -1, 164 80 79 -1, 164 78 163 -1, 165 80 164 -1, 166 81 80 -1, 166 80 165 -1, 167 82 81 -1, 167 83 82 -1, 167 81 166 -1, 168 83 167 -1, 169 84 83 -1, 169 83 168 -1, 86 84 169 -1, 86 85 84 -1, 243 242 241 -1, 244 243 241 -1, 199 201 200 -1, 199 202 201 -1, 246 245 244 -1, 249 248 247 -1, 250 249 247 -1, 251 250 247 -1, 253 252 251 -1, 191 193 192 -1, 187 189 188 -1, 176 174 173 -1, 176 175 174 -1, 183 185 184 -1, 179 178 177 -1, 180 171 170 -1, 180 172 171 -1, 180 173 172 -1, 180 176 173 -1, 180 177 176 -1, 180 189 187 -1, 180 182 181 -1, 180 183 182 -1, 180 186 185 -1, 180 187 186 -1, 180 202 199 -1, 180 190 189 -1, 180 191 190 -1, 180 194 193 -1, 180 195 194 -1, 180 196 195 -1, 180 197 196 -1, 180 198 197 -1, 180 199 198 -1, 180 203 202 -1, 180 204 203 -1, 180 205 204 -1, 180 253 251 -1, 180 193 191 -1, 180 206 205 -1, 180 207 206 -1, 180 208 207 -1, 180 209 208 -1, 180 251 247 -1, 180 210 209 -1, 180 211 210 -1, 180 212 211 -1, 180 213 212 -1, 180 214 213 -1, 180 215 214 -1, 180 216 215 -1, 180 217 216 -1, 180 218 217 -1, 180 219 218 -1, 180 220 219 -1, 180 221 220 -1, 180 222 221 -1, 180 223 222 -1, 180 224 223 -1, 180 225 224 -1, 180 226 225 -1, 180 227 226 -1, 180 228 227 -1, 180 229 228 -1, 180 230 229 -1, 180 231 230 -1, 180 232 231 -1, 180 233 232 -1, 180 234 233 -1, 180 235 234 -1, 180 236 235 -1, 180 237 236 -1, 180 238 237 -1, 180 239 238 -1, 180 240 239 -1, 180 241 240 -1, 180 244 241 -1, 180 247 246 -1, 180 246 244 -1, 180 170 253 -1, 180 185 183 -1, 180 179 177 -1, 327 325 326 -1, 328 325 327 -1, 283 284 285 -1, 283 285 286 -1, 330 328 329 -1, 333 331 332 -1, 334 331 333 -1, 335 331 334 -1, 337 335 336 -1, 275 276 277 -1, 271 272 273 -1, 260 257 258 -1, 260 258 259 -1, 267 268 269 -1, 263 261 262 -1, 264 254 255 -1, 264 255 256 -1, 264 256 257 -1, 264 257 260 -1, 264 260 261 -1, 264 271 273 -1, 264 265 266 -1, 264 266 267 -1, 264 269 270 -1, 264 270 271 -1, 264 283 286 -1, 264 273 274 -1, 264 274 275 -1, 264 277 278 -1, 264 278 279 -1, 264 279 280 -1, 264 280 281 -1, 264 281 282 -1, 264 282 283 -1, 264 286 287 -1, 264 287 288 -1, 264 288 289 -1, 264 335 337 -1, 264 275 277 -1, 264 289 290 -1, 264 290 291 -1, 264 291 292 -1, 264 292 293 -1, 264 331 335 -1, 264 293 294 -1, 264 294 295 -1, 264 295 296 -1, 264 296 297 -1, 264 297 298 -1, 264 298 299 -1, 264 299 300 -1, 264 300 301 -1, 264 301 302 -1, 264 302 303 -1, 264 303 304 -1, 264 304 305 -1, 264 305 306 -1, 264 306 307 -1, 264 307 308 -1, 264 308 309 -1, 264 309 310 -1, 264 310 311 -1, 264 311 312 -1, 264 312 313 -1, 264 313 314 -1, 264 314 315 -1, 264 315 316 -1, 264 316 317 -1, 264 317 318 -1, 264 318 319 -1, 264 319 320 -1, 264 320 321 -1, 264 321 322 -1, 264 322 323 -1, 264 323 324 -1, 264 324 325 -1, 264 325 328 -1, 264 330 331 -1, 264 328 330 -1, 264 337 254 -1, 264 267 269 -1, 264 261 263 -1 ] } }
Shape { appearance Appearance { material Material { diffuseColor 0.64 0.66 0.69 specularColor .4 .4 .4 shininess .5 } } geometry IndexedFaceSet { solid FALSE coord Coordinate { point [ -0.903923 4.842520 5.484368, -0.903923 7.401575 5.484368, -0.904209 7.401575 5.476718, -0.905066 7.401575 5.469112, -0.906489 7.401575 5.461590, -0.908470 7.401575 5.454196, -0.910999 7.401575 5.446971, -0.914060 7.401575 5.439955, -0.917637 7.401575 5.433187, -0.921709 7.401575 5.426705, -0.926255 7.401575 5.420546, -0.931248 7.401575 5.414744, -0.936661 7.401575 5.409331, -0.942463 7.401575 5.404338, -0.948622 7.401575 5.399792, -0.955104 7.401575 5.395720, -0.961872 7.401575 5.392143, -0.968888 7.401575 5.389082, -0.976113 7.401575 5.386553, -0.983507 7.401575 5.384572, -0.991029 7.401575 5.383149, -0.998635 7.401575 5.382292, -1.006285 7.401575 5.382006, -1.013935 7.401575 5.382292, -1.021541 7.401575 5.383149, -1.029063 7.401575 5.384572, -1.036457 7.401575 5.386553, -1.043682 7.401575 5.389082, -1.050698 7.401575 5.392143, -1.057466 7.401575 5.395720, -1.063948 7.401575 5.399792, -1.070107 7.401575 5.404338, -1.075909 7.401575 5.409331, -1.081322 7.401575 5.414744, -1.086315 7.401575 5.420546, -1.090861 7.401575 5.426705, -1.094933 7.401575 5.433187, -1.098510 7.401575 5.439955, -1.101571 7.401575 5.446971, -1.104100 7.401575 5.454196, -1.106081 7.401575 5.461590, -1.107504 7.401575 5.469112, -1.108361 7.401575 5.476718, -1.108647 7.401575 5.484368, -1.108361 7.401575 5.492018, -1.107504 7.401575 5.499624, -1.106081 7.401575 5.507146, -1.104100 7.401575 5.514540, -1.101571 7.401575 5.521765, -1.098510 7.401575 5.528781, -1.094933 7.401575 5.535549, -1.090861 7.401575 5.542031, -1.086315 7.401575 5.548190, -1.081322 7.401575 5.553992, -1.075909 7.401575 5.559405, -1.070107 7.401575 5.564398, -1.063948 7.401575 5.568944, -1.057466 7.401575 5.573016, -1.050698 7.401575 5.576593, -1.043682 7.401575 5.579654, -1.036457 7.401575 5.582183, -1.029063 7.401575 5.584164, -1.021541 7.401575 5.585587, -1.013935 7.401575 5.586444, -1.006285 7.401575 5.586730, -0.998635 7.401575 5.586444, -0.991029 7.401575 5.585587, -0.983507 7.401575 5.584164, -0.976113 7.401575 5.582183, -0.968888 7.401575 5.579654, -0.961872 7.401575 5.576593, -0.955104 7.401575 5.573016, -0.948622 7.401575 5.568944, -0.942463 7.401575 5.564398, -0.936661 7.401575 5.559405, -0.931248 7.401575 5.553992, -0.926255 7.401575 5.548190, -0.921709 7.401575 5.542031, -0.917637 7.401575 5.535549, -0.914060 7.401575 5.528781, -0.910999 7.401575 5.521765, -0.908470 7.401575 5.514540, -0.906489 7.401575 5.507146, -0.905066 7.401575 5.499624, -0.904209 7.401575 5.492018, -0.903923 7.401575 5.484368, -0.903923 4.842520 5.484368, -0.904209 4.842520 5.476718, -0.905066 4.842520 5.469112, -0.906489 4.842520 5.461590, -0.908470 4.842520 5.454196, -0.910999 4.842520 5.446971, -0.914060 4.842520 5.439955, -0.917637 4.842520 5.433187, -0.921709 4.842520 5.426705, -0.926255 4.842520 5.420546, -0.931248 4.842520 5.414744, -0.936661 4.842520 5.409331, -0.942463 4.842520 5.404338, -0.948622 4.842520 5.399792, -0.955104 4.842520 5.395720, -0.961872 4.842520 5.392143, -0.968888 4.842520 5.389082, -0.976113 4.842520 5.386553, -0.983507 4.842520 5.384572, -0.991029 4.842520 5.383149, -0.998635 4.842520 5.382292, -1.006285 4.842520 5.382006, -1.013935 4.842520 5.382292, -1.021541 4.842520 5.383149, -1.029063 4.842520 5.384572, -1.036457 4.842520 5.386553, -1.043682 4.842520 5.389082, -1.050698 4.842520 5.392143, -1.057466 4.842520 5.395720, -1.063948 4.842520 5.399792, -1.070107 4.842520 5.404338, -1.075909 4.842520 5.409331, -1.081322 4.842520 5.414744, -1.086315 4.842520 5.420546, -1.090861 4.842520 5.426705, -1.094933 4.842520 5.433187, -1.098510 4.842520 5.439955, -1.101571 4.842520 5.446971, -1.104100 4.842520 5.454196, -1.106081 4.842520 5.461590, -1.107504 4.842520 5.469112, -1.108361 4.842520 5.476718, -1.108647 4.842520 5.484368, -1.108361 4.842520 5.492018, -1.107504 4.842520 5.499624, -1.106081 4.842520 5.507146, -1.104100 4.842520 5.514540, -1.101571 4.842520 5.521765, -1.098510 4.842520 5.528781, -1.094933 4.842520 5.535549, -1.090861 4.842520 5.542031, -1.086315 4.842520 5.548190, -1.081322 4.842520 5.553992, -1.075909 4.842520 5.559405, -1.070107 4.842520 5.564398, -1.063948 4.842520 5.568944, -1.057466 4.842520 5.573016, -1.050698 4.842520 5.576593, -1.043682 4.842520 5.579654, -1.036457 4.842520 5.582183, -1.029063 4.842520 5.584164, -1.021541 4.842520 5.585587, -1.013935 4.842520 5.586444, -1.006285 4.842520 5.586730, -0.998635 4.842520 5.586444, -0.991029 4.842520 5.585587, -0.983507 4.842520 5.584164, -0.976113 4.842520 5.582183, -0.968888 4.842520 5.579654, -0.961872 4.842520 5.576593, -0.955104 4.842520 5.573016, -0.948622 4.842520 5.568944, -0.942463 4.842520 5.564398, -0.936661 4.842520 5.559405, -0.931248 4.842520 5.553992, -0.926255 4.842520 5.548190, -0.921709 4.842520 5.542031, -0.917637 4.842520 5.535549, -0.914060 4.842520 5.528781, -0.910999 4.842520 5.521765, -0.908470 4.842520 5.514540, -0.906489 4.842520 5.507146, -0.905066 4.842520 5.499624, -0.904209 4.842520 5.492018, -0.903923 4.842520 5.484368, -0.904209 4.842520 5.476718, -0.905066 4.842520 5.469112, -0.906489 4.842520 5.461590, -0.908470 4.842520 5.454196, -0.910999 4.842520 5.446971, -0.914060 4.842520 5.439955, -0.917637 4.842520 5.433187, -0.921709 4.842520 5.426705, -0.926255 4.842520 5.420546, -0.931248 4.842520 5.414744, -0.936661 4.842520 5.409331, -0.942463 4.842520 5.404338, -0.948622 4.842520 5.399792, -0.955104 4.842520 5.395720, -0.961872 4.842520 5.392143, -0.968888 4.842520 5.389082, -0.976113 4.842520 5.386553, -0.983507 4.842520 5.384572, -0.991029 4.842520 5.383149, -0.998635 4.842520 5.382292, -1.006285 4.842520 5.382006, -1.013935 4.842520 5.382292, -1.021541 4.842520 5.383149, -1.029063 4.842520 5.384572, -1.036457 4.842520 5.386553, -1.043682 4.842520 5.389082, -1.050698 4.842520 5.392143, -1.057466 4.842520 5.395720, -1.063948 4.842520 5.399792, -1.070107 4.842520 5.404338, -1.075909 4.842520 5.409331, -1.081322 4.842520 5.414744, -1.086315 4.842520 5.420546, -1.090861 4.842520 5.426705, -1.094933 4.842520 5.433187, -1.098510 4.842520 5.439955, -1.101571 4.842520 5.446971, -1.104100 4.842520 5.454196, -1.106081 4.842520 5.461590, -1.107504 4.842520 5.469112, -1.108361 4.842520 5.476718, -1.108647 4.842520 5.484368, -1.108361 4.842520 5.492018, -1.107504 4.842520 5.499624, -1.106081 4.842520 5.507146, -1.104100 4.842520 5.514540, -1.101571 4.842520 5.521765, -1.098510 4.842520 5.528781, -1.094933 4.842520 5.535549, -1.090861 4.842520 5.542031, -1.086315 4.842520 5.548190, -1.081322 4.842520 5.553992, -1.075909 4.842520 5.559405, -1.070107 4.842520 5.564398, -1.063948 4.842520 5.568944, -1.057466 4.842520 5.573016, -1.050698 4.842520 5.576593, -1.043682 4.842520 5.579654, -1.036457 4.842520 5.582183, -1.029063 4.842520 5.584164, -1.021541 4.842520 5.585587, -1.013935 4.842520 5.586444, -1.006285 4.842520 5.586730, -0.998635 4.842520 5.586444, -0.991029 4.842520 5.585587, -0.983507 4.842520 5.584164, -0.976113 4.842520 5.582183, -0.968888 4.842520 5.579654, -0.961872 4.842520 5.576593, -0.955104 4.842520 5.573016, -0.948622 4.842520 5.568944, -0.942463 4.842520 5.564398, -0.936661 4.842520 5.559405, -0.931248 4.842520 5.553992, -0.926255 4.842520 5.548190, -0.921709 4.842520 5.542031, -0.917637 4.842520 5.535549, -0.914060 4.842520 5.528781, -0.910999 4.842520 5.521765, -0.908470 4.842520 5.514540, -0.906489 4.842520 5.507146, -0.905066 4.842520 5.499624, -0.904209 4.842520 5.492018, -0.903923 7.401575 5.484368, -0.904209 7.401575 5.476718, -0.905066 7.401575 5.469112, -0.906489 7.401575 5.461590, -0.908470 7.401575 5.454196, -0.910999 7.401575 5.446971, -0.914060 7.401575 5.439955, -0.917637 7.401575 5.433187, -0.921709 7.401575 5.426705, -0.926255 7.401575 5.420546, -0.931248 7.401575 5.414744, -0.936661 7.401575 5.409331, -0.942463 7.401575 5.404338, -0.948622 7.401575 5.399792, -0.955104 7.401575 5.395720, -0.961872 7.401575 5.392143, -0.968888 7.401575 5.389082, -0.976113 7.401575 5.386553, -0.983507 7.401575 5.384572, -0.991029 7.401575 5.383149, -0.998635 7.401575 5.382292, -1.006285 7.401575 5.382006, -1.013935 7.401575 5.382292, -1.021541 7.401575 5.383149, -1.029063 7.401575 5.384572, -1.036457 7.401575 5.386553, -1.043682 7.401575 5.389082, -1.050698 7.401575 5.392143, -1.057466 7.401575 5.395720, -1.063948 7.401575 5.399792, -1.070107 7.401575 5.404338, -1.075909 7.401575 5.409331, -1.081322 7.401575 5.414744, -1.086315 7.401575 5.420546, -1.090861 7.401575 5.426705, -1.094933 7.401575 5.433187, -1.098510 7.401575 5.439955, -1.101571 7.401575 5.446971, -1.104100 7.401575 5.454196, -1.106081 7.401575 5.461590, -1.107504 7.401575 5.469112, -1.108361 7.401575 5.476718, -1.108647 7.401575 5.484368, -1.108361 7.401575 5.492018, -1.107504 7.401575 5.499624, -1.106081 7.401575 5.507146, -1.104100 7.401575 5.514540, -1.101571 7.401575 5.521765, -1.098510 7.401575 5.528781, -1.094933 7.401575 5.535549, -1.090861 7.401575 5.542031, -1.086315 7.401575 5.548190, -1.081322 7.401575 5.553992, -1.075909 7.401575 5.559405, -1.070107 7.401575 5.564398, -1.063948 7.401575 5.568944, -1.057466 7.401575 5.573016, -1.050698 7.401575 5.576593, -1.043682 7.401575 5.579654, -1.036457 7.401575 5.582183, -1.029063 7.401575 5.584164, -1.021541 7.401575 5.585587, -1.013935 7.401575 5.586444, -1.006285 7.401575 5.586730, -0.998635 7.401575 5.586444, -0.991029 7.401575 5.585587, -0.983507 7.401575 5.584164, -0.976113 7.401575 5.582183, -0.968888 7.401575 5.579654, -0.961872 7.401575 5.576593, -0.955104 7.401575 5.573016, -0.948622 7.401575 5.568944, -0.942463 7.401575 5.564398, -0.936661 7.401575 5.559405, -0.931248 7.401575 5.553992, -0.926255 7.401575 5.548190, -0.921709 7.401575 5.542031, -0.917637 7.401575 5.535549, -0.914060 7.401575 5.528781, -0.910999 7.401575 5.521765, -0.908470 7.401575 5.514540, -0.906489 7.401575 5.507146, -0.905066 7.401575 5.499624, -0.904209 7.401575 5.492018 ] } coordIndex [ 87 1 0 -1, 87 2 1 -1, 88 3 2 -1, 88 2 87 -1, 89 4 3 -1, 89 3 88 -1, 90 5 4 -1, 90 4 89 -1, 91 6 5 -1, 91 7 6 -1, 91 5 90 -1, 92 7 91 -1, 93 8 7 -1, 93 7 92 -1, 94 8 93 -1, 94 9 8 -1, 95 10 9 -1, 95 9 94 -1, 96 11 10 -1, 96 10 95 -1, 97 12 11 -1, 97 11 96 -1, 98 13 12 -1, 98 14 13 -1, 98 12 97 -1, 99 14 98 -1, 100 15 14 -1, 100 14 99 -1, 101 16 15 -1, 101 17 16 -1, 101 15 100 -1, 102 17 101 -1, 103 18 17 -1, 103 17 102 -1, 104 19 18 -1, 104 18 103 -1, 105 20 19 -1, 105 19 104 -1, 106 21 20 -1, 106 20 105 -1, 107 22 21 -1, 107 21 106 -1, 108 23 22 -1, 108 22 107 -1, 109 24 23 -1, 109 23 108 -1, 110 25 24 -1, 110 26 25 -1, 110 24 109 -1, 111 26 110 -1, 112 27 26 -1, 112 26 111 -1, 113 28 27 -1, 113 27 112 -1, 114 29 28 -1, 114 28 113 -1, 115 30 29 -1, 115 29 114 -1, 116 31 30 -1, 116 30 115 -1, 117 32 31 -1, 117 31 116 -1, 118 32 117 -1, 118 33 32 -1, 119 33 118 -1, 119 34 33 -1, 120 34 119 -1, 120 35 34 -1, 121 35 120 -1, 121 36 35 -1, 122 36 121 -1, 122 37 36 -1, 123 37 122 -1, 123 38 37 -1, 124 38 123 -1, 124 39 38 -1, 125 39 124 -1, 125 40 39 -1, 126 40 125 -1, 126 41 40 -1, 127 41 126 -1, 127 42 41 -1, 128 42 127 -1, 128 43 42 -1, 129 44 43 -1, 129 43 128 -1, 130 44 129 -1, 130 45 44 -1, 131 46 45 -1, 131 45 130 -1, 132 47 46 -1, 132 46 131 -1, 133 48 47 -1, 133 49 48 -1, 133 47 132 -1, 134 49 133 -1, 135 50 49 -1, 135 49 134 -1, 136 51 50 -1, 136 50 135 -1, 137 52 51 -1, 137 51 136 -1, 138 53 52 -1, 138 52 137 -1, 139 54 53 -1, 139 55 54 -1, 139 53 138 -1, 140 55 139 -1, 141 56 55 -1, 141 57 56 -1, 141 55 140 -1, 142 57 141 -1, 143 57 142 -1, 143 58 57 -1, 144 58 143 -1, 144 59 58 -1, 144 60 59 -1, 145 60 144 -1, 146 60 145 -1, 146 61 60 -1, 146 62 61 -1, 147 62 146 -1, 147 63 62 -1, 148 63 147 -1, 149 63 148 -1, 149 64 63 -1, 149 65 64 -1, 150 65 149 -1, 151 65 150 -1, 151 66 65 -1, 151 67 66 -1, 152 67 151 -1, 153 67 152 -1, 153 68 67 -1, 154 68 153 -1, 154 69 68 -1, 154 70 69 -1, 155 70 154 -1, 155 71 70 -1, 156 71 155 -1, 157 71 156 -1, 157 72 71 -1, 157 73 72 -1, 158 73 157 -1, 159 73 158 -1, 159 74 73 -1, 159 75 74 -1, 160 75 159 -1, 161 75 160 -1, 161 76 75 -1, 161 77 76 -1, 162 77 161 -1, 163 77 162 -1, 163 78 77 -1, 164 79 78 -1, 164 80 79 -1, 164 78 163 -1, 165 80 164 -1, 166 81 80 -1, 166 80 165 -1, 167 82 81 -1, 167 83 82 -1, 167 81 166 -1, 168 83 167 -1, 169 84 83 -1, 169 83 168 -1, 86 84 169 -1, 86 85 84 -1, 241 240 239 -1, 243 241 239 -1, 243 242 241 -1, 245 244 243 -1, 195 197 196 -1, 251 249 248 -1, 251 250 249 -1, 173 171 170 -1, 173 172 171 -1, 184 186 185 -1, 179 176 175 -1, 179 177 176 -1, 179 178 177 -1, 181 174 173 -1, 181 175 174 -1, 181 180 179 -1, 181 179 175 -1, 181 183 182 -1, 181 184 183 -1, 181 187 186 -1, 181 188 187 -1, 181 189 188 -1, 181 190 189 -1, 181 245 243 -1, 181 191 190 -1, 181 173 170 -1, 181 192 191 -1, 181 193 192 -1, 181 194 193 -1, 181 195 194 -1, 181 198 197 -1, 181 199 198 -1, 181 200 199 -1, 181 201 200 -1, 181 202 201 -1, 181 203 202 -1, 181 204 203 -1, 181 205 204 -1, 181 206 205 -1, 181 207 206 -1, 181 208 207 -1, 181 209 208 -1, 181 210 209 -1, 181 211 210 -1, 181 212 211 -1, 181 213 212 -1, 181 214 213 -1, 181 186 184 -1, 181 215 214 -1, 181 216 215 -1, 181 217 216 -1, 181 218 217 -1, 181 219 218 -1, 181 220 219 -1, 181 243 239 -1, 181 221 220 -1, 181 222 221 -1, 181 223 222 -1, 181 224 223 -1, 181 225 224 -1, 181 226 225 -1, 181 227 226 -1, 181 228 227 -1, 181 229 228 -1, 181 230 229 -1, 181 231 230 -1, 181 232 231 -1, 181 233 232 -1, 181 251 248 -1, 181 234 233 -1, 181 235 234 -1, 181 236 235 -1, 181 237 236 -1, 181 238 237 -1, 181 239 238 -1, 181 246 245 -1, 181 247 246 -1, 181 248 247 -1, 181 252 251 -1, 181 253 252 -1, 181 170 253 -1, 181 197 195 -1, 325 323 324 -1, 327 323 325 -1, 327 325 326 -1, 329 327 328 -1, 279 280 281 -1, 335 332 333 -1, 335 333 334 -1, 257 254 255 -1, 257 255 256 -1, 268 269 270 -1, 263 259 260 -1, 263 260 261 -1, 263 261 262 -1, 265 257 258 -1, 265 258 259 -1, 265 263 264 -1, 265 259 263 -1, 265 266 267 -1, 265 267 268 -1, 265 270 271 -1, 265 271 272 -1, 265 272 273 -1, 265 273 274 -1, 265 327 329 -1, 265 274 275 -1, 265 254 257 -1, 265 275 276 -1, 265 276 277 -1, 265 277 278 -1, 265 278 279 -1, 265 281 282 -1, 265 282 283 -1, 265 283 284 -1, 265 284 285 -1, 265 285 286 -1, 265 286 287 -1, 265 287 288 -1, 265 288 289 -1, 265 289 290 -1, 265 290 291 -1, 265 291 292 -1, 265 292 293 -1, 265 293 294 -1, 265 294 295 -1, 265 295 296 -1, 265 296 297 -1, 265 297 298 -1, 265 268 270 -1, 265 298 299 -1, 265 299 300 -1, 265 300 301 -1, 265 301 302 -1, 265 302 303 -1, 265 303 304 -1, 265 323 327 -1, 265 304 305 -1, 265 305 306 -1, 265 306 307 -1, 265 307 308 -1, 265 308 309 -1, 265 309 310 -1, 265 310 311 -1, 265 311 312 -1, 265 312 313 -1, 265 313 314 -1, 265 314 315 -1, 265 315 316 -1, 265 316 317 -1, 265 332 335 -1, 265 317 318 -1, 265 318 319 -1, 265 319 320 -1, 265 320 321 -1, 265 321 322 -1, 265 322 323 -1, 265 329 330 -1, 265 330 331 -1, 265 331 332 -1, 265 335 336 -1, 265 336 337 -1, 265 337 254 -1, 265 279 281 -1 ] } }
Shape { appearance Appearance { material Material { diffuseColor 0.64 0.66 0.69 specularColor .4 .4 .4 shininess .5 } } geometry IndexedFaceSet { solid FALSE coord Coordinate { point [ -0.968504 4.842520 5.118110, -0.968504 7.401575 5.118110, -0.968790 7.401575 5.110461, -0.969647 7.401575 5.102854, -0.971070 7.401575 5.095333, -0.973052 7.401575 5.087938, -0.975580 7.401575 5.080713, -0.978641 7.401575 5.073697, -0.982218 7.401575 5.066929, -0.986291 7.401575 5.060448, -0.990836 7.401575 5.054288, -0.995829 7.401575 5.048486, -1.001242 7.401575 5.043073, -1.007044 7.401575 5.038080, -1.013203 7.401575 5.033535, -1.019685 7.401575 5.029462, -1.026453 7.401575 5.025885, -1.033469 7.401575 5.022824, -1.040694 7.401575 5.020296, -1.048088 7.401575 5.018314, -1.055610 7.401575 5.016891, -1.063217 7.401575 5.016034, -1.070866 7.401575 5.015748, -1.078516 7.401575 5.016034, -1.086122 7.401575 5.016891, -1.093644 7.401575 5.018314, -1.101038 7.401575 5.020296, -1.108263 7.401575 5.022824, -1.115279 7.401575 5.025885, -1.122047 7.401575 5.029462, -1.128529 7.401575 5.033535, -1.134688 7.401575 5.038080, -1.140490 7.401575 5.043073, -1.145903 7.401575 5.048486, -1.150896 7.401575 5.054288, -1.155442 7.401575 5.060448, -1.159514 7.401575 5.066929, -1.163091 7.401575 5.073697, -1.166152 7.401575 5.080713, -1.168681 7.401575 5.087938, -1.170662 7.401575 5.095333, -1.172085 7.401575 5.102854, -1.172942 7.401575 5.110461, -1.173228 7.401575 5.118110, -1.172942 7.401575 5.125760, -1.172085 7.401575 5.133367, -1.170662 7.401575 5.140888, -1.168681 7.401575 5.148282, -1.166152 7.401575 5.155507, -1.163091 7.401575 5.162524, -1.159514 7.401575 5.169291, -1.155442 7.401575 5.175773, -1.150896 7.401575 5.181932, -1.145903 7.401575 5.187734, -1.140490 7.401575 5.193147, -1.134688 7.401575 5.198140, -1.128529 7.401575 5.202686, -1.122047 7.401575 5.206759, -1.115279 7.401575 5.210335, -1.108263 7.401575 5.213397, -1.101038 7.401575 5.215925, -1.093644 7.401575 5.217906, -1.086122 7.401575 5.219329, -1.078516 7.401575 5.220186, -1.070866 7.401575 5.220472, -1.063217 7.401575 5.220186, -1.055610 7.401575 5.219329, -1.048088 7.401575 5.217906, -1.040694 7.401575 5.215925, -1.033469 7.401575 5.213397, -1.026453 7.401575 5.210335, -1.019685 7.401575 5.206759, -1.013203 7.401575 5.202686, -1.007044 7.401575 5.198140, -1.001242 7.401575 5.193147, -0.995829 7.401575 5.187734, -0.990836 7.401575 5.181932, -0.986291 7.401575 5.175773, -0.982218 7.401575 5.169291, -0.978641 7.401575 5.162524, -0.975580 7.401575 5.155507, -0.973052 7.401575 5.148282, -0.971070 7.401575 5.140888, -0.969647 7.401575 5.133367, -0.968790 7.401575 5.125760, -0.968504 7.401575 5.118110, -0.968504 4.842520 5.118110, -0.968790 4.842520 5.110461, -0.969647 4.842520 5.102854, -0.971070 4.842520 5.095333, -0.973052 4.842520 5.087938, -0.975580 4.842520 5.080713, -0.978641 4.842520 5.073697, -0.982218 4.842520 5.066929, -0.986291 4.842520 5.060448, -0.990836 4.842520 5.054288, -0.995829 4.842520 5.048486, -1.001242 4.842520 5.043073, -1.007044 4.842520 5.038080, -1.013203 4.842520 5.033535, -1.019685 4.842520 5.029462, -1.026453 4.842520 5.025885, -1.033469 4.842520 5.022824, -1.040694 4.842520 5.020296, -1.048088 4.842520 5.018314, -1.055610 4.842520 5.016891, -1.063217 4.842520 5.016034, -1.070866 4.842520 5.015748, -1.078516 4.842520 5.016034, -1.086122 4.842520 5.016891, -1.093644 4.842520 5.018314, -1.101038 4.842520 5.020296, -1.108263 4.842520 5.022824, -1.115279 4.842520 5.025885, -1.122047 4.842520 5.029462, -1.128529 4.842520 5.033535, -1.134688 4.842520 5.038080, -1.140490 4.842520 5.043073, -1.145903 4.842520 5.048486, -1.150896 4.842520 5.054288, -1.155442 4.842520 5.060448, -1.159514 4.842520 5.066929, -1.163091 4.842520 5.073697, -1.166152 4.842520 5.080713, -1.168681 4.842520 5.087938, -1.170662 4.842520 5.095333, -1.172085 4.842520 5.102854, -1.172942 4.842520 5.110461, -1.173228 4.842520 5.118110, -1.172942 4.842520 5.125760, -1.172085 4.842520 5.133367, -1.170662 4.842520 5.140888, -1.168681 4.842520 5.148282, -1.166152 4.842520 5.155507, -1.163091 4.842520 5.162524, -1.159514 4.842520 5.169291, -1.155442 4.842520 5.175773, -1.150896 4.842520 5.181932, -1.145903 4.842520 5.187734, -1.140490 4.842520 5.193147, -1.134688 4.842520 5.198140, -1.128529 4.842520 5.202686, -1.122047 4.842520 5.206759, -1.115279 4.842520 5.210335, -1.108263 4.842520 5.213397, -1.101038 4.842520 5.215925, -1.093644 4.842520 5.217906, -1.086122 4.842520 5.219329, -1.078516 4.842520 5.220186, -1.070866 4.842520 5.220472, -1.063217 4.842520 5.220186, -1.055610 4.842520 5.219329, -1.048088 4.842520 5.217906, -1.040694 4.842520 5.215925, -1.033469 4.842520 5.213397, -1.026453 4.842520 5.210335, -1.019685 4.842520 5.206759, -1.013203 4.842520 5.202686, -1.007044 4.842520 5.198140, -1.001242 4.842520 5.193147, -0.995829 4.842520 5.187734, -0.990836 4.842520 5.181932, -0.986291 4.842520 5.175773, -0.982218 4.842520 5.169291, -0.978641 4.842520 5.162524, -0.975580 4.842520 5.155507, -0.973052 4.842520 5.148282, -0.971070 4.842520 5.140888, -0.969647 4.842520 5.133367, -0.968790 4.842520 5.125760, -0.968504 4.842520 5.118110, -0.968790 4.842520 5.110461, -0.969647 4.842520 5.102854, -0.971070 4.842520 5.095333, -0.973052 4.842520 5.087938, -0.975580 4.842520 5.080713, -0.978641 4.842520 5.073697, -0.982218 4.842520 5.066929, -0.986291 4.842520 5.060448, -0.990836 4.842520 5.054288, -0.995829 4.842520 5.048486, -1.001242 4.842520 5.043073, -1.007044 4.842520 5.038080, -1.013203 4.842520 5.033535, -1.019685 4.842520 5.029462, -1.026453 4.842520 5.025885, -1.033469 4.842520 5.022824, -1.040694 4.842520 5.020296, -1.048088 4.842520 5.018314, -1.055610 4.842520 5.016891, -1.063217 4.842520 5.016034, -1.070866 4.842520 5.015748, -1.078516 4.842520 5.016034, -1.086122 4.842520 5.016891, -1.093644 4.842520 5.018314, -1.101038 4.842520 5.020296, -1.108263 4.842520 5.022824, -1.115279 4.842520 5.025885, -1.122047 4.842520 5.029462, -1.128529 4.842520 5.033535, -1.134688 4.842520 5.038080, -1.140490 4.842520 5.043073, -1.145903 4.842520 5.048486, -1.150896 4.842520 5.054288, -1.155442 4.842520 5.060448, -1.159514 4.842520 5.066929, -1.163091 4.842520 5.073697, -1.166152 4.842520 5.080713, -1.168681 4.842520 5.087938, -1.170662 4.842520 5.095333, -1.172085 4.842520 5.102854, -1.172942 4.842520 5.110461, -1.173228 4.842520 5.118110, -1.172942 4.842520 5.125760, -1.172085 4.842520 5.133367, -1.170662 4.842520 5.140888, -1.168681 4.842520 5.148282, -1.166152 4.842520 5.155507, -1.163091 4.842520 5.162524, -1.159514 4.842520 5.169291, -1.155442 4.842520 5.175773, -1.150896 4.842520 5.181932, -1.145903 4.842520 5.187734, -1.140490 4.842520 5.193147, -1.134688 4.842520 5.198140, -1.128529 4.842520 5.202686, -1.122047 4.842520 5.206759, -1.115279 4.842520 5.210335, -1.108263 4.842520 5.213397, -1.101038 4.842520 5.215925, -1.093644 4.842520 5.217906, -1.086122 4.842520 5.219329, -1.078516 4.842520 5.220186, -1.070866 4.842520 5.220472, -1.063217 4.842520 5.220186, -1.055610 4.842520 5.219329, -1.048088 4.842520 5.217906, -1.040694 4.842520 5.215925, -1.033469 4.842520 5.213397, -1.026453 4.842520 5.210335, -1.019685 4.842520 5.206759, -1.013203 4.842520 5.202686, -1.007044 4.842520 5.198140, -1.001242 4.842520 5.193147, -0.995829 4.842520 5.187734, -0.990836 4.842520 5.181932, -0.986291 4.842520 5.175773, -0.982218 4.842520 5.169291, -0.978641 4.842520 5.162524, -0.975580 4.842520 5.155507, -0.973052 4.842520 5.148282, -0.971070 4.842520 5.140888, -0.969647 4.842520 5.133367, -0.968790 4.842520 5.125760, -0.968504 7.401575 5.118110, -0.968790 7.401575 5.110461, -0.969647 7.401575 5.102854, -0.971070 7.401575 5.095333, -0.973052 7.401575 5.087938, -0.975580 7.401575 5.080713, -0.978641 7.401575 5.073697, -0.982218 7.401575 5.066929, -0.986291 7.401575 5.060448, -0.990836 7.401575 5.054288, -0.995829 7.401575 5.048486, -1.001242 7.401575 5.043073, -1.007044 7.401575 5.038080, -1.013203 7.401575 5.033535, -1.019685 7.401575 5.029462, -1.026453 7.401575 5.025885, -1.033469 7.401575 5.022824, -1.040694 7.401575 5.020296, -1.048088 7.401575 5.018314, -1.055610 7.401575 5.016891, -1.063217 7.401575 5.016034, -1.070866 7.401575 5.015748, -1.078516 7.401575 5.016034, -1.086122 7.401575 5.016891, -1.093644 7.401575 5.018314, -1.101038 7.401575 5.020296, -1.108263 7.401575 5.022824, -1.115279 7.401575 5.025885, -1.122047 7.401575 5.029462, -1.128529 7.401575 5.033535, -1.134688 7.401575 5.038080, -1.140490 7.401575 5.043073, -1.145903 7.401575 5.048486, -1.150896 7.401575 5.054288, -1.155442 7.401575 5.060448, -1.159514 7.401575 5.066929, -1.163091 7.401575 5.073697, -1.166152 7.401575 5.080713, -1.168681 7.401575 5.087938, -1.170662 7.401575 5.095333, -1.172085 7.401575 5.102854, -1.172942 7.401575 5.110461, -1.173228 7.401575 5.118110, -1.172942 7.401575 5.125760, -1.172085 7.401575 5.133367, -1.170662 7.401575 5.140888, -1.168681 7.401575 5.148282, -1.166152 7.401575 5.155507, -1.163091 7.401575 5.162524, -1.159514 7.401575 5.169291, -1.155442 7.401575 5.175773, -1.150896 7.401575 5.181932, -1.145903 7.401575 5.187734, -1.140490 7.401575 5.193147, -1.134688 7.401575 5.198140, -1.128529 7.401575 5.202686, -1.122047 7.401575 5.206759, -1.115279 7.401575 5.210335, -1.108263 7.401575 5.213397, -1.101038 7.401575 5.215925, -1.093644 7.401575 5.217906, -1.086122 7.401575 5.219329, -1.078516 7.401575 5.220186, -1.070866 7.401575 5.220472, -1.063217 7.401575 5.220186, -1.055610 7.401575 5.219329, -1.048088 7.401575 5.217906, -1.040694 7.401575 5.215925, -1.033469 7.401575 5.213397, -1.026453 7.401575 5.210335, -1.019685 7.401575 5.206759, -1.013203 7.401575 5.202686, -1.007044 7.401575 5.198140, -1.001242 7.401575 5.193147, -0.995829 7.401575 5.187734, -0.990836 7.401575 5.181932, -0.986291 7.401575 5.175773, -0.982218 7.401575 5.169291, -0.978641 7.401575 5.162524, -0.975580 7.401575 5.155507, -0.973052 7.401575 5.148282, -0.971070 7.401575 5.140888, -0.969647 7.401575 5.133367, -0.968790 7.401575 5.125760 ] } coordIndex [ 87 1 0 -1, 87 2 1 -1, 88 3 2 -1, 88 2 87 -1, 89 4 3 -1, 89 3 88 -1, 90 5 4 -1, 90 4 89 -1, 91 6 5 -1, 91 7 6 -1, 91 5 90 -1, 92 7 91 -1, 93 8 7 -1, 93 7 92 -1, 94 8 93 -1, 94 9 8 -1, 95 10 9 -1, 95 9 94 -1, 96 11 10 -1, 96 10 95 -1, 97 12 11 -1, 97 11 96 -1, 98 13 12 -1, 98 14 13 -1, 98 12 97 -1, 99 14 98 -1, 100 15 14 -1, 100 14 99 -1, 101 16 15 -1, 101 17 16 -1, 101 15 100 -1, 102 17 101 -1, 103 18 17 -1, 103 17 102 -1, 104 19 18 -1, 104 18 103 -1, 105 20 19 -1, 105 19 104 -1, 106 21 20 -1, 106 20 105 -1, 107 22 21 -1, 107 21 106 -1, 108 23 22 -1, 108 22 107 -1, 109 24 23 -1, 109 23 108 -1, 110 25 24 -1, 110 26 25 -1, 110 24 109 -1, 111 26 110 -1, 112 27 26 -1, 112 26 111 -1, 113 28 27 -1, 113 27 112 -1, 114 29 28 -1, 114 28 113 -1, 115 30 29 -1, 115 29 114 -1, 116 31 30 -1, 116 30 115 -1, 117 32 31 -1, 117 31 116 -1, 118 32 117 -1, 118 33 32 -1, 119 33 118 -1, 119 34 33 -1, 120 34 119 -1, 120 35 34 -1, 121 35 120 -1, 121 36 35 -1, 122 36 121 -1, 122 37 36 -1, 123 37 122 -1, 123 38 37 -1, 124 38 123 -1, 124 39 38 -1, 125 39 124 -1, 125 40 39 -1, 126 40 125 -1, 126 41 40 -1, 127 41 126 -1, 127 42 41 -1, 128 42 127 -1, 128 43 42 -1, 129 44 43 -1, 129 43 128 -1, 130 44 129 -1, 130 45 44 -1, 131 46 45 -1, 131 45 130 -1, 132 47 46 -1, 132 46 131 -1, 133 48 47 -1, 133 49 48 -1, 133 47 132 -1, 134 49 133 -1, 135 50 49 -1, 135 49 134 -1, 136 51 50 -1, 136 50 135 -1, 137 52 51 -1, 137 51 136 -1, 138 53 52 -1, 138 52 137 -1, 139 54 53 -1, 139 55 54 -1, 139 53 138 -1, 140 55 139 -1, 141 56 55 -1, 141 57 56 -1, 141 55 140 -1, 142 57 141 -1, 143 57 142 -1, 143 58 57 -1, 144 58 143 -1, 144 59 58 -1, 144 60 59 -1, 145 60 144 -1, 146 60 145 -1, 146 61 60 -1, 146 62 61 -1, 147 62 146 -1, 147 63 62 -1, 148 63 147 -1, 149 63 148 -1, 149 64 63 -1, 149 65 64 -1, 150 65 149 -1, 151 65 150 -1, 151 66 65 -1, 151 67 66 -1, 152 67 151 -1, 153 67 152 -1, 153 68 67 -1, 154 68 153 -1, 154 69 68 -1, 154 70 69 -1, 155 70 154 -1, 155 71 70 -1, 156 71 155 -1, 157 71 156 -1, 157 72 71 -1, 157 73 72 -1, 158 73 157 -1, 159 73 158 -1, 159 74 73 -1, 159 75 74 -1, 160 75 159 -1, 161 75 160 -1, 161 76 75 -1, 161 77 76 -1, 162 77 161 -1, 163 77 162 -1, 163 78 77 -1, 164 79 78 -1, 164 80 79 -1, 164 78 163 -1, 165 80 164 -1, 166 81 80 -1, 166 80 165 -1, 167 82 81 -1, 167 83 82 -1, 167 81 166 -1, 168 83 167 -1, 169 84 83 -1, 169 83 168 -1, 86 84 169 -1, 86 85 84 -1, 204 206 205 -1, 243 242 241 -1, 199 201 200 -1, 246 244 243 -1, 246 245 244 -1, 251 250 249 -1, 253 251 249 -1, 253 252 251 -1, 172 171 170 -1, 187 189 188 -1, 174 173 172 -1, 174 172 170 -1, 176 175 174 -1, 184 186 185 -1, 184 187 186 -1, 184 190 189 -1, 184 191 190 -1, 184 189 187 -1, 179 178 177 -1, 181 253 249 -1, 181 177 176 -1, 181 180 179 -1, 181 174 170 -1, 181 183 182 -1, 181 184 183 -1, 181 191 184 -1, 181 192 191 -1, 181 193 192 -1, 181 194 193 -1, 181 195 194 -1, 181 196 195 -1, 181 197 196 -1, 181 198 197 -1, 181 199 198 -1, 181 202 201 -1, 181 203 202 -1, 181 204 203 -1, 181 207 206 -1, 181 176 174 -1, 181 208 207 -1, 181 209 208 -1, 181 210 209 -1, 181 211 210 -1, 181 212 211 -1, 181 213 212 -1, 181 214 213 -1, 181 201 199 -1, 181 215 214 -1, 181 216 215 -1, 181 217 216 -1, 181 218 217 -1, 181 219 218 -1, 181 220 219 -1, 181 221 220 -1, 181 222 221 -1, 181 223 222 -1, 181 206 204 -1, 181 224 223 -1, 181 225 224 -1, 181 226 225 -1, 181 227 226 -1, 181 228 227 -1, 181 229 228 -1, 181 230 229 -1, 181 231 230 -1, 181 232 231 -1, 181 233 232 -1, 181 234 233 -1, 181 179 177 -1, 181 235 234 -1, 181 236 235 -1, 181 237 236 -1, 181 238 237 -1, 181 239 238 -1, 181 240 239 -1, 181 243 241 -1, 181 241 240 -1, 181 247 246 -1, 181 248 247 -1, 181 246 243 -1, 181 249 248 -1, 181 170 253 -1, 288 289 290 -1, 327 325 326 -1, 283 284 285 -1, 330 327 328 -1, 330 328 329 -1, 335 333 334 -1, 337 333 335 -1, 337 335 336 -1, 256 254 255 -1, 271 272 273 -1, 258 256 257 -1, 258 254 256 -1, 260 258 259 -1, 268 269 270 -1, 268 270 271 -1, 268 273 274 -1, 268 274 275 -1, 268 271 273 -1, 263 261 262 -1, 265 333 337 -1, 265 260 261 -1, 265 263 264 -1, 265 254 258 -1, 265 266 267 -1, 265 267 268 -1, 265 268 275 -1, 265 275 276 -1, 265 276 277 -1, 265 277 278 -1, 265 278 279 -1, 265 279 280 -1, 265 280 281 -1, 265 281 282 -1, 265 282 283 -1, 265 285 286 -1, 265 286 287 -1, 265 287 288 -1, 265 290 291 -1, 265 258 260 -1, 265 291 292 -1, 265 292 293 -1, 265 293 294 -1, 265 294 295 -1, 265 295 296 -1, 265 296 297 -1, 265 297 298 -1, 265 283 285 -1, 265 298 299 -1, 265 299 300 -1, 265 300 301 -1, 265 301 302 -1, 265 302 303 -1, 265 303 304 -1, 265 304 305 -1, 265 305 306 -1, 265 306 307 -1, 265 288 290 -1, 265 307 308 -1, 265 308 309 -1, 265 309 310 -1, 265 310 311 -1, 265 311 312 -1, 265 312 313 -1, 265 313 314 -1, 265 314 315 -1, 265 315 316 -1, 265 316 317 -1, 265 317 318 -1, 265 261 263 -1, 265 318 319 -1, 265 319 320 -1, 265 320 321 -1, 265 321 322 -1, 265 322 323 -1, 265 323 324 -1, 265 325 327 -1, 265 324 325 -1, 265 330 331 -1, 265 331 332 -1, 265 327 330 -1, 265 332 333 -1, 265 337 254 -1 ] } }
Shape { appearance Appearance { material Material { diffuseColor 0.64 0.66 0.69 specularColor .4 .4 .4 shininess .5 } } geometry IndexedFaceSet { solid FALSE coord Coordinate { point [ -0.903923 4.842520 4.751852, -0.903923 7.401575 4.751852, -0.904209 7.401575 4.744203, -0.905066 7.401575 4.736596, -0.906489 7.401575 4.729075, -0.908470 7.401575 4.721681, -0.910999 7.401575 4.714455, -0.914060 7.401575 4.707439, -0.917637 7.401575 4.700671, -0.921709 7.401575 4.694190, -0.926255 7.401575 4.688031, -0.931248 7.401575 4.682228, -0.936661 7.401575 4.676816, -0.942463 7.401575 4.671822, -0.948622 7.401575 4.667277, -0.955104 7.401575 4.663204, -0.961872 7.401575 4.659627, -0.968888 7.401575 4.656566, -0.976113 7.401575 4.654038, -0.983507 7.401575 4.652057, -0.991029 7.401575 4.650634, -0.998635 7.401575 4.649776, -1.006285 7.401575 4.649490, -1.013935 7.401575 4.649776, -1.021541 7.401575 4.650634, -1.029063 7.401575 4.652057, -1.036457 7.401575 4.654038, -1.043682 7.401575 4.656566, -1.050698 7.401575 4.659627, -1.057466 7.401575 4.663204, -1.063948 7.401575 4.667277, -1.070107 7.401575 4.671822, -1.075909 7.401575 4.676816, -1.081322 7.401575 4.682228, -1.086315 7.401575 4.688031, -1.090861 7.401575 4.694190, -1.094933 7.401575 4.700671, -1.098510 7.401575 4.707439, -1.101571 7.401575 4.714455, -1.104100 7.401575 4.721681, -1.106081 7.401575 4.729075, -1.107504 7.401575 4.736596, -1.108361 7.401575 4.744203, -1.108647 7.401575 4.751852, -1.108361 7.401575 4.759502, -1.107504 7.401575 4.767109, -1.106081 7.401575 4.774630, -1.104100 7.401575 4.782024, -1.101571 7.401575 4.789250, -1.098510 7.401575 4.796266, -1.094933 7.401575 4.803034, -1.090861 7.401575 4.809515, -1.086315 7.401575 4.815674, -1.081322 7.401575 4.821476, -1.075909 7.401575 4.826889, -1.070107 7.401575 4.831882, -1.063948 7.401575 4.836428, -1.057466 7.401575 4.840501, -1.050698 7.401575 4.844078, -1.043682 7.401575 4.847139, -1.036457 7.401575 4.849667, -1.029063 7.401575 4.851648, -1.021541 7.401575 4.853071, -1.013935 7.401575 4.853928, -1.006285 7.401575 4.854215, -0.998635 7.401575 4.853928, -0.991029 7.401575 4.853071, -0.983507 7.401575 4.851648, -0.976113 7.401575 4.849667, -0.968888 7.401575 4.847139, -0.961872 7.401575 4.844078, -0.955104 7.401575 4.840501, -0.948622 7.401575 4.836428, -0.942463 7.401575 4.831882, -0.936661 7.401575 4.826889, -0.931248 7.401575 4.821476, -0.926255 7.401575 4.815674, -0.921709 7.401575 4.809515, -0.917637 7.401575 4.803034, -0.914060 7.401575 4.796266, -0.910999 7.401575 4.789250, -0.908470 7.401575 4.782024, -0.906489 7.401575 4.774630, -0.905066 7.401575 4.767109, -0.904209 7.401575 4.759502, -0.903923 7.401575 4.751852, -0.903923 4.842520 4.751852, -0.904209 4.842520 4.744203, -0.905066 4.842520 4.736596, -0.906489 4.842520 4.729075, -0.908470 4.842520 4.721681, -0.910999 4.842520 4.714455, -0.914060 4.842520 4.707439, -0.917637 4.842520 4.700671, -0.921709 4.842520 4.694190, -0.926255 4.842520 4.688031, -0.931248 4.842520 4.682228, -0.936661 4.842520 4.676816, -0.942463 4.842520 4.671822, -0.948622 4.842520 4.667277, -0.955104 4.842520 4.663204, -0.961872 4.842520 4.659627, -0.968888 4.842520 4.656566, -0.976113 4.842520 4.654038, -0.983507 4.842520 4.652057, -0.991029 4.842520 4.650634, -0.998635 4.842520 4.649776, -1.006285 4.842520 4.649490, -1.013935 4.842520 4.649776, -1.021541 4.842520 4.650634, -1.029063 4.842520 4.652057, -1.036457 4.842520 4.654038, -1.043682 4.842520 4.656566, -1.050698 4.842520 4.659627, -1.057466 4.842520 4.663204, -1.063948 4.842520 4.667277, -1.070107 4.842520 4.671822, -1.075909 4.842520 4.676816, -1.081322 4.842520 4.682228, -1.086315 4.842520 4.688031, -1.090861 4.842520 4.694190, -1.094933 4.842520 4.700671, -1.098510 4.842520 4.707439, -1.101571 4.842520 4.714455, -1.104100 4.842520 4.721681, -1.106081 4.842520 4.729075, -1.107504 4.842520 4.736596, -1.108361 4.842520 4.744203, -1.108647 4.842520 4.751852, -1.108361 4.842520 4.759502, -1.107504 4.842520 4.767109, -1.106081 4.842520 4.774630, -1.104100 4.842520 4.782024, -1.101571 4.842520 4.789250, -1.098510 4.842520 4.796266, -1.094933 4.842520 4.803034, -1.090861 4.842520 4.809515, -1.086315 4.842520 4.815674, -1.081322 4.842520 4.821476, -1.075909 4.842520 4.826889, -1.070107 4.842520 4.831882, -1.063948 4.842520 4.836428, -1.057466 4.842520 4.840501, -1.050698 4.842520 4.844078, -1.043682 4.842520 4.847139, -1.036457 4.842520 4.849667, -1.029063 4.842520 4.851648, -1.021541 4.842520 4.853071, -1.013935 4.842520 4.853928, -1.006285 4.842520 4.854215, -0.998635 4.842520 4.853928, -0.991029 4.842520 4.853071, -0.983507 4.842520 4.851648, -0.976113 4.842520 4.849667, -0.968888 4.842520 4.847139, -0.961872 4.842520 4.844078, -0.955104 4.842520 4.840501, -0.948622 4.842520 4.836428, -0.942463 4.842520 4.831882, -0.936661 4.842520 4.826889, -0.931248 4.842520 4.821476, -0.926255 4.842520 4.815674, -0.921709 4.842520 4.809515, -0.917637 4.842520 4.803034, -0.914060 4.842520 4.796266, -0.910999 4.842520 4.789250, -0.908470 4.842520 4.782024, -0.906489 4.842520 4.774630, -0.905066 4.842520 4.767109, -0.904209 4.842520 4.759502, -0.903923 4.842520 4.751852, -0.904209 4.842520 4.744203, -0.905066 4.842520 4.736596, -0.906489 4.842520 4.729075, -0.908470 4.842520 4.721681, -0.910999 4.842520 4.714455, -0.914060 4.842520 4.707439, -0.917637 4.842520 4.700671, -0.921709 4.842520 4.694190, -0.926255 4.842520 4.688031, -0.931248 4.842520 4.682228, -0.936661 4.842520 4.676816, -0.942463 4.842520 4.671822, -0.948622 4.842520 4.667277, -0.955104 4.842520 4.663204, -0.961872 4.842520 4.659627, -0.968888 4.842520 4.656566, -0.976113 4.842520 4.654038, -0.983507 4.842520 4.652057, -0.991029 4.842520 4.650634, -0.998635 4.842520 4.649776, -1.006285 4.842520 4.649490, -1.013935 4.842520 4.649776, -1.021541 4.842520 4.650634, -1.029063 4.842520 4.652057, -1.036457 4.842520 4.654038, -1.043682 4.842520 4.656566, -1.050698 4.842520 4.659627, -1.057466 4.842520 4.663204, -1.063948 4.842520 4.667277, -1.070107 4.842520 4.671822, -1.075909 4.842520 4.676816, -1.081322 4.842520 4.682228, -1.086315 4.842520 4.688031, -1.090861 4.842520 4.694190, -1.094933 4.842520 4.700671, -1.098510 4.842520 4.707439, -1.101571 4.842520 4.714455, -1.104100 4.842520 4.721681, -1.106081 4.842520 4.729075, -1.107504 4.842520 4.736596, -1.108361 4.842520 4.744203, -1.108647 4.842520 4.751852, -1.108361 4.842520 4.759502, -1.107504 4.842520 4.767109, -1.106081 4.842520 4.774630, -1.104100 4.842520 4.782024, -1.101571 4.842520 4.789250, -1.098510 4.842520 4.796266, -1.094933 4.842520 4.803034, -1.090861 4.842520 4.809515, -1.086315 4.842520 4.815674, -1.081322 4.842520 4.821476, -1.075909 4.842520 4.826889, -1.070107 4.842520 4.831882, -1.063948 4.842520 4.836428, -1.057466 4.842520 4.840501, -1.050698 4.842520 4.844078, -1.043682 4.842520 4.847139, -1.036457 4.842520 4.849667, -1.029063 4.842520 4.851648, -1.021541 4.842520 4.853071, -1.013935 4.842520 4.853928, -1.006285 4.842520 4.854215, -0.998635 4.842520 4.853928, -0.991029 4.842520 4.853071, -0.983507 4.842520 4.851648, -0.976113 4.842520 4.849667, -0.968888 4.842520 4.847139, -0.961872 4.842520 4.844078, -0.955104 4.842520 4.840501, -0.948622 4.842520 4.836428, -0.942463 4.842520 4.831882, -0.936661 4.842520 4.826889, -0.931248 4.842520 4.821476, -0.926255 4.842520 4.815674, -0.921709 4.842520 4.809515, -0.917637 4.842520 4.803034, -0.914060 4.842520 4.796266, -0.910999 4.842520 4.789250, -0.908470 4.842520 4.782024, -0.906489 4.842520 4.774630, -0.905066 4.842520 4.767109, -0.904209 4.842520 4.759502, -0.903923 7.401575 4.751852, -0.904209 7.401575 4.744203, -0.905066 7.401575 4.736596, -0.906489 7.401575 4.729075, -0.908470 7.401575 4.721681, -0.910999 7.401575 4.714455, -0.914060 7.401575 4.707439, -0.917637 7.401575 4.700671, -0.921709 7.401575 4.694190, -0.926255 7.401575 4.688031, -0.931248 7.401575 4.682228, -0.936661 7.401575 4.676816, -0.942463 7.401575 4.671822, -0.948622 7.401575 4.667277, -0.955104 7.401575 4.663204, -0.961872 7.401575 4.659627, -0.968888 7.401575 4.656566, -0.976113 7.401575 4.654038, -0.983507 7.401575 4.652057, -0.991029 7.401575 4.650634, -0.998635 7.401575 4.649776, -1.006285 7.401575 4.649490, -1.013935 7.401575 4.649776, -1.021541 7.401575 4.650634, -1.029063 7.401575 4.652057, -1.036457 7.401575 4.654038, -1.043682 7.401575 4.656566, -1.050698 7.401575 4.659627, -1.057466 7.401575 4.663204, -1.063948 7.401575 4.667277, -1.070107 7.401575 4.671822, -1.075909 7.401575 4.676816, -1.081322 7.401575 4.682228, -1.086315 7.401575 4.688031, -1.090861 7.401575 4.694190, -1.094933 7.401575 4.700671, -1.098510 7.401575 4.707439, -1.101571 7.401575 4.714455, -1.104100 7.401575 4.721681, -1.106081 7.401575 4.729075, -1.107504 7.401575 4.736596, -1.108361 7.401575 4.744203, -1.108647 7.401575 4.751852, -1.108361 7.401575 4.759502, -1.107504 7.401575 4.767109, -1.106081 7.401575 4.774630, -1.104100 7.401575 4.782024, -1.101571 7.401575 4.789250, -1.098510 7.401575 4.796266, -1.094933 7.401575 4.803034, -1.090861 7.401575 4.809515, -1.086315 7.401575 4.815674, -1.081322 7.401575 4.821476, -1.075909 7.401575 4.826889, -1.070107 7.401575 4.831882, -1.063948 7.401575 4.836428, -1.057466 7.401575 4.840501, -1.050698 7.401575 4.844078, -1.043682 7.401575 4.847139, -1.036457 7.401575 4.849667, -1.029063 7.401575 4.851648, -1.021541 7.401575 4.853071, -1.013935 7.401575 4.853928, -1.006285 7.401575 4.854215, -0.998635 7.401575 4.853928, -0.991029 7.401575 4.853071, -0.983507 7.401575 4.851648, -0.976113 7.401575 4.849667, -0.968888 7.401575 4.847139, -0.961872 7.401575 4.844078, -0.955104 7.401575 4.840501, -0.948622 7.401575 4.836428, -0.942463 7.401575 4.831882, -0.936661 7.401575 4.826889, -0.931248 7.401575 4.821476, -0.926255 7.401575 4.815674, -0.921709 7.401575 4.809515, -0.917637 7.401575 4.803034, -0.914060 7.401575 4.796266, -0.910999 7.401575 4.789250, -0.908470 7.401575 4.782024, -0.906489 7.401575 4.774630, -0.905066 7.401575 4.767109, -0.904209 7.401575 4.759502 ] } coordIndex [ 87 1 0 -1, 87 2 1 -1, 88 3 2 -1, 88 2 87 -1, 89 4 3 -1, 89 3 88 -1, 90 5 4 -1, 90 4 89 -1, 91 6 5 -1, 91 7 6 -1, 91 5 90 -1, 92 7 91 -1, 93 8 7 -1, 93 7 92 -1, 94 8 93 -1, 94 9 8 -1, 95 10 9 -1, 95 9 94 -1, 96 11 10 -1, 96 10 95 -1, 97 12 11 -1, 97 11 96 -1, 98 13 12 -1, 98 14 13 -1, 98 12 97 -1, 99 14 98 -1, 100 15 14 -1, 100 14 99 -1, 101 16 15 -1, 101 17 16 -1, 101 15 100 -1, 102 17 101 -1, 103 18 17 -1, 103 17 102 -1, 104 19 18 -1, 104 18 103 -1, 105 20 19 -1, 105 19 104 -1, 106 21 20 -1, 106 20 105 -1, 107 22 21 -1, 107 21 106 -1, 108 23 22 -1, 108 22 107 -1, 109 24 23 -1, 109 23 108 -1, 110 25 24 -1, 110 26 25 -1, 110 24 109 -1, 111 26 110 -1, 112 27 26 -1, 112 26 111 -1, 113 28 27 -1, 113 27 112 -1, 114 29 28 -1, 114 28 113 -1, 115 30 29 -1, 115 29 114 -1, 116 31 30 -1, 116 30 115 -1, 117 32 31 -1, 117 31 116 -1, 118 32 117 -1, 118 33 32 -1, 119 33 118 -1, 119 34 33 -1, 120 34 119 -1, 120 35 34 -1, 121 35 120 -1, 121 36 35 -1, 122 36 121 -1, 122 37 36 -1, 123 37 122 -1, 123 38 37 -1, 124 38 123 -1, 124 39 38 -1, 125 39 124 -1, 125 40 39 -1, 126 40 125 -1, 126 41 40 -1, 127 41 126 -1, 127 42 41 -1, 128 42 127 -1, 128 43 42 -1, 129 44 43 -1, 129 43 128 -1, 130 44 129 -1, 130 45 44 -1, 131 46 45 -1, 131 45 130 -1, 132 47 46 -1, 132 46 131 -1, 133 48 47 -1, 133 49 48 -1, 133 47 132 -1, 134 49 133 -1, 135 50 49 -1, 135 49 134 -1, 136 51 50 -1, 136 50 135 -1, 137 52 51 -1, 137 51 136 -1, 138 53 52 -1, 138 52 137 -1, 139 54 53 -1, 139 55 54 -1, 139 53 138 -1, 140 55 139 -1, 141 56 55 -1, 141 57 56 -1, 141 55 140 -1, 142 57 141 -1, 143 57 142 -1, 143 58 57 -1, 144 58 143 -1, 144 59 58 -1, 144 60 59 -1, 145 60 144 -1, 146 60 145 -1, 146 61 60 -1, 146 62 61 -1, 147 62 146 -1, 147 63 62 -1, 148 63 147 -1, 149 63 148 -1, 149 64 63 -1, 149 65 64 -1, 150 65 149 -1, 151 65 150 -1, 151 66 65 -1, 151 67 66 -1, 152 67 151 -1, 153 67 152 -1, 153 68 67 -1, 154 68 153 -1, 154 69 68 -1, 154 70 69 -1, 155 70 154 -1, 155 71 70 -1, 156 71 155 -1, 157 71 156 -1, 157 72 71 -1, 157 73 72 -1, 158 73 157 -1, 159 73 158 -1, 159 74 73 -1, 159 75 74 -1, 160 75 159 -1, 161 75 160 -1, 161 76 75 -1, 161 77 76 -1, 162 77 161 -1, 163 77 162 -1, 163 78 77 -1, 164 79 78 -1, 164 80 79 -1, 164 78 163 -1, 165 80 164 -1, 166 81 80 -1, 166 80 165 -1, 167 82 81 -1, 167 83 82 -1, 167 81 166 -1, 168 83 167 -1, 169 84 83 -1, 169 83 168 -1, 86 84 169 -1, 86 85 84 -1, 241 240 239 -1, 243 241 239 -1, 243 242 241 -1, 245 244 243 -1, 195 197 196 -1, 251 249 248 -1, 251 250 249 -1, 173 171 170 -1, 173 172 171 -1, 184 186 185 -1, 179 176 175 -1, 179 177 176 -1, 179 178 177 -1, 181 174 173 -1, 181 175 174 -1, 181 180 179 -1, 181 179 175 -1, 181 183 182 -1, 181 184 183 -1, 181 187 186 -1, 181 188 187 -1, 181 189 188 -1, 181 190 189 -1, 181 245 243 -1, 181 191 190 -1, 181 173 170 -1, 181 192 191 -1, 181 193 192 -1, 181 194 193 -1, 181 195 194 -1, 181 198 197 -1, 181 199 198 -1, 181 200 199 -1, 181 201 200 -1, 181 202 201 -1, 181 203 202 -1, 181 204 203 -1, 181 205 204 -1, 181 206 205 -1, 181 207 206 -1, 181 208 207 -1, 181 209 208 -1, 181 210 209 -1, 181 211 210 -1, 181 212 211 -1, 181 213 212 -1, 181 214 213 -1, 181 186 184 -1, 181 215 214 -1, 181 216 215 -1, 181 217 216 -1, 181 218 217 -1, 181 219 218 -1, 181 220 219 -1, 181 243 239 -1, 181 221 220 -1, 181 222 221 -1, 181 223 222 -1, 181 224 223 -1, 181 225 224 -1, 181 226 225 -1, 181 227 226 -1, 181 228 227 -1, 181 229 228 -1, 181 230 229 -1, 181 231 230 -1, 181 232 231 -1, 181 233 232 -1, 181 251 248 -1, 181 234 233 -1, 181 235 234 -1, 181 236 235 -1, 181 237 236 -1, 181 238 237 -1, 181 239 238 -1, 181 246 245 -1, 181 247 246 -1, 181 248 247 -1, 181 252 251 -1, 181 253 252 -1, 181 170 253 -1, 181 197 195 -1, 325 323 324 -1, 327 323 325 -1, 327 325 326 -1, 329 327 328 -1, 279 280 281 -1, 335 332 333 -1, 335 333 334 -1, 257 254 255 -1, 257 255 256 -1, 268 269 270 -1, 263 259 260 -1, 263 260 261 -1, 263 261 262 -1, 265 257 258 -1, 265 258 259 -1, 265 263 264 -1, 265 259 263 -1, 265 266 267 -1, 265 267 268 -1, 265 270 271 -1, 265 271 272 -1, 265 272 273 -1, 265 273 274 -1, 265 327 329 -1, 265 274 275 -1, 265 254 257 -1, 265 275 276 -1, 265 276 277 -1, 265 277 278 -1, 265 278 279 -1, 265 281 282 -1, 265 282 283 -1, 265 283 284 -1, 265 284 285 -1, 265 285 286 -1, 265 286 287 -1, 265 287 288 -1, 265 288 289 -1, 265 289 290 -1, 265 290 291 -1, 265 291 292 -1, 265 292 293 -1, 265 293 294 -1, 265 294 295 -1, 265 295 296 -1, 265 296 297 -1, 265 297 298 -1, 265 268 270 -1, 265 298 299 -1, 265 299 300 -1, 265 300 301 -1, 265 301 302 -1, 265 302 303 -1, 265 303 304 -1, 265 323 327 -1, 265 304 305 -1, 265 305 306 -1, 265 306 307 -1, 265 307 308 -1, 265 308 309 -1, 265 309 310 -1, 265 310 311 -1, 265 311 312 -1, 265 312 313 -1, 265 313 314 -1, 265 314 315 -1, 265 315 316 -1, 265 316 317 -1, 265 332 335 -1, 265 317 318 -1, 265 318 319 -1, 265 319 320 -1, 265 320 321 -1, 265 321 322 -1, 265 322 323 -1, 265 329 330 -1, 265 330 331 -1, 265 331 332 -1, 265 335 336 -1, 265 336 337 -1, 265 337 254 -1, 265 279 281 -1 ] } }
Shape { appearance Appearance { material Material { diffuseColor 0.64 0.66 0.69 specularColor .4 .4 .4 shininess .5 } } geometry IndexedFaceSet { solid FALSE coord Coordinate { point [ -0.717969 4.842520 4.429771, -0.717969 7.401575 4.429771, -0.718255 7.401575 4.422121, -0.719112 7.401575 4.414514, -0.720535 7.401575 4.406993, -0.722517 7.401575 4.399599, -0.725045 7.401575 4.392374, -0.728106 7.401575 4.385357, -0.731683 7.401575 4.378590, -0.735755 7.401575 4.372108, -0.740301 7.401575 4.365949, -0.745294 7.401575 4.360147, -0.750707 7.401575 4.354734, -0.756509 7.401575 4.349741, -0.762668 7.401575 4.345195, -0.769150 7.401575 4.341122, -0.775918 7.401575 4.337546, -0.782934 7.401575 4.334484, -0.790159 7.401575 4.331956, -0.797553 7.401575 4.329975, -0.805075 7.401575 4.328552, -0.812682 7.401575 4.327695, -0.820331 7.401575 4.327409, -0.827981 7.401575 4.327695, -0.835587 7.401575 4.328552, -0.843109 7.401575 4.329975, -0.850503 7.401575 4.331956, -0.857728 7.401575 4.334484, -0.864744 7.401575 4.337546, -0.871512 7.401575 4.341122, -0.877994 7.401575 4.345195, -0.884153 7.401575 4.349741, -0.889955 7.401575 4.354734, -0.895368 7.401575 4.360147, -0.900361 7.401575 4.365949, -0.904907 7.401575 4.372108, -0.908979 7.401575 4.378590, -0.912556 7.401575 4.385357, -0.915617 7.401575 4.392374, -0.918146 7.401575 4.399599, -0.920127 7.401575 4.406993, -0.921550 7.401575 4.414514, -0.922407 7.401575 4.422121, -0.922693 7.401575 4.429771, -0.922407 7.401575 4.437420, -0.921550 7.401575 4.445027, -0.920127 7.401575 4.452548, -0.918146 7.401575 4.459943, -0.915617 7.401575 4.467168, -0.912556 7.401575 4.474184, -0.908979 7.401575 4.480952, -0.904907 7.401575 4.487433, -0.900361 7.401575 4.493593, -0.895368 7.401575 4.499395, -0.889955 7.401575 4.504808, -0.884153 7.401575 4.509801, -0.877994 7.401575 4.514346, -0.871512 7.401575 4.518419, -0.864744 7.401575 4.521996, -0.857728 7.401575 4.525057, -0.850503 7.401575 4.527585, -0.843109 7.401575 4.529567, -0.835587 7.401575 4.530990, -0.827981 7.401575 4.531847, -0.820331 7.401575 4.532133, -0.812682 7.401575 4.531847, -0.805075 7.401575 4.530990, -0.797553 7.401575 4.529567, -0.790159 7.401575 4.527585, -0.782934 7.401575 4.525057, -0.775918 7.401575 4.521996, -0.769150 7.401575 4.518419, -0.762668 7.401575 4.514346, -0.756509 7.401575 4.509801, -0.750707 7.401575 4.504808, -0.745294 7.401575 4.499395, -0.740301 7.401575 4.493593, -0.735755 7.401575 4.487433, -0.731683 7.401575 4.480952, -0.728106 7.401575 4.474184, -0.725045 7.401575 4.467168, -0.722517 7.401575 4.459943, -0.720535 7.401575 4.452548, -0.719112 7.401575 4.445027, -0.718255 7.401575 4.437420, -0.717969 7.401575 4.429771, -0.717969 4.842520 4.429771, -0.718255 4.842520 4.422121, -0.719112 4.842520 4.414514, -0.720535 4.842520 4.406993, -0.722517 4.842520 4.399599, -0.725045 4.842520 4.392374, -0.728106 4.842520 4.385357, -0.731683 4.842520 4.378590, -0.735755 4.842520 4.372108, -0.740301 4.842520 4.365949, -0.745294 4.842520 4.360147, -0.750707 4.842520 4.354734, -0.756509 4.842520 4.349741, -0.762668 4.842520 4.345195, -0.769150 4.842520 4.341122, -0.775918 4.842520 4.337546, -0.782934 4.842520 4.334484, -0.790159 4.842520 4.331956, -0.797553 4.842520 4.329975, -0.805075 4.842520 4.328552, -0.812682 4.842520 4.327695, -0.820331 4.842520 4.327409, -0.827981 4.842520 4.327695, -0.835587 4.842520 4.328552, -0.843109 4.842520 4.329975, -0.850503 4.842520 4.331956, -0.857728 4.842520 4.334484, -0.864744 4.842520 4.337546, -0.871512 4.842520 4.341122, -0.877994 4.842520 4.345195, -0.884153 4.842520 4.349741, -0.889955 4.842520 4.354734, -0.895368 4.842520 4.360147, -0.900361 4.842520 4.365949, -0.904907 4.842520 4.372108, -0.908979 4.842520 4.378590, -0.912556 4.842520 4.385357, -0.915617 4.842520 4.392374, -0.918146 4.842520 4.399599, -0.920127 4.842520 4.406993, -0.921550 4.842520 4.414514, -0.922407 4.842520 4.422121, -0.922693 4.842520 4.429771, -0.922407 4.842520 4.437420, -0.921550 4.842520 4.445027, -0.920127 4.842520 4.452548, -0.918146 4.842520 4.459943, -0.915617 4.842520 4.467168, -0.912556 4.842520 4.474184, -0.908979 4.842520 4.480952, -0.904907 4.842520 4.487433, -0.900361 4.842520 4.493593, -0.895368 4.842520 4.499395, -0.889955 4.842520 4.504808, -0.884153 4.842520 4.509801, -0.877994 4.842520 4.514346, -0.871512 4.842520 4.518419, -0.864744 4.842520 4.521996, -0.857728 4.842520 4.525057, -0.850503 4.842520 4.527585, -0.843109 4.842520 4.529567, -0.835587 4.842520 4.530990, -0.827981 4.842520 4.531847, -0.820331 4.842520 4.532133, -0.812682 4.842520 4.531847, -0.805075 4.842520 4.530990, -0.797553 4.842520 4.529567, -0.790159 4.842520 4.527585, -0.782934 4.842520 4.525057, -0.775918 4.842520 4.521996, -0.769150 4.842520 4.518419, -0.762668 4.842520 4.514346, -0.756509 4.842520 4.509801, -0.750707 4.842520 4.504808, -0.745294 4.842520 4.499395, -0.740301 4.842520 4.493593, -0.735755 4.842520 4.487433, -0.731683 4.842520 4.480952, -0.728106 4.842520 4.474184, -0.725045 4.842520 4.467168, -0.722517 4.842520 4.459943, -0.720535 4.842520 4.452548, -0.719112 4.842520 4.445027, -0.718255 4.842520 4.437420, -0.717969 4.842520 4.429771, -0.718255 4.842520 4.422121, -0.719112 4.842520 4.414514, -0.720535 4.842520 4.406993, -0.722517 4.842520 4.399599, -0.725045 4.842520 4.392374, -0.728106 4.842520 4.385357, -0.731683 4.842520 4.378590, -0.735755 4.842520 4.372108, -0.740301 4.842520 4.365949, -0.745294 4.842520 4.360147, -0.750707 4.842520 4.354734, -0.756509 4.842520 4.349741, -0.762668 4.842520 4.345195, -0.769150 4.842520 4.341122, -0.775918 4.842520 4.337546, -0.782934 4.842520 4.334484, -0.790159 4.842520 4.331956, -0.797553 4.842520 4.329975, -0.805075 4.842520 4.328552, -0.812682 4.842520 4.327695, -0.820331 4.842520 4.327409, -0.827981 4.842520 4.327695, -0.835587 4.842520 4.328552, -0.843109 4.842520 4.329975, -0.850503 4.842520 4.331956, -0.857728 4.842520 4.334484, -0.864744 4.842520 4.337546, -0.871512 4.842520 4.341122, -0.877994 4.842520 4.345195, -0.884153 4.842520 4.349741, -0.889955 4.842520 4.354734, -0.895368 4.842520 4.360147, -0.900361 4.842520 4.365949, -0.904907 4.842520 4.372108, -0.908979 4.842520 4.378590, -0.912556 4.842520 4.385357, -0.915617 4.842520 4.392374, -0.918146 4.842520 4.399599, -0.920127 4.842520 4.406993, -0.921550 4.842520 4.414514, -0.922407 4.842520 4.422121, -0.922693 4.842520 4.429771, -0.922407 4.842520 4.437420, -0.921550 4.842520 4.445027, -0.920127 4.842520 4.452548, -0.918146 4.842520 4.459943, -0.915617 4.842520 4.467168, -0.912556 4.842520 4.474184, -0.908979 4.842520 4.480952, -0.904907 4.842520 4.487433, -0.900361 4.842520 4.493593, -0.895368 4.842520 4.499395, -0.889955 4.842520 4.504808, -0.884153 4.842520 4.509801, -0.877994 4.842520 4.514346, -0.871512 4.842520 4.518419, -0.864744 4.842520 4.521996, -0.857728 4.842520 4.525057, -0.850503 4.842520 4.527585, -0.843109 4.842520 4.529567, -0.835587 4.842520 4.530990, -0.827981 4.842520 4.531847, -0.820331 4.842520 4.532133, -0.812682 4.842520 4.531847, -0.805075 4.842520 4.530990, -0.797553 4.842520 4.529567, -0.790159 4.842520 4.527585, -0.782934 4.842520 4.525057, -0.775918 4.842520 4.521996, -0.769150 4.842520 4.518419, -0.762668 4.842520 4.514346, -0.756509 4.842520 4.509801, -0.750707 4.842520 4.504808, -0.745294 4.842520 4.499395, -0.740301 4.842520 4.493593, -0.735755 4.842520 4.487433, -0.731683 4.842520 4.480952, -0.728106 4.842520 4.474184, -0.725045 4.842520 4.467168, -0.722517 4.842520 4.459943, -0.720535 4.842520 4.452548, -0.719112 4.842520 4.445027, -0.718255 4.842520 4.437420, -0.717969 7.401575 4.429771, -0.718255 7.401575 4.422121, -0.719112 7.401575 4.414514, -0.720535 7.401575 4.406993, -0.722517 7.401575 4.399599, -0.725045 7.401575 4.392374, -0.728106 7.401575 4.385357, -0.731683 7.401575 4.378590, -0.735755 7.401575 4.372108, -0.740301 7.401575 4.365949, -0.745294 7.401575 4.360147, -0.750707 7.401575 4.354734, -0.756509 7.401575 4.349741, -0.762668 7.401575 4.345195, -0.769150 7.401575 4.341122, -0.775918 7.401575 4.337546, -0.782934 7.401575 4.334484, -0.790159 7.401575 4.331956, -0.797553 7.401575 4.329975, -0.805075 7.401575 4.328552, -0.812682 7.401575 4.327695, -0.820331 7.401575 4.327409, -0.827981 7.401575 4.327695, -0.835587 7.401575 4.328552, -0.843109 7.401575 4.329975, -0.850503 7.401575 4.331956, -0.857728 7.401575 4.334484, -0.864744 7.401575 4.337546, -0.871512 7.401575 4.341122, -0.877994 7.401575 4.345195, -0.884153 7.401575 4.349741, -0.889955 7.401575 4.354734, -0.895368 7.401575 4.360147, -0.900361 7.401575 4.365949, -0.904907 7.401575 4.372108, -0.908979 7.401575 4.378590, -0.912556 7.401575 4.385357, -0.915617 7.401575 4.392374, -0.918146 7.401575 4.399599, -0.920127 7.401575 4.406993, -0.921550 7.401575 4.414514, -0.922407 7.401575 4.422121, -0.922693 7.401575 4.429771, -0.922407 7.401575 4.437420, -0.921550 7.401575 4.445027, -0.920127 7.401575 4.452548, -0.918146 7.401575 4.459943, -0.915617 7.401575 4.467168, -0.912556 7.401575 4.474184, -0.908979 7.401575 4.480952, -0.904907 7.401575 4.487433, -0.900361 7.401575 4.493593, -0.895368 7.401575 4.499395, -0.889955 7.401575 4.504808, -0.884153 7.401575 4.509801, -0.877994 7.401575 4.514346, -0.871512 7.401575 4.518419, -0.864744 7.401575 4.521996, -0.857728 7.401575 4.525057, -0.850503 7.401575 4.527585, -0.843109 7.401575 4.529567, -0.835587 7.401575 4.530990, -0.827981 7.401575 4.531847, -0.820331 7.401575 4.532133, -0.812682 7.401575 4.531847, -0.805075 7.401575 4.530990, -0.797553 7.401575 4.529567, -0.790159 7.401575 4.527585, -0.782934 7.401575 4.525057, -0.775918 7.401575 4.521996, -0.769150 7.401575 4.518419, -0.762668 7.401575 4.514346, -0.756509 7.401575 4.509801, -0.750707 7.401575 4.504808, -0.745294 7.401575 4.499395, -0.740301 7.401575 4.493593, -0.735755 7.401575 4.487433, -0.731683 7.401575 4.480952, -0.728106 7.401575 4.474184, -0.725045 7.401575 4.467168, -0.722517 7.401575 4.459943, -0.720535 7.401575 4.452548, -0.719112 7.401575 4.445027, -0.718255 7.401575 4.437420 ] } coordIndex [ 87 1 0 -1, 87 2 1 -1, 88 3 2 -1, 88 2 87 -1, 89 4 3 -1, 89 3 88 -1, 90 5 4 -1, 90 4 89 -1, 91 6 5 -1, 91 7 6 -1, 91 5 90 -1, 92 7 91 -1, 93 8 7 -1, 93 7 92 -1, 94 8 93 -1, 94 9 8 -1, 95 10 9 -1, 95 9 94 -1, 96 11 10 -1, 96 10 95 -1, 97 12 11 -1, 97 11 96 -1, 98 13 12 -1, 98 14 13 -1, 98 12 97 -1, 99 14 98 -1, 100 15 14 -1, 100 14 99 -1, 101 16 15 -1, 101 17 16 -1, 101 15 100 -1, 102 17 101 -1, 103 18 17 -1, 103 17 102 -1, 104 19 18 -1, 104 18 103 -1, 105 20 19 -1, 105 19 104 -1, 106 21 20 -1, 106 20 105 -1, 107 22 21 -1, 107 21 106 -1, 108 23 22 -1, 108 22 107 -1, 109 24 23 -1, 109 23 108 -1, 110 25 24 -1, 110 26 25 -1, 110 24 109 -1, 111 26 110 -1, 112 27 26 -1, 112 26 111 -1, 113 28 27 -1, 113 27 112 -1, 114 29 28 -1, 114 28 113 -1, 115 30 29 -1, 115 29 114 -1, 116 31 30 -1, 116 30 115 -1, 117 32 31 -1, 117 31 116 -1, 118 32 117 -1, 118 33 32 -1, 119 33 118 -1, 119 34 33 -1, 120 34 119 -1, 120 35 34 -1, 121 35 120 -1, 121 36 35 -1, 122 36 121 -1, 122 37 36 -1, 123 37 122 -1, 123 38 37 -1, 124 38 123 -1, 124 39 38 -1, 125 39 124 -1, 125 40 39 -1, 126 40 125 -1, 126 41 40 -1, 127 41 126 -1, 127 42 41 -1, 128 42 127 -1, 128 43 42 -1, 129 44 43 -1, 129 43 128 -1, 130 44 129 -1, 130 45 44 -1, 131 46 45 -1, 131 45 130 -1, 132 47 46 -1, 132 46 131 -1, 133 48 47 -1, 133 49 48 -1, 133 47 132 -1, 134 49 133 -1, 135 50 49 -1, 135 49 134 -1, 136 51 50 -1, 136 50 135 -1, 137 52 51 -1, 137 51 136 -1, 138 53 52 -1, 138 52 137 -1, 139 54 53 -1, 139 55 54 -1, 139 53 138 -1, 140 55 139 -1, 141 56 55 -1, 141 57 56 -1, 141 55 140 -1, 142 57 141 -1, 143 57 142 -1, 143 58 57 -1, 144 58 143 -1, 144 59 58 -1, 144 60 59 -1, 145 60 144 -1, 146 60 145 -1, 146 61 60 -1, 146 62 61 -1, 147 62 146 -1, 147 63 62 -1, 148 63 147 -1, 149 63 148 -1, 149 64 63 -1, 149 65 64 -1, 150 65 149 -1, 151 65 150 -1, 151 66 65 -1, 151 67 66 -1, 152 67 151 -1, 153 67 152 -1, 153 68 67 -1, 154 68 153 -1, 154 69 68 -1, 154 70 69 -1, 155 70 154 -1, 155 71 70 -1, 156 71 155 -1, 157 71 156 -1, 157 72 71 -1, 157 73 72 -1, 158 73 157 -1, 159 73 158 -1, 159 74 73 -1, 159 75 74 -1, 160 75 159 -1, 161 75 160 -1, 161 76 75 -1, 161 77 76 -1, 162 77 161 -1, 163 77 162 -1, 163 78 77 -1, 164 79 78 -1, 164 80 79 -1, 164 78 163 -1, 165 80 164 -1, 166 81 80 -1, 166 80 165 -1, 167 82 81 -1, 167 83 82 -1, 167 81 166 -1, 168 83 167 -1, 169 84 83 -1, 169 83 168 -1, 86 84 169 -1, 86 85 84 -1, 242 240 239 -1, 242 241 240 -1, 244 243 242 -1, 199 201 200 -1, 246 245 244 -1, 193 195 194 -1, 193 196 195 -1, 252 247 246 -1, 252 248 247 -1, 252 249 248 -1, 252 250 249 -1, 252 251 250 -1, 253 252 246 -1, 189 191 190 -1, 174 172 171 -1, 174 173 172 -1, 175 174 171 -1, 185 187 186 -1, 185 188 187 -1, 185 189 188 -1, 183 185 184 -1, 181 171 170 -1, 181 176 175 -1, 181 177 176 -1, 181 185 183 -1, 181 178 177 -1, 181 179 178 -1, 181 180 179 -1, 181 183 182 -1, 181 192 191 -1, 181 193 192 -1, 181 197 196 -1, 181 198 197 -1, 181 199 198 -1, 181 202 201 -1, 181 203 202 -1, 181 204 203 -1, 181 205 204 -1, 181 206 205 -1, 181 207 206 -1, 181 208 207 -1, 181 209 208 -1, 181 210 209 -1, 181 211 210 -1, 181 212 211 -1, 181 213 212 -1, 181 214 213 -1, 181 215 214 -1, 181 216 215 -1, 181 217 216 -1, 181 218 217 -1, 181 219 218 -1, 181 220 219 -1, 181 221 220 -1, 181 222 221 -1, 181 223 222 -1, 181 224 223 -1, 181 253 246 -1, 181 225 224 -1, 181 226 225 -1, 181 227 226 -1, 181 228 227 -1, 181 191 189 -1, 181 229 228 -1, 181 230 229 -1, 181 231 230 -1, 181 232 231 -1, 181 233 232 -1, 181 234 233 -1, 181 235 234 -1, 181 242 239 -1, 181 236 235 -1, 181 237 236 -1, 181 238 237 -1, 181 239 238 -1, 181 244 242 -1, 181 201 199 -1, 181 246 244 -1, 181 170 253 -1, 181 175 171 -1, 181 189 185 -1, 181 196 193 -1, 326 323 324 -1, 326 324 325 -1, 328 326 327 -1, 283 284 285 -1, 330 328 329 -1, 277 278 279 -1, 277 279 280 -1, 336 330 331 -1, 336 331 332 -1, 336 332 333 -1, 336 333 334 -1, 336 334 335 -1, 337 330 336 -1, 273 274 275 -1, 258 255 256 -1, 258 256 257 -1, 259 255 258 -1, 269 270 271 -1, 269 271 272 -1, 269 272 273 -1, 267 268 269 -1, 265 254 255 -1, 265 259 260 -1, 265 260 261 -1, 265 267 269 -1, 265 261 262 -1, 265 262 263 -1, 265 263 264 -1, 265 266 267 -1, 265 275 276 -1, 265 276 277 -1, 265 280 281 -1, 265 281 282 -1, 265 282 283 -1, 265 285 286 -1, 265 286 287 -1, 265 287 288 -1, 265 288 289 -1, 265 289 290 -1, 265 290 291 -1, 265 291 292 -1, 265 292 293 -1, 265 293 294 -1, 265 294 295 -1, 265 295 296 -1, 265 296 297 -1, 265 297 298 -1, 265 298 299 -1, 265 299 300 -1, 265 300 301 -1, 265 301 302 -1, 265 302 303 -1, 265 303 304 -1, 265 304 305 -1, 265 305 306 -1, 265 306 307 -1, 265 307 308 -1, 265 330 337 -1, 265 308 309 -1, 265 309 310 -1, 265 310 311 -1, 265 311 312 -1, 265 273 275 -1, 265 312 313 -1, 265 313 314 -1, 265 314 315 -1, 265 315 316 -1, 265 316 317 -1, 265 317 318 -1, 265 318 319 -1, 265 323 326 -1, 265 319 320 -1, 265 320 321 -1, 265 321 322 -1, 265 322 323 -1, 265 326 328 -1, 265 283 285 -1, 265 328 330 -1, 265 337 254 -1, 265 255 259 -1, 265 269 273 -1, 265 277 280 -1 ] } }
Shape { appearance Appearance { material Material { diffuseColor 0.64 0.66 0.69 specularColor .4 .4 .4 shininess .5 } } geometry IndexedFaceSet { solid FALSE coord Coordinate { point [ -0.433071 4.842520 4.190713, -0.433071 7.401575 4.190713, -0.433357 7.401575 4.183063, -0.434214 7.401575 4.175457, -0.435637 7.401575 4.167935, -0.437619 7.401575 4.160541, -0.440147 7.401575 4.153316, -0.443208 7.401575 4.146300, -0.446785 7.401575 4.139532, -0.450857 7.401575 4.133050, -0.455403 7.401575 4.126891, -0.460396 7.401575 4.121089, -0.465809 7.401575 4.115676, -0.471611 7.401575 4.110683, -0.477770 7.401575 4.106137, -0.484252 7.401575 4.102065, -0.491020 7.401575 4.098488, -0.498036 7.401575 4.095427, -0.505261 7.401575 4.092898, -0.512655 7.401575 4.090917, -0.520177 7.401575 4.089494, -0.527784 7.401575 4.088637, -0.535433 7.401575 4.088351, -0.543083 7.401575 4.088637, -0.550689 7.401575 4.089494, -0.558211 7.401575 4.090917, -0.565605 7.401575 4.092898, -0.572830 7.401575 4.095427, -0.579846 7.401575 4.098488, -0.586614 7.401575 4.102065, -0.593096 7.401575 4.106137, -0.599255 7.401575 4.110683, -0.605057 7.401575 4.115676, -0.610470 7.401575 4.121089, -0.615463 7.401575 4.126891, -0.620009 7.401575 4.133050, -0.624081 7.401575 4.139532, -0.627658 7.401575 4.146300, -0.630719 7.401575 4.153316, -0.633248 7.401575 4.160541, -0.635229 7.401575 4.167935, -0.636652 7.401575 4.175457, -0.637509 7.401575 4.183063, -0.637795 7.401575 4.190713, -0.637509 7.401575 4.198362, -0.636652 7.401575 4.205969, -0.635229 7.401575 4.213491, -0.633248 7.401575 4.220885, -0.630719 7.401575 4.228110, -0.627658 7.401575 4.235126, -0.624081 7.401575 4.241894, -0.620009 7.401575 4.248376, -0.615463 7.401575 4.254535, -0.610470 7.401575 4.260337, -0.605057 7.401575 4.265750, -0.599255 7.401575 4.270743, -0.593096 7.401575 4.275289, -0.586614 7.401575 4.279361, -0.579846 7.401575 4.282938, -0.572830 7.401575 4.285999, -0.565605 7.401575 4.288527, -0.558211 7.401575 4.290509, -0.550689 7.401575 4.291932, -0.543083 7.401575 4.292789, -0.535433 7.401575 4.293075, -0.527784 7.401575 4.292789, -0.520177 7.401575 4.291932, -0.512655 7.401575 4.290509, -0.505261 7.401575 4.288527, -0.498036 7.401575 4.285999, -0.491020 7.401575 4.282938, -0.484252 7.401575 4.279361, -0.477770 7.401575 4.275289, -0.471611 7.401575 4.270743, -0.465809 7.401575 4.265750, -0.460396 7.401575 4.260337, -0.455403 7.401575 4.254535, -0.450857 7.401575 4.248376, -0.446785 7.401575 4.241894, -0.443208 7.401575 4.235126, -0.440147 7.401575 4.228110, -0.437619 7.401575 4.220885, -0.435637 7.401575 4.213491, -0.434214 7.401575 4.205969, -0.433357 7.401575 4.198362, -0.433071 7.401575 4.190713, -0.433071 4.842520 4.190713, -0.433357 4.842520 4.183063, -0.434214 4.842520 4.175457, -0.435637 4.842520 4.167935, -0.437619 4.842520 4.160541, -0.440147 4.842520 4.153316, -0.443208 4.842520 4.146300, -0.446785 4.842520 4.139532, -0.450857 4.842520 4.133050, -0.455403 4.842520 4.126891, -0.460396 4.842520 4.121089, -0.465809 4.842520 4.115676, -0.471611 4.842520 4.110683, -0.477770 4.842520 4.106137, -0.484252 4.842520 4.102065, -0.491020 4.842520 4.098488, -0.498036 4.842520 4.095427, -0.505261 4.842520 4.092898, -0.512655 4.842520 4.090917, -0.520177 4.842520 4.089494, -0.527784 4.842520 4.088637, -0.535433 4.842520 4.088351, -0.543083 4.842520 4.088637, -0.550689 4.842520 4.089494, -0.558211 4.842520 4.090917, -0.565605 4.842520 4.092898, -0.572830 4.842520 4.095427, -0.579846 4.842520 4.098488, -0.586614 4.842520 4.102065, -0.593096 4.842520 4.106137, -0.599255 4.842520 4.110683, -0.605057 4.842520 4.115676, -0.610470 4.842520 4.121089, -0.615463 4.842520 4.126891, -0.620009 4.842520 4.133050, -0.624081 4.842520 4.139532, -0.627658 4.842520 4.146300, -0.630719 4.842520 4.153316, -0.633248 4.842520 4.160541, -0.635229 4.842520 4.167935, -0.636652 4.842520 4.175457, -0.637509 4.842520 4.183063, -0.637795 4.842520 4.190713, -0.637509 4.842520 4.198362, -0.636652 4.842520 4.205969, -0.635229 4.842520 4.213491, -0.633248 4.842520 4.220885, -0.630719 4.842520 4.228110, -0.627658 4.842520 4.235126, -0.624081 4.842520 4.241894, -0.620009 4.842520 4.248376, -0.615463 4.842520 4.254535, -0.610470 4.842520 4.260337, -0.605057 4.842520 4.265750, -0.599255 4.842520 4.270743, -0.593096 4.842520 4.275289, -0.586614 4.842520 4.279361, -0.579846 4.842520 4.282938, -0.572830 4.842520 4.285999, -0.565605 4.842520 4.288527, -0.558211 4.842520 4.290509, -0.550689 4.842520 4.291932, -0.543083 4.842520 4.292789, -0.535433 4.842520 4.293075, -0.527784 4.842520 4.292789, -0.520177 4.842520 4.291932, -0.512655 4.842520 4.290509, -0.505261 4.842520 4.288527, -0.498036 4.842520 4.285999, -0.491020 4.842520 4.282938, -0.484252 4.842520 4.279361, -0.477770 4.842520 4.275289, -0.471611 4.842520 4.270743, -0.465809 4.842520 4.265750, -0.460396 4.842520 4.260337, -0.455403 4.842520 4.254535, -0.450857 4.842520 4.248376, -0.446785 4.842520 4.241894, -0.443208 4.842520 4.235126, -0.440147 4.842520 4.228110, -0.437619 4.842520 4.220885, -0.435637 4.842520 4.213491, -0.434214 4.842520 4.205969, -0.433357 4.842520 4.198362, -0.433071 4.842520 4.190713, -0.433357 4.842520 4.183063, -0.434214 4.842520 4.175457, -0.435637 4.842520 4.167935, -0.437619 4.842520 4.160541, -0.440147 4.842520 4.153316, -0.443208 4.842520 4.146300, -0.446785 4.842520 4.139532, -0.450857 4.842520 4.133050, -0.455403 4.842520 4.126891, -0.460396 4.842520 4.121089, -0.465809 4.842520 4.115676, -0.471611 4.842520 4.110683, -0.477770 4.842520 4.106137, -0.484252 4.842520 4.102065, -0.491020 4.842520 4.098488, -0.498036 4.842520 4.095427, -0.505261 4.842520 4.092898, -0.512655 4.842520 4.090917, -0.520177 4.842520 4.089494, -0.527784 4.842520 4.088637, -0.535433 4.842520 4.088351, -0.543083 4.842520 4.088637, -0.550689 4.842520 4.089494, -0.558211 4.842520 4.090917, -0.565605 4.842520 4.092898, -0.572830 4.842520 4.095427, -0.579846 4.842520 4.098488, -0.586614 4.842520 4.102065, -0.593096 4.842520 4.106137, -0.599255 4.842520 4.110683, -0.605057 4.842520 4.115676, -0.610470 4.842520 4.121089, -0.615463 4.842520 4.126891, -0.620009 4.842520 4.133050, -0.624081 4.842520 4.139532, -0.627658 4.842520 4.146300, -0.630719 4.842520 4.153316, -0.633248 4.842520 4.160541, -0.635229 4.842520 4.167935, -0.636652 4.842520 4.175457, -0.637509 4.842520 4.183063, -0.637795 4.842520 4.190713, -0.637509 4.842520 4.198362, -0.636652 4.842520 4.205969, -0.635229 4.842520 4.213491, -0.633248 4.842520 4.220885, -0.630719 4.842520 4.228110, -0.627658 4.842520 4.235126, -0.624081 4.842520 4.241894, -0.620009 4.842520 4.248376, -0.615463 4.842520 4.254535, -0.610470 4.842520 4.260337, -0.605057 4.842520 4.265750, -0.599255 4.842520 4.270743, -0.593096 4.842520 4.275289, -0.586614 4.842520 4.279361, -0.579846 4.842520 4.282938, -0.572830 4.842520 4.285999, -0.565605 4.842520 4.288527, -0.558211 4.842520 4.290509, -0.550689 4.842520 4.291932, -0.543083 4.842520 4.292789, -0.535433 4.842520 4.293075, -0.527784 4.842520 4.292789, -0.520177 4.842520 4.291932, -0.512655 4.842520 4.290509, -0.505261 4.842520 4.288527, -0.498036 4.842520 4.285999, -0.491020 4.842520 4.282938, -0.484252 4.842520 4.279361, -0.477770 4.842520 4.275289, -0.471611 4.842520 4.270743, -0.465809 4.842520 4.265750, -0.460396 4.842520 4.260337, -0.455403 4.842520 4.254535, -0.450857 4.842520 4.248376, -0.446785 4.842520 4.241894, -0.443208 4.842520 4.235126, -0.440147 4.842520 4.228110, -0.437619 4.842520 4.220885, -0.435637 4.842520 4.213491, -0.434214 4.842520 4.205969, -0.433357 4.842520 4.198362, -0.433071 7.401575 4.190713, -0.433357 7.401575 4.183063, -0.434214 7.401575 4.175457, -0.435637 7.401575 4.167935, -0.437619 7.401575 4.160541, -0.440147 7.401575 4.153316, -0.443208 7.401575 4.146300, -0.446785 7.401575 4.139532, -0.450857 7.401575 4.133050, -0.455403 7.401575 4.126891, -0.460396 7.401575 4.121089, -0.465809 7.401575 4.115676, -0.471611 7.401575 4.110683, -0.477770 7.401575 4.106137, -0.484252 7.401575 4.102065, -0.491020 7.401575 4.098488, -0.498036 7.401575 4.095427, -0.505261 7.401575 4.092898, -0.512655 7.401575 4.090917, -0.520177 7.401575 4.089494, -0.527784 7.401575 4.088637, -0.535433 7.401575 4.088351, -0.543083 7.401575 4.088637, -0.550689 7.401575 4.089494, -0.558211 7.401575 4.090917, -0.565605 7.401575 4.092898, -0.572830 7.401575 4.095427, -0.579846 7.401575 4.098488, -0.586614 7.401575 4.102065, -0.593096 7.401575 4.106137, -0.599255 7.401575 4.110683, -0.605057 7.401575 4.115676, -0.610470 7.401575 4.121089, -0.615463 7.401575 4.126891, -0.620009 7.401575 4.133050, -0.624081 7.401575 4.139532, -0.627658 7.401575 4.146300, -0.630719 7.401575 4.153316, -0.633248 7.401575 4.160541, -0.635229 7.401575 4.167935, -0.636652 7.401575 4.175457, -0.637509 7.401575 4.183063, -0.637795 7.401575 4.190713, -0.637509 7.401575 4.198362, -0.636652 7.401575 4.205969, -0.635229 7.401575 4.213491, -0.633248 7.401575 4.220885, -0.630719 7.401575 4.228110, -0.627658 7.401575 4.235126, -0.624081 7.401575 4.241894, -0.620009 7.401575 4.248376, -0.615463 7.401575 4.254535, -0.610470 7.401575 4.260337, -0.605057 7.401575 4.265750, -0.599255 7.401575 4.270743, -0.593096 7.401575 4.275289, -0.586614 7.401575 4.279361, -0.579846 7.401575 4.282938, -0.572830 7.401575 4.285999, -0.565605 7.401575 4.288527, -0.558211 7.401575 4.290509, -0.550689 7.401575 4.291932, -0.543083 7.401575 4.292789, -0.535433 7.401575 4.293075, -0.527784 7.401575 4.292789, -0.520177 7.401575 4.291932, -0.512655 7.401575 4.290509, -0.505261 7.401575 4.288527, -0.498036 7.401575 4.285999, -0.491020 7.401575 4.282938, -0.484252 7.401575 4.279361, -0.477770 7.401575 4.275289, -0.471611 7.401575 4.270743, -0.465809 7.401575 4.265750, -0.460396 7.401575 4.260337, -0.455403 7.401575 4.254535, -0.450857 7.401575 4.248376, -0.446785 7.401575 4.241894, -0.443208 7.401575 4.235126, -0.440147 7.401575 4.228110, -0.437619 7.401575 4.220885, -0.435637 7.401575 4.213491, -0.434214 7.401575 4.205969, -0.433357 7.401575 4.198362 ] } coordIndex [ 87 1 0 -1, 87 2 1 -1, 88 3 2 -1, 88 2 87 -1, 89 4 3 -1, 89 3 88 -1, 90 5 4 -1, 90 4 89 -1, 91 6 5 -1, 91 7 6 -1, 91 5 90 -1, 92 7 91 -1, 93 8 7 -1, 93 7 92 -1, 94 8 93 -1, 94 9 8 -1, 95 10 9 -1, 95 9 94 -1, 96 11 10 -1, 96 10 95 -1, 97 12 11 -1, 97 11 96 -1, 98 13 12 -1, 98 14 13 -1, 98 12 97 -1, 99 14 98 -1, 100 15 14 -1, 100 14 99 -1, 101 16 15 -1, 101 17 16 -1, 101 15 100 -1, 102 17 101 -1, 103 18 17 -1, 103 17 102 -1, 104 19 18 -1, 104 18 103 -1, 105 20 19 -1, 105 19 104 -1, 106 21 20 -1, 106 20 105 -1, 107 22 21 -1, 107 21 106 -1, 108 23 22 -1, 108 22 107 -1, 109 24 23 -1, 109 23 108 -1, 110 25 24 -1, 110 26 25 -1, 110 24 109 -1, 111 26 110 -1, 112 27 26 -1, 112 26 111 -1, 113 28 27 -1, 113 27 112 -1, 114 29 28 -1, 114 28 113 -1, 115 30 29 -1, 115 29 114 -1, 116 31 30 -1, 116 30 115 -1, 117 32 31 -1, 117 31 116 -1, 118 32 117 -1, 118 33 32 -1, 119 33 118 -1, 119 34 33 -1, 120 34 119 -1, 120 35 34 -1, 121 35 120 -1, 121 36 35 -1, 122 36 121 -1, 122 37 36 -1, 123 37 122 -1, 123 38 37 -1, 124 38 123 -1, 124 39 38 -1, 125 39 124 -1, 125 40 39 -1, 126 40 125 -1, 126 41 40 -1, 127 41 126 -1, 127 42 41 -1, 128 42 127 -1, 128 43 42 -1, 129 44 43 -1, 129 43 128 -1, 130 44 129 -1, 130 45 44 -1, 131 46 45 -1, 131 45 130 -1, 132 47 46 -1, 132 46 131 -1, 133 48 47 -1, 133 49 48 -1, 133 47 132 -1, 134 49 133 -1, 135 50 49 -1, 135 49 134 -1, 136 51 50 -1, 136 50 135 -1, 137 52 51 -1, 137 51 136 -1, 138 53 52 -1, 138 52 137 -1, 139 54 53 -1, 139 55 54 -1, 139 53 138 -1, 140 55 139 -1, 141 56 55 -1, 141 57 56 -1, 141 55 140 -1, 142 57 141 -1, 143 57 142 -1, 143 58 57 -1, 144 58 143 -1, 144 59 58 -1, 144 60 59 -1, 145 60 144 -1, 146 60 145 -1, 146 61 60 -1, 146 62 61 -1, 147 62 146 -1, 147 63 62 -1, 148 63 147 -1, 149 63 148 -1, 149 64 63 -1, 149 65 64 -1, 150 65 149 -1, 151 65 150 -1, 151 66 65 -1, 151 67 66 -1, 152 67 151 -1, 153 67 152 -1, 153 68 67 -1, 154 68 153 -1, 154 69 68 -1, 154 70 69 -1, 155 70 154 -1, 155 71 70 -1, 156 71 155 -1, 157 71 156 -1, 157 72 71 -1, 157 73 72 -1, 158 73 157 -1, 159 73 158 -1, 159 74 73 -1, 159 75 74 -1, 160 75 159 -1, 161 75 160 -1, 161 76 75 -1, 161 77 76 -1, 162 77 161 -1, 163 77 162 -1, 163 78 77 -1, 164 79 78 -1, 164 80 79 -1, 164 78 163 -1, 165 80 164 -1, 166 81 80 -1, 166 80 165 -1, 167 82 81 -1, 167 83 82 -1, 167 81 166 -1, 168 83 167 -1, 169 84 83 -1, 169 83 168 -1, 86 84 169 -1, 86 85 84 -1, 238 237 236 -1, 243 242 241 -1, 244 243 241 -1, 199 201 200 -1, 199 202 201 -1, 246 245 244 -1, 174 173 172 -1, 186 188 187 -1, 186 189 188 -1, 175 172 171 -1, 175 174 172 -1, 183 185 184 -1, 180 178 177 -1, 180 179 178 -1, 181 171 170 -1, 181 176 175 -1, 181 185 183 -1, 181 189 186 -1, 181 177 176 -1, 181 183 182 -1, 181 186 185 -1, 181 175 171 -1, 181 190 189 -1, 181 191 190 -1, 181 192 191 -1, 181 193 192 -1, 181 194 193 -1, 181 195 194 -1, 181 196 195 -1, 181 197 196 -1, 181 198 197 -1, 181 199 198 -1, 181 203 202 -1, 181 204 203 -1, 181 205 204 -1, 181 206 205 -1, 181 207 206 -1, 181 208 207 -1, 181 209 208 -1, 181 210 209 -1, 181 211 210 -1, 181 212 211 -1, 181 213 212 -1, 181 214 213 -1, 181 215 214 -1, 181 216 215 -1, 181 202 199 -1, 181 217 216 -1, 181 218 217 -1, 181 219 218 -1, 181 180 177 -1, 181 220 219 -1, 181 238 236 -1, 181 221 220 -1, 181 222 221 -1, 181 223 222 -1, 181 224 223 -1, 181 225 224 -1, 181 226 225 -1, 181 227 226 -1, 181 228 227 -1, 181 229 228 -1, 181 230 229 -1, 181 231 230 -1, 181 232 231 -1, 181 233 232 -1, 181 234 233 -1, 181 235 234 -1, 181 236 235 -1, 181 239 238 -1, 181 240 239 -1, 181 241 240 -1, 181 244 241 -1, 181 247 246 -1, 181 248 247 -1, 181 249 248 -1, 181 250 249 -1, 181 251 250 -1, 181 252 251 -1, 181 246 244 -1, 181 253 252 -1, 181 170 253 -1, 322 320 321 -1, 327 325 326 -1, 328 325 327 -1, 283 284 285 -1, 283 285 286 -1, 330 328 329 -1, 258 256 257 -1, 270 271 272 -1, 270 272 273 -1, 259 255 256 -1, 259 256 258 -1, 267 268 269 -1, 264 261 262 -1, 264 262 263 -1, 265 254 255 -1, 265 259 260 -1, 265 267 269 -1, 265 270 273 -1, 265 260 261 -1, 265 266 267 -1, 265 269 270 -1, 265 255 259 -1, 265 273 274 -1, 265 274 275 -1, 265 275 276 -1, 265 276 277 -1, 265 277 278 -1, 265 278 279 -1, 265 279 280 -1, 265 280 281 -1, 265 281 282 -1, 265 282 283 -1, 265 286 287 -1, 265 287 288 -1, 265 288 289 -1, 265 289 290 -1, 265 290 291 -1, 265 291 292 -1, 265 292 293 -1, 265 293 294 -1, 265 294 295 -1, 265 295 296 -1, 265 296 297 -1, 265 297 298 -1, 265 298 299 -1, 265 299 300 -1, 265 283 286 -1, 265 300 301 -1, 265 301 302 -1, 265 302 303 -1, 265 261 264 -1, 265 303 304 -1, 265 320 322 -1, 265 304 305 -1, 265 305 306 -1, 265 306 307 -1, 265 307 308 -1, 265 308 309 -1, 265 309 310 -1, 265 310 311 -1, 265 311 312 -1, 265 312 313 -1, 265 313 314 -1, 265 314 315 -1, 265 315 316 -1, 265 316 317 -1, 265 317 318 -1, 265 318 319 -1, 265 319 320 -1, 265 322 323 -1, 265 323 324 -1, 265 324 325 -1, 265 325 328 -1, 265 330 331 -1, 265 331 332 -1, 265 332 333 -1, 265 333 334 -1, 265 334 335 -1, 265 335 336 -1, 265 328 330 -1, 265 336 337 -1, 265 337 254 -1 ] } }
Shape { appearance Appearance { material Material { diffuseColor 0.64 0.66 0.69 specularColor .4 .4 .4 shininess .5 } } geometry IndexedFaceSet { solid FALSE coord Coordinate { point [ -0.083592 4.842520 4.063513, -0.083878 4.842520 4.055863, -0.084735 4.842520 4.048257, -0.086158 4.842520 4.040735, -0.088139 4.842520 4.033341, -0.090668 4.842520 4.026116, -0.093729 4.842520 4.019100, -0.097306 4.842520 4.012332, -0.101378 4.842520 4.005850, -0.105924 4.842520 3.999691, -0.110917 4.842520 3.993889, -0.116330 4.842520 3.988476, -0.122132 4.842520 3.983483, -0.128291 4.842520 3.978937, -0.134773 4.842520 3.974865, -0.141541 4.842520 3.971288, -0.148557 4.842520 3.968227, -0.155782 4.842520 3.965698, -0.163176 4.842520 3.963717, -0.170698 4.842520 3.962294, -0.178304 4.842520 3.961437, -0.185954 4.842520 3.961151, -0.193603 4.842520 3.961437, -0.201210 4.842520 3.962294, -0.208732 4.842520 3.963717, -0.216126 4.842520 3.965698, -0.223351 4.842520 3.968227, -0.230367 4.842520 3.971288, -0.237135 4.842520 3.974865, -0.243617 4.842520 3.978937, -0.249776 4.842520 3.983483, -0.255578 4.842520 3.988476, -0.260991 4.842520 3.993889, -0.265984 4.842520 3.999691, -0.270530 4.842520 4.005850, -0.274602 4.842520 4.012332, -0.278179 4.842520 4.019100, -0.281240 4.842520 4.026116, -0.283768 4.842520 4.033341, -0.285750 4.842520 4.040735, -0.287173 4.842520 4.048257, -0.288030 4.842520 4.055863, -0.288316 4.842520 4.063513, -0.288030 4.842520 4.071162, -0.287173 4.842520 4.078769, -0.285750 4.842520 4.086291, -0.283768 4.842520 4.093685, -0.281240 4.842520 4.100910, -0.278179 4.842520 4.107926, -0.274602 4.842520 4.114694, -0.270530 4.842520 4.121176, -0.265984 4.842520 4.127335, -0.260991 4.842520 4.133137, -0.255578 4.842520 4.138550, -0.249776 4.842520 4.143543, -0.243617 4.842520 4.148089, -0.237135 4.842520 4.152161, -0.230367 4.842520 4.155738, -0.223351 4.842520 4.158799, -0.216126 4.842520 4.161327, -0.208732 4.842520 4.163309, -0.201210 4.842520 4.164732, -0.193603 4.842520 4.165589, -0.185954 4.842520 4.165875, -0.178304 4.842520 4.165589, -0.170698 4.842520 4.164732, -0.163176 4.842520 4.163309, -0.155782 4.842520 4.161327, -0.148557 4.842520 4.158799, -0.141541 4.842520 4.155738, -0.134773 4.842520 4.152161, -0.128291 4.842520 4.148089, -0.122132 4.842520 4.143543, -0.116330 4.842520 4.138550, -0.110917 4.842520 4.133137, -0.105924 4.842520 4.127335, -0.101378 4.842520 4.121176, -0.097306 4.842520 4.114694, -0.093729 4.842520 4.107926, -0.090668 4.842520 4.100910, -0.088139 4.842520 4.093685, -0.086158 4.842520 4.086291, -0.084735 4.842520 4.078769, -0.083878 4.842520 4.071162, -0.083592 4.842520 4.063513, -0.083592 6.417323 4.063513, -0.196850 6.417323 3.961732, -0.189405 6.417323 3.961209, -0.181941 6.417323 3.961229, -0.174499 6.417323 3.961794, -0.167117 6.417323 3.962899, -0.159835 6.417323 3.964539, -0.152693 6.417323 3.966705, -0.145727 6.417323 3.969386, -0.138975 6.417323 3.972568, -0.132473 6.417323 3.976233, -0.126255 6.417323 3.980362, -0.120355 6.417323 3.984933, -0.114803 6.417323 3.989922, -0.109630 6.417323 3.995302, -0.104863 6.417323 4.001045, -0.100526 6.417323 4.007120, -0.096644 6.417323 4.013495, -0.093237 6.417323 4.020136, -0.090323 6.417323 4.027007, -0.087917 6.417323 4.034073, -0.086032 6.417323 4.041295, -0.084679 6.417323 4.048635, -0.083864 6.417323 4.056054, -0.196850 7.401575 3.961732, -0.204266 7.401575 3.962802, -0.211583 7.401575 3.964411, -0.218763 7.401575 3.966551, -0.225767 7.401575 3.969210, -0.232558 7.401575 3.972375, -0.239099 7.401575 3.976028, -0.245355 7.401575 3.980149, -0.251293 7.401575 3.984717, -0.256882 7.401575 3.989707, -0.262090 7.401575 3.995093, -0.266890 7.401575 4.000845, -0.271257 7.401575 4.006932, -0.275167 7.401575 4.013323, -0.278599 7.401575 4.019983, -0.281535 7.401575 4.026876, -0.283959 7.401575 4.033965, -0.285857 7.401575 4.041212, -0.287221 7.401575 4.048579, -0.288042 7.401575 4.056026, -0.288316 7.401575 4.063513, -0.288042 7.401575 4.071000, -0.287221 7.401575 4.078447, -0.285857 7.401575 4.085814, -0.283959 7.401575 4.093061, -0.281535 7.401575 4.100150, -0.278599 7.401575 4.107043, -0.275167 7.401575 4.113703, -0.271257 7.401575 4.120093, -0.266890 7.401575 4.126181, -0.262090 7.401575 4.131933, -0.256882 7.401575 4.137319, -0.251293 7.401575 4.142309, -0.245355 7.401575 4.146877, -0.239099 7.401575 4.150998, -0.232558 7.401575 4.154651, -0.225767 7.401575 4.157815, -0.218763 7.401575 4.160475, -0.211583 7.401575 4.162615, -0.204266 7.401575 4.164224, -0.196850 7.401575 4.165294, -0.196850 6.417323 4.165294, -0.083592 6.417323 4.063513, -0.083864 6.417323 4.070972, -0.084679 6.417323 4.078391, -0.086032 6.417323 4.085731, -0.087917 6.417323 4.092953, -0.090323 6.417323 4.100019, -0.093237 6.417323 4.106890, -0.096644 6.417323 4.113531, -0.100526 6.417323 4.119906, -0.104863 6.417323 4.125981, -0.109630 6.417323 4.131724, -0.114803 6.417323 4.137104, -0.120355 6.417323 4.142093, -0.126255 6.417323 4.146664, -0.132473 6.417323 4.150793, -0.138975 6.417323 4.154458, -0.145727 6.417323 4.157640, -0.152693 6.417323 4.160321, -0.159835 6.417323 4.162487, -0.167117 6.417323 4.164127, -0.174499 6.417323 4.165232, -0.181941 6.417323 4.165796, -0.189405 6.417323 4.165817, -0.083592 4.842520 4.063513, -0.083878 4.842520 4.055863, -0.084735 4.842520 4.048257, -0.086158 4.842520 4.040735, -0.088139 4.842520 4.033341, -0.090668 4.842520 4.026116, -0.093729 4.842520 4.019100, -0.097306 4.842520 4.012332, -0.101378 4.842520 4.005850, -0.105924 4.842520 3.999691, -0.110917 4.842520 3.993889, -0.116330 4.842520 3.988476, -0.122132 4.842520 3.983483, -0.128291 4.842520 3.978937, -0.134773 4.842520 3.974865, -0.141541 4.842520 3.971288, -0.148557 4.842520 3.968227, -0.155782 4.842520 3.965698, -0.163176 4.842520 3.963717, -0.170698 4.842520 3.962294, -0.178304 4.842520 3.961437, -0.185954 4.842520 3.961151, -0.193603 4.842520 3.961437, -0.201210 4.842520 3.962294, -0.208732 4.842520 3.963717, -0.216126 4.842520 3.965698, -0.223351 4.842520 3.968227, -0.230367 4.842520 3.971288, -0.237135 4.842520 3.974865, -0.243617 4.842520 3.978937, -0.249776 4.842520 3.983483, -0.255578 4.842520 3.988476, -0.260991 4.842520 3.993889, -0.265984 4.842520 3.999691, -0.270530 4.842520 4.005850, -0.274602 4.842520 4.012332, -0.278179 4.842520 4.019100, -0.281240 4.842520 4.026116, -0.283768 4.842520 4.033341, -0.285750 4.842520 4.040735, -0.287173 4.842520 4.048257, -0.288030 4.842520 4.055863, -0.288316 4.842520 4.063513, -0.288030 4.842520 4.071162, -0.287173 4.842520 4.078769, -0.285750 4.842520 4.086291, -0.283768 4.842520 4.093685, -0.281240 4.842520 4.100910, -0.278179 4.842520 4.107926, -0.274602 4.842520 4.114694, -0.270530 4.842520 4.121176, -0.265984 4.842520 4.127335, -0.260991 4.842520 4.133137, -0.255578 4.842520 4.138550, -0.249776 4.842520 4.143543, -0.243617 4.842520 4.148089, -0.237135 4.842520 4.152161, -0.230367 4.842520 4.155738, -0.223351 4.842520 4.158799, -0.216126 4.842520 4.161327, -0.208732 4.842520 4.163309, -0.201210 4.842520 4.164732, -0.193603 4.842520 4.165589, -0.185954 4.842520 4.165875, -0.178304 4.842520 4.165589, -0.170698 4.842520 4.164732, -0.163176 4.842520 4.163309, -0.155782 4.842520 4.161327, -0.148557 4.842520 4.158799, -0.141541 4.842520 4.155738, -0.134773 4.842520 4.152161, -0.128291 4.842520 4.148089, -0.122132 4.842520 4.143543, -0.116330 4.842520 4.138550, -0.110917 4.842520 4.133137, -0.105924 4.842520 4.127335, -0.101378 4.842520 4.121176, -0.097306 4.842520 4.114694, -0.093729 4.842520 4.107926, -0.090668 4.842520 4.100910, -0.088139 4.842520 4.093685, -0.086158 4.842520 4.086291, -0.084735 4.842520 4.078769, -0.083878 4.842520 4.071162, -0.196850 6.417323 3.961732, -0.189405 6.417323 3.961209, -0.181941 6.417323 3.961229, -0.174499 6.417323 3.961794, -0.167117 6.417323 3.962899, -0.159835 6.417323 3.964539, -0.152693 6.417323 3.966705, -0.145727 6.417323 3.969386, -0.138975 6.417323 3.972568, -0.132473 6.417323 3.976233, -0.126255 6.417323 3.980362, -0.120355 6.417323 3.984933, -0.114803 6.417323 3.989922, -0.109630 6.417323 3.995302, -0.104863 6.417323 4.001045, -0.100526 6.417323 4.007120, -0.096644 6.417323 4.013495, -0.093237 6.417323 4.020136, -0.090323 6.417323 4.027007, -0.087917 6.417323 4.034073, -0.086032 6.417323 4.041295, -0.084679 6.417323 4.048635, -0.083864 6.417323 4.056054, -0.083592 6.417323 4.063513, -0.196850 6.417323 4.165294, -0.083864 6.417323 4.070972, -0.084679 6.417323 4.078391, -0.086032 6.417323 4.085731, -0.087917 6.417323 4.092953, -0.090323 6.417323 4.100019, -0.093237 6.417323 4.106890, -0.096644 6.417323 4.113531, -0.100526 6.417323 4.119906, -0.104863 6.417323 4.125981, -0.109630 6.417323 4.131724, -0.114803 6.417323 4.137104, -0.120355 6.417323 4.142093, -0.126255 6.417323 4.146664, -0.132473 6.417323 4.150793, -0.138975 6.417323 4.154458, -0.145727 6.417323 4.157640, -0.152693 6.417323 4.160321, -0.159835 6.417323 4.162487, -0.167117 6.417323 4.164127, -0.174499 6.417323 4.165232, -0.181941 6.417323 4.165796, -0.189405 6.417323 4.165817, -0.196850 6.417323 3.961732, -0.196850 6.417323 4.165294, -0.196850 7.401575 3.961732, -0.196850 7.401575 4.165294, -0.196850 7.401575 4.165294, -0.196850 7.401575 3.961732, -0.204266 7.401575 3.962802, -0.211583 7.401575 3.964411, -0.218763 7.401575 3.966551, -0.225767 7.401575 3.969210, -0.232558 7.401575 3.972375, -0.239099 7.401575 3.976028, -0.245355 7.401575 3.980149, -0.251293 7.401575 3.984717, -0.256882 7.401575 3.989707, -0.262090 7.401575 3.995093, -0.266890 7.401575 4.000845, -0.271257 7.401575 4.006932, -0.275167 7.401575 4.013323, -0.278599 7.401575 4.019983, -0.281535 7.401575 4.026876, -0.283959 7.401575 4.033965, -0.285857 7.401575 4.041212, -0.287221 7.401575 4.048579, -0.288042 7.401575 4.056026, -0.288316 7.401575 4.063513, -0.288042 7.401575 4.071000, -0.287221 7.401575 4.078447, -0.285857 7.401575 4.085814, -0.283959 7.401575 4.093061, -0.281535 7.401575 4.100150, -0.278599 7.401575 4.107043, -0.275167 7.401575 4.113703, -0.271257 7.401575 4.120093, -0.266890 7.401575 4.126181, -0.262090 7.401575 4.131933, -0.256882 7.401575 4.137319, -0.251293 7.401575 4.142309, -0.245355 7.401575 4.146877, -0.239099 7.401575 4.150998, -0.232558 7.401575 4.154651, -0.225767 7.401575 4.157815, -0.218763 7.401575 4.160475, -0.211583 7.401575 4.162615, -0.204266 7.401575 4.164224 ] } coordIndex [ 0 108 85 -1, 1 107 108 -1, 1 108 0 -1, 2 106 107 -1, 2 107 1 -1, 3 105 106 -1, 3 106 2 -1, 4 104 105 -1, 4 105 3 -1, 5 103 104 -1, 5 104 4 -1, 6 102 103 -1, 6 103 5 -1, 7 101 102 -1, 7 102 6 -1, 8 101 7 -1, 8 100 101 -1, 9 100 8 -1, 9 99 100 -1, 10 99 9 -1, 10 98 99 -1, 11 98 10 -1, 11 97 98 -1, 12 97 11 -1, 12 96 97 -1, 13 96 12 -1, 13 95 96 -1, 14 95 13 -1, 14 94 95 -1, 15 94 14 -1, 15 93 94 -1, 16 93 15 -1, 16 92 93 -1, 17 92 16 -1, 17 91 92 -1, 18 91 17 -1, 18 90 91 -1, 19 90 18 -1, 19 89 90 -1, 20 89 19 -1, 20 88 89 -1, 21 88 20 -1, 21 87 88 -1, 110 109 86 -1, 22 87 21 -1, 22 86 87 -1, 23 110 86 -1, 23 86 22 -1, 24 111 110 -1, 24 110 23 -1, 25 112 111 -1, 25 111 24 -1, 26 113 112 -1, 26 112 25 -1, 27 114 113 -1, 27 113 26 -1, 28 115 114 -1, 28 114 27 -1, 29 116 115 -1, 29 115 28 -1, 30 117 116 -1, 30 116 29 -1, 31 117 30 -1, 31 118 117 -1, 32 118 31 -1, 32 119 118 -1, 33 119 32 -1, 33 120 119 -1, 34 120 33 -1, 34 121 120 -1, 35 122 121 -1, 35 121 34 -1, 36 123 122 -1, 36 122 35 -1, 37 123 36 -1, 37 124 123 -1, 38 125 124 -1, 38 124 37 -1, 39 126 125 -1, 39 125 38 -1, 40 127 126 -1, 40 126 39 -1, 41 128 127 -1, 41 127 40 -1, 42 129 128 -1, 42 130 129 -1, 42 128 41 -1, 43 131 130 -1, 43 130 42 -1, 44 132 131 -1, 44 131 43 -1, 45 133 132 -1, 45 132 44 -1, 46 134 133 -1, 46 133 45 -1, 47 135 134 -1, 47 134 46 -1, 48 136 135 -1, 48 135 47 -1, 49 137 136 -1, 49 136 48 -1, 50 138 137 -1, 50 137 49 -1, 51 139 138 -1, 51 138 50 -1, 52 140 139 -1, 52 139 51 -1, 53 141 140 -1, 53 140 52 -1, 54 142 141 -1, 54 141 53 -1, 55 143 142 -1, 55 142 54 -1, 56 143 55 -1, 56 144 143 -1, 57 144 56 -1, 57 145 144 -1, 58 145 57 -1, 58 146 145 -1, 59 146 58 -1, 59 147 146 -1, 60 147 59 -1, 60 148 147 -1, 150 149 148 -1, 61 148 60 -1, 61 150 148 -1, 62 150 61 -1, 62 173 150 -1, 63 173 62 -1, 63 172 173 -1, 64 172 63 -1, 64 171 172 -1, 65 171 64 -1, 65 170 171 -1, 66 170 65 -1, 66 169 170 -1, 67 169 66 -1, 67 168 169 -1, 68 168 67 -1, 68 167 168 -1, 69 167 68 -1, 69 166 167 -1, 70 166 69 -1, 70 165 166 -1, 71 164 165 -1, 71 165 70 -1, 72 163 164 -1, 72 164 71 -1, 73 162 163 -1, 73 163 72 -1, 74 161 162 -1, 74 162 73 -1, 75 160 161 -1, 75 161 74 -1, 76 159 160 -1, 76 160 75 -1, 77 158 159 -1, 77 159 76 -1, 78 157 158 -1, 78 158 77 -1, 79 156 157 -1, 79 157 78 -1, 80 156 79 -1, 80 155 156 -1, 81 155 80 -1, 81 154 155 -1, 82 154 81 -1, 82 153 154 -1, 83 153 82 -1, 83 152 153 -1, 84 152 83 -1, 84 151 152 -1, 242 241 240 -1, 247 246 245 -1, 248 247 245 -1, 203 205 204 -1, 203 206 205 -1, 250 249 248 -1, 178 177 176 -1, 190 192 191 -1, 190 193 192 -1, 179 176 175 -1, 179 178 176 -1, 187 189 188 -1, 184 182 181 -1, 184 183 182 -1, 185 175 174 -1, 185 180 179 -1, 185 189 187 -1, 185 193 190 -1, 185 181 180 -1, 185 187 186 -1, 185 190 189 -1, 185 179 175 -1, 185 194 193 -1, 185 195 194 -1, 185 196 195 -1, 185 197 196 -1, 185 198 197 -1, 185 199 198 -1, 185 200 199 -1, 185 201 200 -1, 185 202 201 -1, 185 203 202 -1, 185 207 206 -1, 185 208 207 -1, 185 209 208 -1, 185 210 209 -1, 185 211 210 -1, 185 212 211 -1, 185 213 212 -1, 185 214 213 -1, 185 215 214 -1, 185 216 215 -1, 185 217 216 -1, 185 218 217 -1, 185 219 218 -1, 185 220 219 -1, 185 206 203 -1, 185 221 220 -1, 185 222 221 -1, 185 223 222 -1, 185 184 181 -1, 185 224 223 -1, 185 242 240 -1, 185 225 224 -1, 185 226 225 -1, 185 227 226 -1, 185 228 227 -1, 185 229 228 -1, 185 230 229 -1, 185 231 230 -1, 185 232 231 -1, 185 233 232 -1, 185 234 233 -1, 185 235 234 -1, 185 236 235 -1, 185 237 236 -1, 185 238 237 -1, 185 239 238 -1, 185 240 239 -1, 185 243 242 -1, 185 244 243 -1, 185 245 244 -1, 185 248 245 -1, 185 251 250 -1, 185 252 251 -1, 185 253 252 -1, 185 254 253 -1, 185 255 254 -1, 185 256 255 -1, 185 250 248 -1, 185 257 256 -1, 185 174 257 -1, 260 259 258 -1, 261 260 258 -1, 262 261 258 -1, 263 262 258 -1, 264 263 258 -1, 265 264 258 -1, 266 265 258 -1, 267 266 258 -1, 268 267 258 -1, 269 268 258 -1, 270 269 258 -1, 271 270 258 -1, 272 271 258 -1, 273 272 258 -1, 275 274 273 -1, 275 273 258 -1, 277 276 275 -1, 277 275 258 -1, 280 278 277 -1, 280 279 278 -1, 280 277 258 -1, 283 281 280 -1, 283 280 258 -1, 287 284 283 -1, 287 285 284 -1, 287 286 285 -1, 287 283 258 -1, 298 258 282 -1, 298 300 299 -1, 298 301 300 -1, 298 302 301 -1, 298 303 302 -1, 298 304 303 -1, 298 282 304 -1, 291 287 258 -1, 291 288 287 -1, 291 289 288 -1, 291 290 289 -1, 293 258 298 -1, 293 291 258 -1, 293 292 291 -1, 293 295 294 -1, 293 296 295 -1, 293 297 296 -1, 293 298 297 -1, 306 305 307 -1, 306 307 308 -1, 309 340 341 -1, 309 341 342 -1, 309 342 343 -1, 309 343 344 -1, 309 344 345 -1, 309 345 346 -1, 309 346 347 -1, 309 347 348 -1, 309 348 349 -1, 314 315 316 -1, 314 316 317 -1, 310 311 312 -1, 310 312 313 -1, 310 313 314 -1, 310 317 318 -1, 310 318 319 -1, 310 319 320 -1, 310 320 321 -1, 310 321 322 -1, 310 322 323 -1, 310 323 324 -1, 310 314 317 -1, 310 324 325 -1, 310 325 326 -1, 310 326 327 -1, 310 327 328 -1, 310 328 329 -1, 310 329 330 -1, 310 330 331 -1, 310 331 332 -1, 310 332 333 -1, 310 333 334 -1, 310 334 335 -1, 310 335 336 -1, 310 336 337 -1, 310 337 338 -1, 310 338 339 -1, 310 339 340 -1, 310 340 309 -1 ] } }
Shape { appearance Appearance { material Material { diffuseColor 0.64 0.66 0.69 specularColor .4 .4 .4 shininess .5 } } geometry IndexedFaceSet { solid FALSE coord Coordinate { point [ 0.288316 4.842520 4.063513, 0.288030 4.842520 4.055863, 0.287173 4.842520 4.048257, 0.285750 4.842520 4.040735, 0.283768 4.842520 4.033341, 0.281240 4.842520 4.026116, 0.278179 4.842520 4.019100, 0.274602 4.842520 4.012332, 0.270530 4.842520 4.005850, 0.265984 4.842520 3.999691, 0.260991 4.842520 3.993889, 0.255578 4.842520 3.988476, 0.249776 4.842520 3.983483, 0.243617 4.842520 3.978937, 0.237135 4.842520 3.974865, 0.230367 4.842520 3.971288, 0.223351 4.842520 3.968227, 0.216126 4.842520 3.965698, 0.208732 4.842520 3.963717, 0.201210 4.842520 3.962294, 0.193603 4.842520 3.961437, 0.185954 4.842520 3.961151, 0.178304 4.842520 3.961437, 0.170698 4.842520 3.962294, 0.163176 4.842520 3.963717, 0.155782 4.842520 3.965698, 0.148557 4.842520 3.968227, 0.141541 4.842520 3.971288, 0.134773 4.842520 3.974865, 0.128291 4.842520 3.978937, 0.122132 4.842520 3.983483, 0.116330 4.842520 3.988476, 0.110917 4.842520 3.993889, 0.105924 4.842520 3.999691, 0.101378 4.842520 4.005850, 0.097306 4.842520 4.012332, 0.093729 4.842520 4.019100, 0.090668 4.842520 4.026116, 0.088139 4.842520 4.033341, 0.086158 4.842520 4.040735, 0.084735 4.842520 4.048257, 0.083878 4.842520 4.055863, 0.083592 4.842520 4.063513, 0.083878 4.842520 4.071162, 0.084735 4.842520 4.078769, 0.086158 4.842520 4.086291, 0.088139 4.842520 4.093685, 0.090668 4.842520 4.100910, 0.093729 4.842520 4.107926, 0.097306 4.842520 4.114694, 0.101378 4.842520 4.121176, 0.105924 4.842520 4.127335, 0.110917 4.842520 4.133137, 0.116330 4.842520 4.138550, 0.122132 4.842520 4.143543, 0.128291 4.842520 4.148089, 0.134773 4.842520 4.152161, 0.141541 4.842520 4.155738, 0.148557 4.842520 4.158799, 0.155782 4.842520 4.161327, 0.163176 4.842520 4.163309, 0.170698 4.842520 4.164732, 0.178304 4.842520 4.165589, 0.185954 4.842520 4.165875, 0.193603 4.842520 4.165589, 0.201210 4.842520 4.164732, 0.208732 4.842520 4.163309, 0.216126 4.842520 4.161327, 0.223351 4.842520 4.158799, 0.230367 4.842520 4.155738, 0.237135 4.842520 4.152161, 0.243617 4.842520 4.148089, 0.249776 4.842520 4.143543, 0.255578 4.842520 4.138550, 0.260991 4.842520 4.133137, 0.265984 4.842520 4.127335, 0.270530 4.842520 4.121176, 0.274602 4.842520 4.114694, 0.278179 4.842520 4.107926, 0.281240 4.842520 4.100910, 0.283768 4.842520 4.093685, 0.285750 4.842520 4.086291, 0.287173 4.842520 4.078769, 0.288030 4.842520 4.071162, 0.288316 4.842520 4.063513, 0.288316 7.401575 4.063513, 0.288042 7.401575 4.056026, 0.287221 7.401575 4.048579, 0.285857 7.401575 4.041212, 0.283959 7.401575 4.033965, 0.281535 7.401575 4.026876, 0.278599 7.401575 4.019983, 0.275167 7.401575 4.013323, 0.271257 7.401575 4.006932, 0.266890 7.401575 4.000845, 0.262090 7.401575 3.995093, 0.256882 7.401575 3.989707, 0.251293 7.401575 3.984717, 0.245355 7.401575 3.980149, 0.239099 7.401575 3.976028, 0.232558 7.401575 3.972375, 0.225767 7.401575 3.969210, 0.218763 7.401575 3.966551, 0.211583 7.401575 3.964411, 0.204266 7.401575 3.962802, 0.196850 7.401575 3.961732, 0.196850 6.417323 3.961732, 0.196850 6.417323 4.165294, 0.189239 6.417323 4.165822, 0.181610 6.417323 4.165783, 0.174004 6.417323 4.165175, 0.166465 6.417323 4.164003, 0.159034 6.417323 4.162272, 0.151753 6.417323 4.159993, 0.144662 6.417323 4.157177, 0.137800 6.417323 4.153841, 0.131206 6.417323 4.150004, 0.124916 6.417323 4.145686, 0.118965 6.417323 4.140911, 0.113386 6.417323 4.135706, 0.108210 6.417323 4.130101, 0.103466 6.417323 4.124125, 0.099181 6.417323 4.117813, 0.095377 6.417323 4.111198, 0.092077 6.417323 4.104320, 0.089299 6.417323 4.097214, 0.087057 6.417323 4.089921, 0.085365 6.417323 4.082481, 0.084231 6.417323 4.074936, 0.083663 6.417323 4.067328, 0.083663 6.417323 4.059698, 0.084231 6.417323 4.052090, 0.085365 6.417323 4.044545, 0.087057 6.417323 4.037105, 0.089299 6.417323 4.029812, 0.092077 6.417323 4.022706, 0.095377 6.417323 4.015827, 0.099181 6.417323 4.009213, 0.103466 6.417323 4.002901, 0.108210 6.417323 3.996925, 0.113386 6.417323 3.991320, 0.118965 6.417323 3.986115, 0.124916 6.417323 3.981340, 0.131206 6.417323 3.977022, 0.137800 6.417323 3.973185, 0.144662 6.417323 3.969849, 0.151753 6.417323 3.967033, 0.159034 6.417323 3.964754, 0.166465 6.417323 3.963023, 0.174004 6.417323 3.961851, 0.181610 6.417323 3.961243, 0.189239 6.417323 3.961203, 0.196850 7.401575 4.165294, 0.204266 7.401575 4.164224, 0.211583 7.401575 4.162615, 0.218763 7.401575 4.160475, 0.225767 7.401575 4.157815, 0.232558 7.401575 4.154651, 0.239099 7.401575 4.150998, 0.245355 7.401575 4.146877, 0.251293 7.401575 4.142309, 0.256882 7.401575 4.137319, 0.262090 7.401575 4.131933, 0.266890 7.401575 4.126181, 0.271257 7.401575 4.120093, 0.275167 7.401575 4.113703, 0.278599 7.401575 4.107043, 0.281535 7.401575 4.100150, 0.283959 7.401575 4.093061, 0.285857 7.401575 4.085814, 0.287221 7.401575 4.078447, 0.288042 7.401575 4.071000, 0.288316 7.401575 4.063513, 0.288316 4.842520 4.063513, 0.288030 4.842520 4.055863, 0.287173 4.842520 4.048257, 0.285750 4.842520 4.040735, 0.283768 4.842520 4.033341, 0.281240 4.842520 4.026116, 0.278179 4.842520 4.019100, 0.274602 4.842520 4.012332, 0.270530 4.842520 4.005850, 0.265984 4.842520 3.999691, 0.260991 4.842520 3.993889, 0.255578 4.842520 3.988476, 0.249776 4.842520 3.983483, 0.243617 4.842520 3.978937, 0.237135 4.842520 3.974865, 0.230367 4.842520 3.971288, 0.223351 4.842520 3.968227, 0.216126 4.842520 3.965698, 0.208732 4.842520 3.963717, 0.201210 4.842520 3.962294, 0.193603 4.842520 3.961437, 0.185954 4.842520 3.961151, 0.178304 4.842520 3.961437, 0.170698 4.842520 3.962294, 0.163176 4.842520 3.963717, 0.155782 4.842520 3.965698, 0.148557 4.842520 3.968227, 0.141541 4.842520 3.971288, 0.134773 4.842520 3.974865, 0.128291 4.842520 3.978937, 0.122132 4.842520 3.983483, 0.116330 4.842520 3.988476, 0.110917 4.842520 3.993889, 0.105924 4.842520 3.999691, 0.101378 4.842520 4.005850, 0.097306 4.842520 4.012332, 0.093729 4.842520 4.019100, 0.090668 4.842520 4.026116, 0.088139 4.842520 4.033341, 0.086158 4.842520 4.040735, 0.084735 4.842520 4.048257, 0.083878 4.842520 4.055863, 0.083592 4.842520 4.063513, 0.083878 4.842520 4.071162, 0.084735 4.842520 4.078769, 0.086158 4.842520 4.086291, 0.088139 4.842520 4.093685, 0.090668 4.842520 4.100910, 0.093729 4.842520 4.107926, 0.097306 4.842520 4.114694, 0.101378 4.842520 4.121176, 0.105924 4.842520 4.127335, 0.110917 4.842520 4.133137, 0.116330 4.842520 4.138550, 0.122132 4.842520 4.143543, 0.128291 4.842520 4.148089, 0.134773 4.842520 4.152161, 0.141541 4.842520 4.155738, 0.148557 4.842520 4.158799, 0.155782 4.842520 4.161327, 0.163176 4.842520 4.163309, 0.170698 4.842520 4.164732, 0.178304 4.842520 4.165589, 0.185954 4.842520 4.165875, 0.193603 4.842520 4.165589, 0.201210 4.842520 4.164732, 0.208732 4.842520 4.163309, 0.216126 4.842520 4.161327, 0.223351 4.842520 4.158799, 0.230367 4.842520 4.155738, 0.237135 4.842520 4.152161, 0.243617 4.842520 4.148089, 0.249776 4.842520 4.143543, 0.255578 4.842520 4.138550, 0.260991 4.842520 4.133137, 0.265984 4.842520 4.127335, 0.270530 4.842520 4.121176, 0.274602 4.842520 4.114694, 0.278179 4.842520 4.107926, 0.281240 4.842520 4.100910, 0.283768 4.842520 4.093685, 0.285750 4.842520 4.086291, 0.287173 4.842520 4.078769, 0.288030 4.842520 4.071162, 0.196850 7.401575 4.165294, 0.204266 7.401575 4.164224, 0.211583 7.401575 4.162615, 0.218763 7.401575 4.160475, 0.225767 7.401575 4.157815, 0.232558 7.401575 4.154651, 0.239099 7.401575 4.150998, 0.245355 7.401575 4.146877, 0.251293 7.401575 4.142309, 0.256882 7.401575 4.137319, 0.262090 7.401575 4.131933, 0.266890 7.401575 4.126181, 0.271257 7.401575 4.120093, 0.275167 7.401575 4.113703, 0.278599 7.401575 4.107043, 0.281535 7.401575 4.100150, 0.283959 7.401575 4.093061, 0.285857 7.401575 4.085814, 0.287221 7.401575 4.078447, 0.288042 7.401575 4.071000, 0.288316 7.401575 4.063513, 0.288042 7.401575 4.056026, 0.287221 7.401575 4.048579, 0.285857 7.401575 4.041212, 0.283959 7.401575 4.033965, 0.281535 7.401575 4.026876, 0.278599 7.401575 4.019983, 0.275167 7.401575 4.013323, 0.271257 7.401575 4.006932, 0.266890 7.401575 4.000845, 0.262090 7.401575 3.995093, 0.256882 7.401575 3.989707, 0.251293 7.401575 3.984717, 0.245355 7.401575 3.980149, 0.239099 7.401575 3.976028, 0.232558 7.401575 3.972375, 0.225767 7.401575 3.969210, 0.218763 7.401575 3.966551, 0.211583 7.401575 3.964411, 0.204266 7.401575 3.962802, 0.196850 7.401575 3.961732, 0.196850 6.417323 3.961732, 0.196850 6.417323 4.165294, 0.196850 7.401575 3.961732, 0.196850 7.401575 4.165294, 0.196850 6.417323 3.961732, 0.196850 6.417323 4.165294, 0.189239 6.417323 4.165822, 0.181610 6.417323 4.165783, 0.174004 6.417323 4.165175, 0.166465 6.417323 4.164003, 0.159034 6.417323 4.162272, 0.151753 6.417323 4.159993, 0.144662 6.417323 4.157177, 0.137800 6.417323 4.153841, 0.131206 6.417323 4.150004, 0.124916 6.417323 4.145686, 0.118965 6.417323 4.140911, 0.113386 6.417323 4.135706, 0.108210 6.417323 4.130101, 0.103466 6.417323 4.124125, 0.099181 6.417323 4.117813, 0.095377 6.417323 4.111198, 0.092077 6.417323 4.104320, 0.089299 6.417323 4.097214, 0.087057 6.417323 4.089921, 0.085365 6.417323 4.082481, 0.084231 6.417323 4.074936, 0.083663 6.417323 4.067328, 0.083663 6.417323 4.059698, 0.084231 6.417323 4.052090, 0.085365 6.417323 4.044545, 0.087057 6.417323 4.037105, 0.089299 6.417323 4.029812, 0.092077 6.417323 4.022706, 0.095377 6.417323 4.015827, 0.099181 6.417323 4.009213, 0.103466 6.417323 4.002901, 0.108210 6.417323 3.996925, 0.113386 6.417323 3.991320, 0.118965 6.417323 3.986115, 0.124916 6.417323 3.981340, 0.131206 6.417323 3.977022, 0.137800 6.417323 3.973185, 0.144662 6.417323 3.969849, 0.151753 6.417323 3.967033, 0.159034 6.417323 3.964754, 0.166465 6.417323 3.963023, 0.174004 6.417323 3.961851, 0.181610 6.417323 3.961243, 0.189239 6.417323 3.961203 ] } coordIndex [ 0 86 85 -1, 1 86 0 -1, 1 87 86 -1, 2 88 87 -1, 2 87 1 -1, 3 89 88 -1, 3 88 2 -1, 4 90 89 -1, 4 89 3 -1, 5 91 90 -1, 5 90 4 -1, 6 91 5 -1, 6 92 91 -1, 7 92 6 -1, 7 93 92 -1, 8 93 7 -1, 8 94 93 -1, 9 94 8 -1, 9 95 94 -1, 10 95 9 -1, 10 96 95 -1, 11 96 10 -1, 11 97 96 -1, 12 97 11 -1, 12 98 97 -1, 13 98 12 -1, 13 99 98 -1, 14 99 13 -1, 14 100 99 -1, 15 101 100 -1, 15 100 14 -1, 16 102 101 -1, 16 101 15 -1, 17 103 102 -1, 17 102 16 -1, 18 104 103 -1, 18 103 17 -1, 106 105 104 -1, 19 104 18 -1, 19 106 104 -1, 20 151 106 -1, 20 106 19 -1, 21 150 151 -1, 21 151 20 -1, 22 149 150 -1, 22 150 21 -1, 23 148 149 -1, 23 149 22 -1, 24 147 148 -1, 24 148 23 -1, 25 146 147 -1, 25 147 24 -1, 26 145 146 -1, 26 146 25 -1, 27 144 145 -1, 27 145 26 -1, 28 143 144 -1, 28 144 27 -1, 29 142 143 -1, 29 143 28 -1, 30 141 142 -1, 30 142 29 -1, 31 140 141 -1, 31 141 30 -1, 32 140 31 -1, 32 139 140 -1, 33 139 32 -1, 33 138 139 -1, 34 138 33 -1, 34 137 138 -1, 35 137 34 -1, 35 136 137 -1, 36 136 35 -1, 36 135 136 -1, 37 135 36 -1, 37 134 135 -1, 38 134 37 -1, 38 133 134 -1, 39 132 133 -1, 39 133 38 -1, 40 131 132 -1, 40 132 39 -1, 41 130 131 -1, 41 131 40 -1, 42 129 130 -1, 42 130 41 -1, 43 128 129 -1, 43 129 42 -1, 44 127 128 -1, 44 128 43 -1, 45 126 127 -1, 45 127 44 -1, 46 125 126 -1, 46 126 45 -1, 47 124 125 -1, 47 125 46 -1, 48 123 124 -1, 48 124 47 -1, 49 122 123 -1, 49 123 48 -1, 50 121 122 -1, 50 122 49 -1, 51 120 121 -1, 51 121 50 -1, 52 119 120 -1, 52 120 51 -1, 53 118 119 -1, 53 119 52 -1, 54 117 118 -1, 54 118 53 -1, 55 116 117 -1, 55 117 54 -1, 56 115 116 -1, 56 116 55 -1, 57 115 56 -1, 57 114 115 -1, 58 114 57 -1, 58 113 114 -1, 59 112 113 -1, 59 113 58 -1, 60 111 112 -1, 60 112 59 -1, 61 110 111 -1, 61 111 60 -1, 62 109 110 -1, 62 110 61 -1, 63 108 109 -1, 63 109 62 -1, 153 152 107 -1, 64 107 108 -1, 64 108 63 -1, 65 107 64 -1, 65 153 107 -1, 66 153 65 -1, 66 154 153 -1, 67 154 66 -1, 67 155 154 -1, 68 155 67 -1, 68 156 155 -1, 69 156 68 -1, 69 157 156 -1, 70 157 69 -1, 70 158 157 -1, 71 159 158 -1, 71 158 70 -1, 72 160 159 -1, 72 159 71 -1, 73 161 160 -1, 73 160 72 -1, 74 162 161 -1, 74 161 73 -1, 75 163 162 -1, 75 162 74 -1, 76 164 163 -1, 76 163 75 -1, 77 165 164 -1, 77 164 76 -1, 78 166 165 -1, 78 165 77 -1, 79 167 166 -1, 79 166 78 -1, 80 168 167 -1, 80 167 79 -1, 81 168 80 -1, 81 169 168 -1, 82 169 81 -1, 82 170 169 -1, 83 170 82 -1, 83 171 170 -1, 84 171 83 -1, 84 172 171 -1, 245 244 243 -1, 246 245 243 -1, 202 204 203 -1, 202 205 204 -1, 249 247 246 -1, 249 248 247 -1, 251 250 249 -1, 253 252 251 -1, 255 254 253 -1, 256 255 253 -1, 188 190 189 -1, 179 178 177 -1, 181 180 179 -1, 185 187 186 -1, 185 188 187 -1, 185 191 190 -1, 185 190 188 -1, 183 174 173 -1, 183 175 174 -1, 183 176 175 -1, 183 177 176 -1, 183 256 253 -1, 183 182 181 -1, 183 185 184 -1, 183 192 191 -1, 183 193 192 -1, 183 194 193 -1, 183 195 194 -1, 183 179 177 -1, 183 196 195 -1, 183 197 196 -1, 183 198 197 -1, 183 199 198 -1, 183 200 199 -1, 183 201 200 -1, 183 202 201 -1, 183 206 205 -1, 183 207 206 -1, 183 208 207 -1, 183 209 208 -1, 183 210 209 -1, 183 211 210 -1, 183 212 211 -1, 183 213 212 -1, 183 214 213 -1, 183 181 179 -1, 183 215 214 -1, 183 216 215 -1, 183 217 216 -1, 183 218 217 -1, 183 219 218 -1, 183 220 219 -1, 183 221 220 -1, 183 222 221 -1, 183 223 222 -1, 183 224 223 -1, 183 225 224 -1, 183 205 202 -1, 183 226 225 -1, 183 227 226 -1, 183 228 227 -1, 183 229 228 -1, 183 230 229 -1, 183 231 230 -1, 183 232 231 -1, 183 233 232 -1, 183 234 233 -1, 183 235 234 -1, 183 236 235 -1, 183 246 243 -1, 183 237 236 -1, 183 238 237 -1, 183 239 238 -1, 183 240 239 -1, 183 241 240 -1, 183 242 241 -1, 183 243 242 -1, 183 249 246 -1, 183 253 251 -1, 183 191 185 -1, 183 173 256 -1, 183 251 249 -1, 276 274 275 -1, 278 276 277 -1, 282 280 281 -1, 291 292 293 -1, 290 293 294 -1, 290 291 293 -1, 287 284 285 -1, 287 285 286 -1, 288 257 258 -1, 288 258 259 -1, 288 259 260 -1, 288 260 261 -1, 288 261 262 -1, 288 262 263 -1, 288 263 264 -1, 288 264 265 -1, 288 265 266 -1, 288 290 294 -1, 288 266 267 -1, 288 267 268 -1, 288 268 269 -1, 288 269 270 -1, 288 270 271 -1, 288 271 272 -1, 288 284 287 -1, 288 272 273 -1, 288 273 274 -1, 288 278 279 -1, 288 279 280 -1, 288 282 283 -1, 288 283 284 -1, 288 289 290 -1, 288 294 295 -1, 288 295 296 -1, 288 296 297 -1, 288 297 257 -1, 288 274 276 -1, 288 276 278 -1, 288 280 282 -1, 299 300 298 -1, 299 301 300 -1, 302 327 326 -1, 302 328 327 -1, 302 329 328 -1, 302 330 329 -1, 302 331 330 -1, 302 332 331 -1, 302 333 332 -1, 302 334 333 -1, 302 335 334 -1, 302 336 335 -1, 302 337 336 -1, 302 338 337 -1, 302 339 338 -1, 302 340 339 -1, 302 341 340 -1, 302 342 341 -1, 302 343 342 -1, 302 344 343 -1, 302 345 344 -1, 302 346 345 -1, 302 347 346 -1, 303 305 304 -1, 303 306 305 -1, 303 307 306 -1, 303 308 307 -1, 303 309 308 -1, 303 310 309 -1, 303 311 310 -1, 303 312 311 -1, 303 313 312 -1, 303 314 313 -1, 303 315 314 -1, 303 316 315 -1, 303 317 316 -1, 303 318 317 -1, 303 319 318 -1, 303 320 319 -1, 303 321 320 -1, 303 322 321 -1, 303 323 322 -1, 303 324 323 -1, 303 325 324 -1, 303 326 325 -1, 303 302 326 -1 ] } }
Shape { appearance Appearance { material Material { diffuseColor 0.64 0.66 0.69 specularColor .4 .4 .4 shininess .5 } } geometry IndexedFaceSet { solid FALSE coord Coordinate { point [ 0.637795 4.842520 4.190713, 0.637795 7.401575 4.190713, 0.637509 7.401575 4.183063, 0.636652 7.401575 4.175457, 0.635229 7.401575 4.167935, 0.633248 7.401575 4.160541, 0.630719 7.401575 4.153316, 0.627658 7.401575 4.146300, 0.624081 7.401575 4.139532, 0.620009 7.401575 4.133050, 0.615463 7.401575 4.126891, 0.610470 7.401575 4.121089, 0.605057 7.401575 4.115676, 0.599255 7.401575 4.110683, 0.593096 7.401575 4.106137, 0.586614 7.401575 4.102065, 0.579846 7.401575 4.098488, 0.572830 7.401575 4.095427, 0.565605 7.401575 4.092898, 0.558211 7.401575 4.090917, 0.550689 7.401575 4.089494, 0.543083 7.401575 4.088637, 0.535433 7.401575 4.088351, 0.527784 7.401575 4.088637, 0.520177 7.401575 4.089494, 0.512655 7.401575 4.090917, 0.505261 7.401575 4.092898, 0.498036 7.401575 4.095427, 0.491020 7.401575 4.098488, 0.484252 7.401575 4.102065, 0.477770 7.401575 4.106137, 0.471611 7.401575 4.110683, 0.465809 7.401575 4.115676, 0.460396 7.401575 4.121089, 0.455403 7.401575 4.126891, 0.450857 7.401575 4.133050, 0.446785 7.401575 4.139532, 0.443208 7.401575 4.146300, 0.440147 7.401575 4.153316, 0.437619 7.401575 4.160541, 0.435637 7.401575 4.167935, 0.434214 7.401575 4.175457, 0.433357 7.401575 4.183063, 0.433071 7.401575 4.190713, 0.433357 7.401575 4.198362, 0.434214 7.401575 4.205969, 0.435637 7.401575 4.213491, 0.437619 7.401575 4.220885, 0.440147 7.401575 4.228110, 0.443208 7.401575 4.235126, 0.446785 7.401575 4.241894, 0.450857 7.401575 4.248376, 0.455403 7.401575 4.254535, 0.460396 7.401575 4.260337, 0.465809 7.401575 4.265750, 0.471611 7.401575 4.270743, 0.477770 7.401575 4.275289, 0.484252 7.401575 4.279361, 0.491020 7.401575 4.282938, 0.498036 7.401575 4.285999, 0.505261 7.401575 4.288527, 0.512655 7.401575 4.290509, 0.520177 7.401575 4.291932, 0.527784 7.401575 4.292789, 0.535433 7.401575 4.293075, 0.543083 7.401575 4.292789, 0.550689 7.401575 4.291932, 0.558211 7.401575 4.290509, 0.565605 7.401575 4.288527, 0.572830 7.401575 4.285999, 0.579846 7.401575 4.282938, 0.586614 7.401575 4.279361, 0.593096 7.401575 4.275289, 0.599255 7.401575 4.270743, 0.605057 7.401575 4.265750, 0.610470 7.401575 4.260337, 0.615463 7.401575 4.254535, 0.620009 7.401575 4.248376, 0.624081 7.401575 4.241894, 0.627658 7.401575 4.235126, 0.630719 7.401575 4.228110, 0.633248 7.401575 4.220885, 0.635229 7.401575 4.213491, 0.636652 7.401575 4.205969, 0.637509 7.401575 4.198362, 0.637795 7.401575 4.190713, 0.637795 4.842520 4.190713, 0.637509 4.842520 4.183063, 0.636652 4.842520 4.175457, 0.635229 4.842520 4.167935, 0.633248 4.842520 4.160541, 0.630719 4.842520 4.153316, 0.627658 4.842520 4.146300, 0.624081 4.842520 4.139532, 0.620009 4.842520 4.133050, 0.615463 4.842520 4.126891, 0.610470 4.842520 4.121089, 0.605057 4.842520 4.115676, 0.599255 4.842520 4.110683, 0.593096 4.842520 4.106137, 0.586614 4.842520 4.102065, 0.579846 4.842520 4.098488, 0.572830 4.842520 4.095427, 0.565605 4.842520 4.092898, 0.558211 4.842520 4.090917, 0.550689 4.842520 4.089494, 0.543083 4.842520 4.088637, 0.535433 4.842520 4.088351, 0.527784 4.842520 4.088637, 0.520177 4.842520 4.089494, 0.512655 4.842520 4.090917, 0.505261 4.842520 4.092898, 0.498036 4.842520 4.095427, 0.491020 4.842520 4.098488, 0.484252 4.842520 4.102065, 0.477770 4.842520 4.106137, 0.471611 4.842520 4.110683, 0.465809 4.842520 4.115676, 0.460396 4.842520 4.121089, 0.455403 4.842520 4.126891, 0.450857 4.842520 4.133050, 0.446785 4.842520 4.139532, 0.443208 4.842520 4.146300, 0.440147 4.842520 4.153316, 0.437619 4.842520 4.160541, 0.435637 4.842520 4.167935, 0.434214 4.842520 4.175457, 0.433357 4.842520 4.183063, 0.433071 4.842520 4.190713, 0.433357 4.842520 4.198362, 0.434214 4.842520 4.205969, 0.435637 4.842520 4.213491, 0.437619 4.842520 4.220885, 0.440147 4.842520 4.228110, 0.443208 4.842520 4.235126, 0.446785 4.842520 4.241894, 0.450857 4.842520 4.248376, 0.455403 4.842520 4.254535, 0.460396 4.842520 4.260337, 0.465809 4.842520 4.265750, 0.471611 4.842520 4.270743, 0.477770 4.842520 4.275289, 0.484252 4.842520 4.279361, 0.491020 4.842520 4.282938, 0.498036 4.842520 4.285999, 0.505261 4.842520 4.288527, 0.512655 4.842520 4.290509, 0.520177 4.842520 4.291932, 0.527784 4.842520 4.292789, 0.535433 4.842520 4.293075, 0.543083 4.842520 4.292789, 0.550689 4.842520 4.291932, 0.558211 4.842520 4.290509, 0.565605 4.842520 4.288527, 0.572830 4.842520 4.285999, 0.579846 4.842520 4.282938, 0.586614 4.842520 4.279361, 0.593096 4.842520 4.275289, 0.599255 4.842520 4.270743, 0.605057 4.842520 4.265750, 0.610470 4.842520 4.260337, 0.615463 4.842520 4.254535, 0.620009 4.842520 4.248376, 0.624081 4.842520 4.241894, 0.627658 4.842520 4.235126, 0.630719 4.842520 4.228110, 0.633248 4.842520 4.220885, 0.635229 4.842520 4.213491, 0.636652 4.842520 4.205969, 0.637509 4.842520 4.198362, 0.637795 4.842520 4.190713, 0.637509 4.842520 4.183063, 0.636652 4.842520 4.175457, 0.635229 4.842520 4.167935, 0.633248 4.842520 4.160541, 0.630719 4.842520 4.153316, 0.627658 4.842520 4.146300, 0.624081 4.842520 4.139532, 0.620009 4.842520 4.133050, 0.615463 4.842520 4.126891, 0.610470 4.842520 4.121089, 0.605057 4.842520 4.115676, 0.599255 4.842520 4.110683, 0.593096 4.842520 4.106137, 0.586614 4.842520 4.102065, 0.579846 4.842520 4.098488, 0.572830 4.842520 4.095427, 0.565605 4.842520 4.092898, 0.558211 4.842520 4.090917, 0.550689 4.842520 4.089494, 0.543083 4.842520 4.088637, 0.535433 4.842520 4.088351, 0.527784 4.842520 4.088637, 0.520177 4.842520 4.089494, 0.512655 4.842520 4.090917, 0.505261 4.842520 4.092898, 0.498036 4.842520 4.095427, 0.491020 4.842520 4.098488, 0.484252 4.842520 4.102065, 0.477770 4.842520 4.106137, 0.471611 4.842520 4.110683, 0.465809 4.842520 4.115676, 0.460396 4.842520 4.121089, 0.455403 4.842520 4.126891, 0.450857 4.842520 4.133050, 0.446785 4.842520 4.139532, 0.443208 4.842520 4.146300, 0.440147 4.842520 4.153316, 0.437619 4.842520 4.160541, 0.435637 4.842520 4.167935, 0.434214 4.842520 4.175457, 0.433357 4.842520 4.183063, 0.433071 4.842520 4.190713, 0.433357 4.842520 4.198362, 0.434214 4.842520 4.205969, 0.435637 4.842520 4.213491, 0.437619 4.842520 4.220885, 0.440147 4.842520 4.228110, 0.443208 4.842520 4.235126, 0.446785 4.842520 4.241894, 0.450857 4.842520 4.248376, 0.455403 4.842520 4.254535, 0.460396 4.842520 4.260337, 0.465809 4.842520 4.265750, 0.471611 4.842520 4.270743, 0.477770 4.842520 4.275289, 0.484252 4.842520 4.279361, 0.491020 4.842520 4.282938, 0.498036 4.842520 4.285999, 0.505261 4.842520 4.288527, 0.512655 4.842520 4.290509, 0.520177 4.842520 4.291932, 0.527784 4.842520 4.292789, 0.535433 4.842520 4.293075, 0.543083 4.842520 4.292789, 0.550689 4.842520 4.291932, 0.558211 4.842520 4.290509, 0.565605 4.842520 4.288527, 0.572830 4.842520 4.285999, 0.579846 4.842520 4.282938, 0.586614 4.842520 4.279361, 0.593096 4.842520 4.275289, 0.599255 4.842520 4.270743, 0.605057 4.842520 4.265750, 0.610470 4.842520 4.260337, 0.615463 4.842520 4.254535, 0.620009 4.842520 4.248376, 0.624081 4.842520 4.241894, 0.627658 4.842520 4.235126, 0.630719 4.842520 4.228110, 0.633248 4.842520 4.220885, 0.635229 4.842520 4.213491, 0.636652 4.842520 4.205969, 0.637509 4.842520 4.198362, 0.637795 7.401575 4.190713, 0.637509 7.401575 4.183063, 0.636652 7.401575 4.175457, 0.635229 7.401575 4.167935, 0.633248 7.401575 4.160541, 0.630719 7.401575 4.153316, 0.627658 7.401575 4.146300, 0.624081 7.401575 4.139532, 0.620009 7.401575 4.133050, 0.615463 7.401575 4.126891, 0.610470 7.401575 4.121089, 0.605057 7.401575 4.115676, 0.599255 7.401575 4.110683, 0.593096 7.401575 4.106137, 0.586614 7.401575 4.102065, 0.579846 7.401575 4.098488, 0.572830 7.401575 4.095427, 0.565605 7.401575 4.092898, 0.558211 7.401575 4.090917, 0.550689 7.401575 4.089494, 0.543083 7.401575 4.088637, 0.535433 7.401575 4.088351, 0.527784 7.401575 4.088637, 0.520177 7.401575 4.089494, 0.512655 7.401575 4.090917, 0.505261 7.401575 4.092898, 0.498036 7.401575 4.095427, 0.491020 7.401575 4.098488, 0.484252 7.401575 4.102065, 0.477770 7.401575 4.106137, 0.471611 7.401575 4.110683, 0.465809 7.401575 4.115676, 0.460396 7.401575 4.121089, 0.455403 7.401575 4.126891, 0.450857 7.401575 4.133050, 0.446785 7.401575 4.139532, 0.443208 7.401575 4.146300, 0.440147 7.401575 4.153316, 0.437619 7.401575 4.160541, 0.435637 7.401575 4.167935, 0.434214 7.401575 4.175457, 0.433357 7.401575 4.183063, 0.433071 7.401575 4.190713, 0.433357 7.401575 4.198362, 0.434214 7.401575 4.205969, 0.435637 7.401575 4.213491, 0.437619 7.401575 4.220885, 0.440147 7.401575 4.228110, 0.443208 7.401575 4.235126, 0.446785 7.401575 4.241894, 0.450857 7.401575 4.248376, 0.455403 7.401575 4.254535, 0.460396 7.401575 4.260337, 0.465809 7.401575 4.265750, 0.471611 7.401575 4.270743, 0.477770 7.401575 4.275289, 0.484252 7.401575 4.279361, 0.491020 7.401575 4.282938, 0.498036 7.401575 4.285999, 0.505261 7.401575 4.288527, 0.512655 7.401575 4.290509, 0.520177 7.401575 4.291932, 0.527784 7.401575 4.292789, 0.535433 7.401575 4.293075, 0.543083 7.401575 4.292789, 0.550689 7.401575 4.291932, 0.558211 7.401575 4.290509, 0.565605 7.401575 4.288527, 0.572830 7.401575 4.285999, 0.579846 7.401575 4.282938, 0.586614 7.401575 4.279361, 0.593096 7.401575 4.275289, 0.599255 7.401575 4.270743, 0.605057 7.401575 4.265750, 0.610470 7.401575 4.260337, 0.615463 7.401575 4.254535, 0.620009 7.401575 4.248376, 0.624081 7.401575 4.241894, 0.627658 7.401575 4.235126, 0.630719 7.401575 4.228110, 0.633248 7.401575 4.220885, 0.635229 7.401575 4.213491, 0.636652 7.401575 4.205969, 0.637509 7.401575 4.198362 ] } coordIndex [ 87 1 0 -1, 87 2 1 -1, 88 3 2 -1, 88 2 87 -1, 89 4 3 -1, 89 3 88 -1, 90 5 4 -1, 90 4 89 -1, 91 6 5 -1, 91 7 6 -1, 91 5 90 -1, 92 7 91 -1, 93 8 7 -1, 93 7 92 -1, 94 8 93 -1, 94 9 8 -1, 95 10 9 -1, 95 9 94 -1, 96 11 10 -1, 96 10 95 -1, 97 12 11 -1, 97 11 96 -1, 98 13 12 -1, 98 14 13 -1, 98 12 97 -1, 99 14 98 -1, 100 15 14 -1, 100 14 99 -1, 101 16 15 -1, 101 17 16 -1, 101 15 100 -1, 102 17 101 -1, 103 18 17 -1, 103 17 102 -1, 104 19 18 -1, 104 18 103 -1, 105 20 19 -1, 105 19 104 -1, 106 21 20 -1, 106 20 105 -1, 107 22 21 -1, 107 21 106 -1, 108 23 22 -1, 108 22 107 -1, 109 24 23 -1, 109 23 108 -1, 110 25 24 -1, 110 26 25 -1, 110 24 109 -1, 111 26 110 -1, 112 27 26 -1, 112 26 111 -1, 113 28 27 -1, 113 27 112 -1, 114 29 28 -1, 114 28 113 -1, 115 30 29 -1, 115 29 114 -1, 116 31 30 -1, 116 30 115 -1, 117 32 31 -1, 117 31 116 -1, 118 32 117 -1, 118 33 32 -1, 119 33 118 -1, 119 34 33 -1, 120 34 119 -1, 120 35 34 -1, 121 35 120 -1, 121 36 35 -1, 122 36 121 -1, 122 37 36 -1, 123 37 122 -1, 123 38 37 -1, 124 38 123 -1, 124 39 38 -1, 125 39 124 -1, 125 40 39 -1, 126 40 125 -1, 126 41 40 -1, 127 41 126 -1, 127 42 41 -1, 128 42 127 -1, 128 43 42 -1, 129 44 43 -1, 129 43 128 -1, 130 44 129 -1, 130 45 44 -1, 131 46 45 -1, 131 45 130 -1, 132 47 46 -1, 132 46 131 -1, 133 48 47 -1, 133 49 48 -1, 133 47 132 -1, 134 49 133 -1, 135 50 49 -1, 135 49 134 -1, 136 51 50 -1, 136 50 135 -1, 137 52 51 -1, 137 51 136 -1, 138 53 52 -1, 138 52 137 -1, 139 54 53 -1, 139 55 54 -1, 139 53 138 -1, 140 55 139 -1, 141 56 55 -1, 141 57 56 -1, 141 55 140 -1, 142 57 141 -1, 143 57 142 -1, 143 58 57 -1, 144 58 143 -1, 144 59 58 -1, 144 60 59 -1, 145 60 144 -1, 146 60 145 -1, 146 61 60 -1, 146 62 61 -1, 147 62 146 -1, 147 63 62 -1, 148 63 147 -1, 149 63 148 -1, 149 64 63 -1, 149 65 64 -1, 150 65 149 -1, 151 65 150 -1, 151 66 65 -1, 151 67 66 -1, 152 67 151 -1, 153 67 152 -1, 153 68 67 -1, 154 68 153 -1, 154 69 68 -1, 154 70 69 -1, 155 70 154 -1, 155 71 70 -1, 156 71 155 -1, 157 71 156 -1, 157 72 71 -1, 157 73 72 -1, 158 73 157 -1, 159 73 158 -1, 159 74 73 -1, 159 75 74 -1, 160 75 159 -1, 161 75 160 -1, 161 76 75 -1, 161 77 76 -1, 162 77 161 -1, 163 77 162 -1, 163 78 77 -1, 164 79 78 -1, 164 80 79 -1, 164 78 163 -1, 165 80 164 -1, 166 81 80 -1, 166 80 165 -1, 167 82 81 -1, 167 83 82 -1, 167 81 166 -1, 168 83 167 -1, 169 84 83 -1, 169 83 168 -1, 86 84 169 -1, 86 85 84 -1, 238 237 236 -1, 243 242 241 -1, 244 243 241 -1, 199 201 200 -1, 199 202 201 -1, 246 245 244 -1, 174 173 172 -1, 186 188 187 -1, 186 189 188 -1, 175 172 171 -1, 175 174 172 -1, 183 185 184 -1, 180 178 177 -1, 180 179 178 -1, 181 171 170 -1, 181 176 175 -1, 181 185 183 -1, 181 189 186 -1, 181 177 176 -1, 181 183 182 -1, 181 186 185 -1, 181 175 171 -1, 181 190 189 -1, 181 191 190 -1, 181 192 191 -1, 181 193 192 -1, 181 194 193 -1, 181 195 194 -1, 181 196 195 -1, 181 197 196 -1, 181 198 197 -1, 181 199 198 -1, 181 203 202 -1, 181 204 203 -1, 181 205 204 -1, 181 206 205 -1, 181 207 206 -1, 181 208 207 -1, 181 209 208 -1, 181 210 209 -1, 181 211 210 -1, 181 212 211 -1, 181 213 212 -1, 181 214 213 -1, 181 215 214 -1, 181 216 215 -1, 181 202 199 -1, 181 217 216 -1, 181 218 217 -1, 181 219 218 -1, 181 180 177 -1, 181 220 219 -1, 181 238 236 -1, 181 221 220 -1, 181 222 221 -1, 181 223 222 -1, 181 224 223 -1, 181 225 224 -1, 181 226 225 -1, 181 227 226 -1, 181 228 227 -1, 181 229 228 -1, 181 230 229 -1, 181 231 230 -1, 181 232 231 -1, 181 233 232 -1, 181 234 233 -1, 181 235 234 -1, 181 236 235 -1, 181 239 238 -1, 181 240 239 -1, 181 241 240 -1, 181 244 241 -1, 181 247 246 -1, 181 248 247 -1, 181 249 248 -1, 181 250 249 -1, 181 251 250 -1, 181 252 251 -1, 181 246 244 -1, 181 253 252 -1, 181 170 253 -1, 322 320 321 -1, 327 325 326 -1, 328 325 327 -1, 283 284 285 -1, 283 285 286 -1, 330 328 329 -1, 258 256 257 -1, 270 271 272 -1, 270 272 273 -1, 259 255 256 -1, 259 256 258 -1, 267 268 269 -1, 264 261 262 -1, 264 262 263 -1, 265 254 255 -1, 265 259 260 -1, 265 267 269 -1, 265 270 273 -1, 265 260 261 -1, 265 266 267 -1, 265 269 270 -1, 265 255 259 -1, 265 273 274 -1, 265 274 275 -1, 265 275 276 -1, 265 276 277 -1, 265 277 278 -1, 265 278 279 -1, 265 279 280 -1, 265 280 281 -1, 265 281 282 -1, 265 282 283 -1, 265 286 287 -1, 265 287 288 -1, 265 288 289 -1, 265 289 290 -1, 265 290 291 -1, 265 291 292 -1, 265 292 293 -1, 265 293 294 -1, 265 294 295 -1, 265 295 296 -1, 265 296 297 -1, 265 297 298 -1, 265 298 299 -1, 265 299 300 -1, 265 283 286 -1, 265 300 301 -1, 265 301 302 -1, 265 302 303 -1, 265 261 264 -1, 265 303 304 -1, 265 320 322 -1, 265 304 305 -1, 265 305 306 -1, 265 306 307 -1, 265 307 308 -1, 265 308 309 -1, 265 309 310 -1, 265 310 311 -1, 265 311 312 -1, 265 312 313 -1, 265 313 314 -1, 265 314 315 -1, 265 315 316 -1, 265 316 317 -1, 265 317 318 -1, 265 318 319 -1, 265 319 320 -1, 265 322 323 -1, 265 323 324 -1, 265 324 325 -1, 265 325 328 -1, 265 330 331 -1, 265 331 332 -1, 265 332 333 -1, 265 333 334 -1, 265 334 335 -1, 265 335 336 -1, 265 328 330 -1, 265 336 337 -1, 265 337 254 -1 ] } }
Shape { appearance Appearance { material Material { diffuseColor 0.64 0.66 0.69 specularColor .4 .4 .4 shininess .5 } } geometry IndexedFaceSet { solid FALSE coord Coordinate { point [ 0.922693 4.842520 4.429771, 0.922693 7.401575 4.429771, 0.922407 7.401575 4.422121, 0.921550 7.401575 4.414514, 0.920127 7.401575 4.406993, 0.918146 7.401575 4.399599, 0.915617 7.401575 4.392374, 0.912556 7.401575 4.385357, 0.908979 7.401575 4.378590, 0.904907 7.401575 4.372108, 0.900361 7.401575 4.365949, 0.895368 7.401575 4.360147, 0.889955 7.401575 4.354734, 0.884153 7.401575 4.349741, 0.877994 7.401575 4.345195, 0.871512 7.401575 4.341122, 0.864744 7.401575 4.337546, 0.857728 7.401575 4.334484, 0.850503 7.401575 4.331956, 0.843109 7.401575 4.329975, 0.835587 7.401575 4.328552, 0.827981 7.401575 4.327695, 0.820331 7.401575 4.327409, 0.812682 7.401575 4.327695, 0.805075 7.401575 4.328552, 0.797553 7.401575 4.329975, 0.790159 7.401575 4.331956, 0.782934 7.401575 4.334484, 0.775918 7.401575 4.337546, 0.769150 7.401575 4.341122, 0.762668 7.401575 4.345195, 0.756509 7.401575 4.349741, 0.750707 7.401575 4.354734, 0.745294 7.401575 4.360147, 0.740301 7.401575 4.365949, 0.735755 7.401575 4.372108, 0.731683 7.401575 4.378590, 0.728106 7.401575 4.385357, 0.725045 7.401575 4.392374, 0.722517 7.401575 4.399599, 0.720535 7.401575 4.406993, 0.719112 7.401575 4.414514, 0.718255 7.401575 4.422121, 0.717969 7.401575 4.429771, 0.718255 7.401575 4.437420, 0.719112 7.401575 4.445027, 0.720535 7.401575 4.452548, 0.722517 7.401575 4.459943, 0.725045 7.401575 4.467168, 0.728106 7.401575 4.474184, 0.731683 7.401575 4.480952, 0.735755 7.401575 4.487433, 0.740301 7.401575 4.493593, 0.745294 7.401575 4.499395, 0.750707 7.401575 4.504808, 0.756509 7.401575 4.509801, 0.762668 7.401575 4.514346, 0.769150 7.401575 4.518419, 0.775918 7.401575 4.521996, 0.782934 7.401575 4.525057, 0.790159 7.401575 4.527585, 0.797553 7.401575 4.529567, 0.805075 7.401575 4.530990, 0.812682 7.401575 4.531847, 0.820331 7.401575 4.532133, 0.827981 7.401575 4.531847, 0.835587 7.401575 4.530990, 0.843109 7.401575 4.529567, 0.850503 7.401575 4.527585, 0.857728 7.401575 4.525057, 0.864744 7.401575 4.521996, 0.871512 7.401575 4.518419, 0.877994 7.401575 4.514346, 0.884153 7.401575 4.509801, 0.889955 7.401575 4.504808, 0.895368 7.401575 4.499395, 0.900361 7.401575 4.493593, 0.904907 7.401575 4.487433, 0.908979 7.401575 4.480952, 0.912556 7.401575 4.474184, 0.915617 7.401575 4.467168, 0.918146 7.401575 4.459943, 0.920127 7.401575 4.452548, 0.921550 7.401575 4.445027, 0.922407 7.401575 4.437420, 0.922693 7.401575 4.429771, 0.922693 4.842520 4.429771, 0.922407 4.842520 4.422121, 0.921550 4.842520 4.414514, 0.920127 4.842520 4.406993, 0.918146 4.842520 4.399599, 0.915617 4.842520 4.392374, 0.912556 4.842520 4.385357, 0.908979 4.842520 4.378590, 0.904907 4.842520 4.372108, 0.900361 4.842520 4.365949, 0.895368 4.842520 4.360147, 0.889955 4.842520 4.354734, 0.884153 4.842520 4.349741, 0.877994 4.842520 4.345195, 0.871512 4.842520 4.341122, 0.864744 4.842520 4.337546, 0.857728 4.842520 4.334484, 0.850503 4.842520 4.331956, 0.843109 4.842520 4.329975, 0.835587 4.842520 4.328552, 0.827981 4.842520 4.327695, 0.820331 4.842520 4.327409, 0.812682 4.842520 4.327695, 0.805075 4.842520 4.328552, 0.797553 4.842520 4.329975, 0.790159 4.842520 4.331956, 0.782934 4.842520 4.334484, 0.775918 4.842520 4.337546, 0.769150 4.842520 4.341122, 0.762668 4.842520 4.345195, 0.756509 4.842520 4.349741, 0.750707 4.842520 4.354734, 0.745294 4.842520 4.360147, 0.740301 4.842520 4.365949, 0.735755 4.842520 4.372108, 0.731683 4.842520 4.378590, 0.728106 4.842520 4.385357, 0.725045 4.842520 4.392374, 0.722517 4.842520 4.399599, 0.720535 4.842520 4.406993, 0.719112 4.842520 4.414514, 0.718255 4.842520 4.422121, 0.717969 4.842520 4.429771, 0.718255 4.842520 4.437420, 0.719112 4.842520 4.445027, 0.720535 4.842520 4.452548, 0.722517 4.842520 4.459943, 0.725045 4.842520 4.467168, 0.728106 4.842520 4.474184, 0.731683 4.842520 4.480952, 0.735755 4.842520 4.487433, 0.740301 4.842520 4.493593, 0.745294 4.842520 4.499395, 0.750707 4.842520 4.504808, 0.756509 4.842520 4.509801, 0.762668 4.842520 4.514346, 0.769150 4.842520 4.518419, 0.775918 4.842520 4.521996, 0.782934 4.842520 4.525057, 0.790159 4.842520 4.527585, 0.797553 4.842520 4.529567, 0.805075 4.842520 4.530990, 0.812682 4.842520 4.531847, 0.820331 4.842520 4.532133, 0.827981 4.842520 4.531847, 0.835587 4.842520 4.530990, 0.843109 4.842520 4.529567, 0.850503 4.842520 4.527585, 0.857728 4.842520 4.525057, 0.864744 4.842520 4.521996, 0.871512 4.842520 4.518419, 0.877994 4.842520 4.514346, 0.884153 4.842520 4.509801, 0.889955 4.842520 4.504808, 0.895368 4.842520 4.499395, 0.900361 4.842520 4.493593, 0.904907 4.842520 4.487433, 0.908979 4.842520 4.480952, 0.912556 4.842520 4.474184, 0.915617 4.842520 4.467168, 0.918146 4.842520 4.459943, 0.920127 4.842520 4.452548, 0.921550 4.842520 4.445027, 0.922407 4.842520 4.437420, 0.922693 4.842520 4.429771, 0.922407 4.842520 4.422121, 0.921550 4.842520 4.414514, 0.920127 4.842520 4.406993, 0.918146 4.842520 4.399599, 0.915617 4.842520 4.392374, 0.912556 4.842520 4.385357, 0.908979 4.842520 4.378590, 0.904907 4.842520 4.372108, 0.900361 4.842520 4.365949, 0.895368 4.842520 4.360147, 0.889955 4.842520 4.354734, 0.884153 4.842520 4.349741, 0.877994 4.842520 4.345195, 0.871512 4.842520 4.341122, 0.864744 4.842520 4.337546, 0.857728 4.842520 4.334484, 0.850503 4.842520 4.331956, 0.843109 4.842520 4.329975, 0.835587 4.842520 4.328552, 0.827981 4.842520 4.327695, 0.820331 4.842520 4.327409, 0.812682 4.842520 4.327695, 0.805075 4.842520 4.328552, 0.797553 4.842520 4.329975, 0.790159 4.842520 4.331956, 0.782934 4.842520 4.334484, 0.775918 4.842520 4.337546, 0.769150 4.842520 4.341122, 0.762668 4.842520 4.345195, 0.756509 4.842520 4.349741, 0.750707 4.842520 4.354734, 0.745294 4.842520 4.360147, 0.740301 4.842520 4.365949, 0.735755 4.842520 4.372108, 0.731683 4.842520 4.378590, 0.728106 4.842520 4.385357, 0.725045 4.842520 4.392374, 0.722517 4.842520 4.399599, 0.720535 4.842520 4.406993, 0.719112 4.842520 4.414514, 0.718255 4.842520 4.422121, 0.717969 4.842520 4.429771, 0.718255 4.842520 4.437420, 0.719112 4.842520 4.445027, 0.720535 4.842520 4.452548, 0.722517 4.842520 4.459943, 0.725045 4.842520 4.467168, 0.728106 4.842520 4.474184, 0.731683 4.842520 4.480952, 0.735755 4.842520 4.487433, 0.740301 4.842520 4.493593, 0.745294 4.842520 4.499395, 0.750707 4.842520 4.504808, 0.756509 4.842520 4.509801, 0.762668 4.842520 4.514346, 0.769150 4.842520 4.518419, 0.775918 4.842520 4.521996, 0.782934 4.842520 4.525057, 0.790159 4.842520 4.527585, 0.797553 4.842520 4.529567, 0.805075 4.842520 4.530990, 0.812682 4.842520 4.531847, 0.820331 4.842520 4.532133, 0.827981 4.842520 4.531847, 0.835587 4.842520 4.530990, 0.843109 4.842520 4.529567, 0.850503 4.842520 4.527585, 0.857728 4.842520 4.525057, 0.864744 4.842520 4.521996, 0.871512 4.842520 4.518419, 0.877994 4.842520 4.514346, 0.884153 4.842520 4.509801, 0.889955 4.842520 4.504808, 0.895368 4.842520 4.499395, 0.900361 4.842520 4.493593, 0.904907 4.842520 4.487433, 0.908979 4.842520 4.480952, 0.912556 4.842520 4.474184, 0.915617 4.842520 4.467168, 0.918146 4.842520 4.459943, 0.920127 4.842520 4.452548, 0.921550 4.842520 4.445027, 0.922407 4.842520 4.437420, 0.922693 7.401575 4.429771, 0.922407 7.401575 4.422121, 0.921550 7.401575 4.414514, 0.920127 7.401575 4.406993, 0.918146 7.401575 4.399599, 0.915617 7.401575 4.392374, 0.912556 7.401575 4.385357, 0.908979 7.401575 4.378590, 0.904907 7.401575 4.372108, 0.900361 7.401575 4.365949, 0.895368 7.401575 4.360147, 0.889955 7.401575 4.354734, 0.884153 7.401575 4.349741, 0.877994 7.401575 4.345195, 0.871512 7.401575 4.341122, 0.864744 7.401575 4.337546, 0.857728 7.401575 4.334484, 0.850503 7.401575 4.331956, 0.843109 7.401575 4.329975, 0.835587 7.401575 4.328552, 0.827981 7.401575 4.327695, 0.820331 7.401575 4.327409, 0.812682 7.401575 4.327695, 0.805075 7.401575 4.328552, 0.797553 7.401575 4.329975, 0.790159 7.401575 4.331956, 0.782934 7.401575 4.334484, 0.775918 7.401575 4.337546, 0.769150 7.401575 4.341122, 0.762668 7.401575 4.345195, 0.756509 7.401575 4.349741, 0.750707 7.401575 4.354734, 0.745294 7.401575 4.360147, 0.740301 7.401575 4.365949, 0.735755 7.401575 4.372108, 0.731683 7.401575 4.378590, 0.728106 7.401575 4.385357, 0.725045 7.401575 4.392374, 0.722517 7.401575 4.399599, 0.720535 7.401575 4.406993, 0.719112 7.401575 4.414514, 0.718255 7.401575 4.422121, 0.717969 7.401575 4.429771, 0.718255 7.401575 4.437420, 0.719112 7.401575 4.445027, 0.720535 7.401575 4.452548, 0.722517 7.401575 4.459943, 0.725045 7.401575 4.467168, 0.728106 7.401575 4.474184, 0.731683 7.401575 4.480952, 0.735755 7.401575 4.487433, 0.740301 7.401575 4.493593, 0.745294 7.401575 4.499395, 0.750707 7.401575 4.504808, 0.756509 7.401575 4.509801, 0.762668 7.401575 4.514346, 0.769150 7.401575 4.518419, 0.775918 7.401575 4.521996, 0.782934 7.401575 4.525057, 0.790159 7.401575 4.527585, 0.797553 7.401575 4.529567, 0.805075 7.401575 4.530990, 0.812682 7.401575 4.531847, 0.820331 7.401575 4.532133, 0.827981 7.401575 4.531847, 0.835587 7.401575 4.530990, 0.843109 7.401575 4.529567, 0.850503 7.401575 4.527585, 0.857728 7.401575 4.525057, 0.864744 7.401575 4.521996, 0.871512 7.401575 4.518419, 0.877994 7.401575 4.514346, 0.884153 7.401575 4.509801, 0.889955 7.401575 4.504808, 0.895368 7.401575 4.499395, 0.900361 7.401575 4.493593, 0.904907 7.401575 4.487433, 0.908979 7.401575 4.480952, 0.912556 7.401575 4.474184, 0.915617 7.401575 4.467168, 0.918146 7.401575 4.459943, 0.920127 7.401575 4.452548, 0.921550 7.401575 4.445027, 0.922407 7.401575 4.437420 ] } coordIndex [ 87 1 0 -1, 87 2 1 -1, 88 3 2 -1, 88 2 87 -1, 89 4 3 -1, 89 3 88 -1, 90 5 4 -1, 90 4 89 -1, 91 6 5 -1, 91 7 6 -1, 91 5 90 -1, 92 7 91 -1, 93 8 7 -1, 93 7 92 -1, 94 8 93 -1, 94 9 8 -1, 95 10 9 -1, 95 9 94 -1, 96 11 10 -1, 96 10 95 -1, 97 12 11 -1, 97 11 96 -1, 98 13 12 -1, 98 14 13 -1, 98 12 97 -1, 99 14 98 -1, 100 15 14 -1, 100 14 99 -1, 101 16 15 -1, 101 17 16 -1, 101 15 100 -1, 102 17 101 -1, 103 18 17 -1, 103 17 102 -1, 104 19 18 -1, 104 18 103 -1, 105 20 19 -1, 105 19 104 -1, 106 21 20 -1, 106 20 105 -1, 107 22 21 -1, 107 21 106 -1, 108 23 22 -1, 108 22 107 -1, 109 24 23 -1, 109 23 108 -1, 110 25 24 -1, 110 26 25 -1, 110 24 109 -1, 111 26 110 -1, 112 27 26 -1, 112 26 111 -1, 113 28 27 -1, 113 27 112 -1, 114 29 28 -1, 114 28 113 -1, 115 30 29 -1, 115 29 114 -1, 116 31 30 -1, 116 30 115 -1, 117 32 31 -1, 117 31 116 -1, 118 32 117 -1, 118 33 32 -1, 119 33 118 -1, 119 34 33 -1, 120 34 119 -1, 120 35 34 -1, 121 35 120 -1, 121 36 35 -1, 122 36 121 -1, 122 37 36 -1, 123 37 122 -1, 123 38 37 -1, 124 38 123 -1, 124 39 38 -1, 125 39 124 -1, 125 40 39 -1, 126 40 125 -1, 126 41 40 -1, 127 41 126 -1, 127 42 41 -1, 128 42 127 -1, 128 43 42 -1, 129 44 43 -1, 129 43 128 -1, 130 44 129 -1, 130 45 44 -1, 131 46 45 -1, 131 45 130 -1, 132 47 46 -1, 132 46 131 -1, 133 48 47 -1, 133 49 48 -1, 133 47 132 -1, 134 49 133 -1, 135 50 49 -1, 135 49 134 -1, 136 51 50 -1, 136 50 135 -1, 137 52 51 -1, 137 51 136 -1, 138 53 52 -1, 138 52 137 -1, 139 54 53 -1, 139 55 54 -1, 139 53 138 -1, 140 55 139 -1, 141 56 55 -1, 141 57 56 -1, 141 55 140 -1, 142 57 141 -1, 143 57 142 -1, 143 58 57 -1, 144 58 143 -1, 144 59 58 -1, 144 60 59 -1, 145 60 144 -1, 146 60 145 -1, 146 61 60 -1, 146 62 61 -1, 147 62 146 -1, 147 63 62 -1, 148 63 147 -1, 149 63 148 -1, 149 64 63 -1, 149 65 64 -1, 150 65 149 -1, 151 65 150 -1, 151 66 65 -1, 151 67 66 -1, 152 67 151 -1, 153 67 152 -1, 153 68 67 -1, 154 68 153 -1, 154 69 68 -1, 154 70 69 -1, 155 70 154 -1, 155 71 70 -1, 156 71 155 -1, 157 71 156 -1, 157 72 71 -1, 157 73 72 -1, 158 73 157 -1, 159 73 158 -1, 159 74 73 -1, 159 75 74 -1, 160 75 159 -1, 161 75 160 -1, 161 76 75 -1, 161 77 76 -1, 162 77 161 -1, 163 77 162 -1, 163 78 77 -1, 164 79 78 -1, 164 80 79 -1, 164 78 163 -1, 165 80 164 -1, 166 81 80 -1, 166 80 165 -1, 167 82 81 -1, 167 83 82 -1, 167 81 166 -1, 168 83 167 -1, 169 84 83 -1, 169 83 168 -1, 86 84 169 -1, 86 85 84 -1, 241 240 239 -1, 243 241 239 -1, 243 242 241 -1, 245 244 243 -1, 195 197 196 -1, 251 249 248 -1, 251 250 249 -1, 173 171 170 -1, 173 172 171 -1, 184 186 185 -1, 179 176 175 -1, 179 177 176 -1, 179 178 177 -1, 181 174 173 -1, 181 175 174 -1, 181 180 179 -1, 181 179 175 -1, 181 183 182 -1, 181 184 183 -1, 181 187 186 -1, 181 188 187 -1, 181 189 188 -1, 181 190 189 -1, 181 245 243 -1, 181 191 190 -1, 181 173 170 -1, 181 192 191 -1, 181 193 192 -1, 181 194 193 -1, 181 195 194 -1, 181 198 197 -1, 181 199 198 -1, 181 200 199 -1, 181 201 200 -1, 181 202 201 -1, 181 203 202 -1, 181 204 203 -1, 181 205 204 -1, 181 206 205 -1, 181 207 206 -1, 181 208 207 -1, 181 209 208 -1, 181 210 209 -1, 181 211 210 -1, 181 212 211 -1, 181 213 212 -1, 181 214 213 -1, 181 186 184 -1, 181 215 214 -1, 181 216 215 -1, 181 217 216 -1, 181 218 217 -1, 181 219 218 -1, 181 220 219 -1, 181 243 239 -1, 181 221 220 -1, 181 222 221 -1, 181 223 222 -1, 181 224 223 -1, 181 225 224 -1, 181 226 225 -1, 181 227 226 -1, 181 228 227 -1, 181 229 228 -1, 181 230 229 -1, 181 231 230 -1, 181 232 231 -1, 181 233 232 -1, 181 251 248 -1, 181 234 233 -1, 181 235 234 -1, 181 236 235 -1, 181 237 236 -1, 181 238 237 -1, 181 239 238 -1, 181 246 245 -1, 181 247 246 -1, 181 248 247 -1, 181 252 251 -1, 181 253 252 -1, 181 170 253 -1, 181 197 195 -1, 325 323 324 -1, 327 323 325 -1, 327 325 326 -1, 329 327 328 -1, 279 280 281 -1, 335 332 333 -1, 335 333 334 -1, 257 254 255 -1, 257 255 256 -1, 268 269 270 -1, 263 259 260 -1, 263 260 261 -1, 263 261 262 -1, 265 257 258 -1, 265 258 259 -1, 265 263 264 -1, 265 259 263 -1, 265 266 267 -1, 265 267 268 -1, 265 270 271 -1, 265 271 272 -1, 265 272 273 -1, 265 273 274 -1, 265 327 329 -1, 265 274 275 -1, 265 254 257 -1, 265 275 276 -1, 265 276 277 -1, 265 277 278 -1, 265 278 279 -1, 265 281 282 -1, 265 282 283 -1, 265 283 284 -1, 265 284 285 -1, 265 285 286 -1, 265 286 287 -1, 265 287 288 -1, 265 288 289 -1, 265 289 290 -1, 265 290 291 -1, 265 291 292 -1, 265 292 293 -1, 265 293 294 -1, 265 294 295 -1, 265 295 296 -1, 265 296 297 -1, 265 297 298 -1, 265 268 270 -1, 265 298 299 -1, 265 299 300 -1, 265 300 301 -1, 265 301 302 -1, 265 302 303 -1, 265 303 304 -1, 265 323 327 -1, 265 304 305 -1, 265 305 306 -1, 265 306 307 -1, 265 307 308 -1, 265 308 309 -1, 265 309 310 -1, 265 310 311 -1, 265 311 312 -1, 265 312 313 -1, 265 313 314 -1, 265 314 315 -1, 265 315 316 -1, 265 316 317 -1, 265 332 335 -1, 265 317 318 -1, 265 318 319 -1, 265 319 320 -1, 265 320 321 -1, 265 321 322 -1, 265 322 323 -1, 265 329 330 -1, 265 330 331 -1, 265 331 332 -1, 265 335 336 -1, 265 336 337 -1, 265 337 254 -1, 265 279 281 -1 ] } }
Shape { appearance Appearance { material Material { diffuseColor 0.64 0.66 0.69 specularColor .4 .4 .4 shininess .5 } } geometry IndexedFaceSet { solid FALSE coord Coordinate { point [ 1.108647 4.842520 4.751852, 1.108647 7.401575 4.751852, 1.108361 7.401575 4.744203, 1.107504 7.401575 4.736596, 1.106081 7.401575 4.729075, 1.104100 7.401575 4.721681, 1.101571 7.401575 4.714455, 1.098510 7.401575 4.707439, 1.094933 7.401575 4.700671, 1.090861 7.401575 4.694190, 1.086315 7.401575 4.688031, 1.081322 7.401575 4.682228, 1.075909 7.401575 4.676816, 1.070107 7.401575 4.671822, 1.063948 7.401575 4.667277, 1.057466 7.401575 4.663204, 1.050698 7.401575 4.659627, 1.043682 7.401575 4.656566, 1.036457 7.401575 4.654038, 1.029063 7.401575 4.652057, 1.021541 7.401575 4.650634, 1.013935 7.401575 4.649776, 1.006285 7.401575 4.649490, 0.998635 7.401575 4.649776, 0.991029 7.401575 4.650634, 0.983507 7.401575 4.652057, 0.976113 7.401575 4.654038, 0.968888 7.401575 4.656566, 0.961872 7.401575 4.659627, 0.955104 7.401575 4.663204, 0.948622 7.401575 4.667277, 0.942463 7.401575 4.671822, 0.936661 7.401575 4.676816, 0.931248 7.401575 4.682228, 0.926255 7.401575 4.688031, 0.921709 7.401575 4.694190, 0.917637 7.401575 4.700671, 0.914060 7.401575 4.707439, 0.910999 7.401575 4.714455, 0.908470 7.401575 4.721681, 0.906489 7.401575 4.729075, 0.905066 7.401575 4.736596, 0.904209 7.401575 4.744203, 0.903923 7.401575 4.751852, 0.904209 7.401575 4.759502, 0.905066 7.401575 4.767109, 0.906489 7.401575 4.774630, 0.908470 7.401575 4.782024, 0.910999 7.401575 4.789250, 0.914060 7.401575 4.796266, 0.917637 7.401575 4.803034, 0.921709 7.401575 4.809515, 0.926255 7.401575 4.815674, 0.931248 7.401575 4.821476, 0.936661 7.401575 4.826889, 0.942463 7.401575 4.831882, 0.948622 7.401575 4.836428, 0.955104 7.401575 4.840501, 0.961872 7.401575 4.844078, 0.968888 7.401575 4.847139, 0.976113 7.401575 4.849667, 0.983507 7.401575 4.851648, 0.991029 7.401575 4.853071, 0.998635 7.401575 4.853928, 1.006285 7.401575 4.854215, 1.013935 7.401575 4.853928, 1.021541 7.401575 4.853071, 1.029063 7.401575 4.851648, 1.036457 7.401575 4.849667, 1.043682 7.401575 4.847139, 1.050698 7.401575 4.844078, 1.057466 7.401575 4.840501, 1.063948 7.401575 4.836428, 1.070107 7.401575 4.831882, 1.075909 7.401575 4.826889, 1.081322 7.401575 4.821476, 1.086315 7.401575 4.815674, 1.090861 7.401575 4.809515, 1.094933 7.401575 4.803034, 1.098510 7.401575 4.796266, 1.101571 7.401575 4.789250, 1.104100 7.401575 4.782024, 1.106081 7.401575 4.774630, 1.107504 7.401575 4.767109, 1.108361 7.401575 4.759502, 1.108647 7.401575 4.751852, 1.108647 4.842520 4.751852, 1.108361 4.842520 4.744203, 1.107504 4.842520 4.736596, 1.106081 4.842520 4.729075, 1.104100 4.842520 4.721681, 1.101571 4.842520 4.714455, 1.098510 4.842520 4.707439, 1.094933 4.842520 4.700671, 1.090861 4.842520 4.694190, 1.086315 4.842520 4.688031, 1.081322 4.842520 4.682228, 1.075909 4.842520 4.676816, 1.070107 4.842520 4.671822, 1.063948 4.842520 4.667277, 1.057466 4.842520 4.663204, 1.050698 4.842520 4.659627, 1.043682 4.842520 4.656566, 1.036457 4.842520 4.654038, 1.029063 4.842520 4.652057, 1.021541 4.842520 4.650634, 1.013935 4.842520 4.649776, 1.006285 4.842520 4.649490, 0.998635 4.842520 4.649776, 0.991029 4.842520 4.650634, 0.983507 4.842520 4.652057, 0.976113 4.842520 4.654038, 0.968888 4.842520 4.656566, 0.961872 4.842520 4.659627, 0.955104 4.842520 4.663204, 0.948622 4.842520 4.667277, 0.942463 4.842520 4.671822, 0.936661 4.842520 4.676816, 0.931248 4.842520 4.682228, 0.926255 4.842520 4.688031, 0.921709 4.842520 4.694190, 0.917637 4.842520 4.700671, 0.914060 4.842520 4.707439, 0.910999 4.842520 4.714455, 0.908470 4.842520 4.721681, 0.906489 4.842520 4.729075, 0.905066 4.842520 4.736596, 0.904209 4.842520 4.744203, 0.903923 4.842520 4.751852, 0.904209 4.842520 4.759502, 0.905066 4.842520 4.767109, 0.906489 4.842520 4.774630, 0.908470 4.842520 4.782024, 0.910999 4.842520 4.789250, 0.914060 4.842520 4.796266, 0.917637 4.842520 4.803034, 0.921709 4.842520 4.809515, 0.926255 4.842520 4.815674, 0.931248 4.842520 4.821476, 0.936661 4.842520 4.826889, 0.942463 4.842520 4.831882, 0.948622 4.842520 4.836428, 0.955104 4.842520 4.840501, 0.961872 4.842520 4.844078, 0.968888 4.842520 4.847139, 0.976113 4.842520 4.849667, 0.983507 4.842520 4.851648, 0.991029 4.842520 4.853071, 0.998635 4.842520 4.853928, 1.006285 4.842520 4.854215, 1.013935 4.842520 4.853928, 1.021541 4.842520 4.853071, 1.029063 4.842520 4.851648, 1.036457 4.842520 4.849667, 1.043682 4.842520 4.847139, 1.050698 4.842520 4.844078, 1.057466 4.842520 4.840501, 1.063948 4.842520 4.836428, 1.070107 4.842520 4.831882, 1.075909 4.842520 4.826889, 1.081322 4.842520 4.821476, 1.086315 4.842520 4.815674, 1.090861 4.842520 4.809515, 1.094933 4.842520 4.803034, 1.098510 4.842520 4.796266, 1.101571 4.842520 4.789250, 1.104100 4.842520 4.782024, 1.106081 4.842520 4.774630, 1.107504 4.842520 4.767109, 1.108361 4.842520 4.759502, 1.108647 4.842520 4.751852, 1.108361 4.842520 4.744203, 1.107504 4.842520 4.736596, 1.106081 4.842520 4.729075, 1.104100 4.842520 4.721681, 1.101571 4.842520 4.714455, 1.098510 4.842520 4.707439, 1.094933 4.842520 4.700671, 1.090861 4.842520 4.694190, 1.086315 4.842520 4.688031, 1.081322 4.842520 4.682228, 1.075909 4.842520 4.676816, 1.070107 4.842520 4.671822, 1.063948 4.842520 4.667277, 1.057466 4.842520 4.663204, 1.050698 4.842520 4.659627, 1.043682 4.842520 4.656566, 1.036457 4.842520 4.654038, 1.029063 4.842520 4.652057, 1.021541 4.842520 4.650634, 1.013935 4.842520 4.649776, 1.006285 4.842520 4.649490, 0.998635 4.842520 4.649776, 0.991029 4.842520 4.650634, 0.983507 4.842520 4.652057, 0.976113 4.842520 4.654038, 0.968888 4.842520 4.656566, 0.961872 4.842520 4.659627, 0.955104 4.842520 4.663204, 0.948622 4.842520 4.667277, 0.942463 4.842520 4.671822, 0.936661 4.842520 4.676816, 0.931248 4.842520 4.682228, 0.926255 4.842520 4.688031, 0.921709 4.842520 4.694190, 0.917637 4.842520 4.700671, 0.914060 4.842520 4.707439, 0.910999 4.842520 4.714455, 0.908470 4.842520 4.721681, 0.906489 4.842520 4.729075, 0.905066 4.842520 4.736596, 0.904209 4.842520 4.744203, 0.903923 4.842520 4.751852, 0.904209 4.842520 4.759502, 0.905066 4.842520 4.767109, 0.906489 4.842520 4.774630, 0.908470 4.842520 4.782024, 0.910999 4.842520 4.789250, 0.914060 4.842520 4.796266, 0.917637 4.842520 4.803034, 0.921709 4.842520 4.809515, 0.926255 4.842520 4.815674, 0.931248 4.842520 4.821476, 0.936661 4.842520 4.826889, 0.942463 4.842520 4.831882, 0.948622 4.842520 4.836428, 0.955104 4.842520 4.840501, 0.961872 4.842520 4.844078, 0.968888 4.842520 4.847139, 0.976113 4.842520 4.849667, 0.983507 4.842520 4.851648, 0.991029 4.842520 4.853071, 0.998635 4.842520 4.853928, 1.006285 4.842520 4.854215, 1.013935 4.842520 4.853928, 1.021541 4.842520 4.853071, 1.029063 4.842520 4.851648, 1.036457 4.842520 4.849667, 1.043682 4.842520 4.847139, 1.050698 4.842520 4.844078, 1.057466 4.842520 4.840501, 1.063948 4.842520 4.836428, 1.070107 4.842520 4.831882, 1.075909 4.842520 4.826889, 1.081322 4.842520 4.821476, 1.086315 4.842520 4.815674, 1.090861 4.842520 4.809515, 1.094933 4.842520 4.803034, 1.098510 4.842520 4.796266, 1.101571 4.842520 4.789250, 1.104100 4.842520 4.782024, 1.106081 4.842520 4.774630, 1.107504 4.842520 4.767109, 1.108361 4.842520 4.759502, 1.108647 7.401575 4.751852, 1.108361 7.401575 4.744203, 1.107504 7.401575 4.736596, 1.106081 7.401575 4.729075, 1.104100 7.401575 4.721681, 1.101571 7.401575 4.714455, 1.098510 7.401575 4.707439, 1.094933 7.401575 4.700671, 1.090861 7.401575 4.694190, 1.086315 7.401575 4.688031, 1.081322 7.401575 4.682228, 1.075909 7.401575 4.676816, 1.070107 7.401575 4.671822, 1.063948 7.401575 4.667277, 1.057466 7.401575 4.663204, 1.050698 7.401575 4.659627, 1.043682 7.401575 4.656566, 1.036457 7.401575 4.654038, 1.029063 7.401575 4.652057, 1.021541 7.401575 4.650634, 1.013935 7.401575 4.649776, 1.006285 7.401575 4.649490, 0.998635 7.401575 4.649776, 0.991029 7.401575 4.650634, 0.983507 7.401575 4.652057, 0.976113 7.401575 4.654038, 0.968888 7.401575 4.656566, 0.961872 7.401575 4.659627, 0.955104 7.401575 4.663204, 0.948622 7.401575 4.667277, 0.942463 7.401575 4.671822, 0.936661 7.401575 4.676816, 0.931248 7.401575 4.682228, 0.926255 7.401575 4.688031, 0.921709 7.401575 4.694190, 0.917637 7.401575 4.700671, 0.914060 7.401575 4.707439, 0.910999 7.401575 4.714455, 0.908470 7.401575 4.721681, 0.906489 7.401575 4.729075, 0.905066 7.401575 4.736596, 0.904209 7.401575 4.744203, 0.903923 7.401575 4.751852, 0.904209 7.401575 4.759502, 0.905066 7.401575 4.767109, 0.906489 7.401575 4.774630, 0.908470 7.401575 4.782024, 0.910999 7.401575 4.789250, 0.914060 7.401575 4.796266, 0.917637 7.401575 4.803034, 0.921709 7.401575 4.809515, 0.926255 7.401575 4.815674, 0.931248 7.401575 4.821476, 0.936661 7.401575 4.826889, 0.942463 7.401575 4.831882, 0.948622 7.401575 4.836428, 0.955104 7.401575 4.840501, 0.961872 7.401575 4.844078, 0.968888 7.401575 4.847139, 0.976113 7.401575 4.849667, 0.983507 7.401575 4.851648, 0.991029 7.401575 4.853071, 0.998635 7.401575 4.853928, 1.006285 7.401575 4.854215, 1.013935 7.401575 4.853928, 1.021541 7.401575 4.853071, 1.029063 7.401575 4.851648, 1.036457 7.401575 4.849667, 1.043682 7.401575 4.847139, 1.050698 7.401575 4.844078, 1.057466 7.401575 4.840501, 1.063948 7.401575 4.836428, 1.070107 7.401575 4.831882, 1.075909 7.401575 4.826889, 1.081322 7.401575 4.821476, 1.086315 7.401575 4.815674, 1.090861 7.401575 4.809515, 1.094933 7.401575 4.803034, 1.098510 7.401575 4.796266, 1.101571 7.401575 4.789250, 1.104100 7.401575 4.782024, 1.106081 7.401575 4.774630, 1.107504 7.401575 4.767109, 1.108361 7.401575 4.759502 ] } coordIndex [ 87 1 0 -1, 87 2 1 -1, 88 3 2 -1, 88 2 87 -1, 89 4 3 -1, 89 3 88 -1, 90 5 4 -1, 90 4 89 -1, 91 6 5 -1, 91 7 6 -1, 91 5 90 -1, 92 7 91 -1, 93 8 7 -1, 93 7 92 -1, 94 8 93 -1, 94 9 8 -1, 95 10 9 -1, 95 9 94 -1, 96 11 10 -1, 96 10 95 -1, 97 12 11 -1, 97 11 96 -1, 98 13 12 -1, 98 14 13 -1, 98 12 97 -1, 99 14 98 -1, 100 15 14 -1, 100 14 99 -1, 101 16 15 -1, 101 17 16 -1, 101 15 100 -1, 102 17 101 -1, 103 18 17 -1, 103 17 102 -1, 104 19 18 -1, 104 18 103 -1, 105 20 19 -1, 105 19 104 -1, 106 21 20 -1, 106 20 105 -1, 107 22 21 -1, 107 21 106 -1, 108 23 22 -1, 108 22 107 -1, 109 24 23 -1, 109 23 108 -1, 110 25 24 -1, 110 26 25 -1, 110 24 109 -1, 111 26 110 -1, 112 27 26 -1, 112 26 111 -1, 113 28 27 -1, 113 27 112 -1, 114 29 28 -1, 114 28 113 -1, 115 30 29 -1, 115 29 114 -1, 116 31 30 -1, 116 30 115 -1, 117 32 31 -1, 117 31 116 -1, 118 32 117 -1, 118 33 32 -1, 119 33 118 -1, 119 34 33 -1, 120 34 119 -1, 120 35 34 -1, 121 35 120 -1, 121 36 35 -1, 122 36 121 -1, 122 37 36 -1, 123 37 122 -1, 123 38 37 -1, 124 38 123 -1, 124 39 38 -1, 125 39 124 -1, 125 40 39 -1, 126 40 125 -1, 126 41 40 -1, 127 41 126 -1, 127 42 41 -1, 128 42 127 -1, 128 43 42 -1, 129 44 43 -1, 129 43 128 -1, 130 44 129 -1, 130 45 44 -1, 131 46 45 -1, 131 45 130 -1, 132 47 46 -1, 132 46 131 -1, 133 48 47 -1, 133 49 48 -1, 133 47 132 -1, 134 49 133 -1, 135 50 49 -1, 135 49 134 -1, 136 51 50 -1, 136 50 135 -1, 137 52 51 -1, 137 51 136 -1, 138 53 52 -1, 138 52 137 -1, 139 54 53 -1, 139 55 54 -1, 139 53 138 -1, 140 55 139 -1, 141 56 55 -1, 141 57 56 -1, 141 55 140 -1, 142 57 141 -1, 143 57 142 -1, 143 58 57 -1, 144 58 143 -1, 144 59 58 -1, 144 60 59 -1, 145 60 144 -1, 146 60 145 -1, 146 61 60 -1, 146 62 61 -1, 147 62 146 -1, 147 63 62 -1, 148 63 147 -1, 149 63 148 -1, 149 64 63 -1, 149 65 64 -1, 150 65 149 -1, 151 65 150 -1, 151 66 65 -1, 151 67 66 -1, 152 67 151 -1, 153 67 152 -1, 153 68 67 -1, 154 68 153 -1, 154 69 68 -1, 154 70 69 -1, 155 70 154 -1, 155 71 70 -1, 156 71 155 -1, 157 71 156 -1, 157 72 71 -1, 157 73 72 -1, 158 73 157 -1, 159 73 158 -1, 159 74 73 -1, 159 75 74 -1, 160 75 159 -1, 161 75 160 -1, 161 76 75 -1, 161 77 76 -1, 162 77 161 -1, 163 77 162 -1, 163 78 77 -1, 164 79 78 -1, 164 80 79 -1, 164 78 163 -1, 165 80 164 -1, 166 81 80 -1, 166 80 165 -1, 167 82 81 -1, 167 83 82 -1, 167 81 166 -1, 168 83 167 -1, 169 84 83 -1, 169 83 168 -1, 86 84 169 -1, 86 85 84 -1, 241 240 239 -1, 243 241 239 -1, 243 242 241 -1, 245 244 243 -1, 195 197 196 -1, 251 249 248 -1, 251 250 249 -1, 173 171 170 -1, 173 172 171 -1, 184 186 185 -1, 179 176 175 -1, 179 177 176 -1, 179 178 177 -1, 181 174 173 -1, 181 175 174 -1, 181 180 179 -1, 181 179 175 -1, 181 183 182 -1, 181 184 183 -1, 181 187 186 -1, 181 188 187 -1, 181 189 188 -1, 181 190 189 -1, 181 245 243 -1, 181 191 190 -1, 181 173 170 -1, 181 192 191 -1, 181 193 192 -1, 181 194 193 -1, 181 195 194 -1, 181 198 197 -1, 181 199 198 -1, 181 200 199 -1, 181 201 200 -1, 181 202 201 -1, 181 203 202 -1, 181 204 203 -1, 181 205 204 -1, 181 206 205 -1, 181 207 206 -1, 181 208 207 -1, 181 209 208 -1, 181 210 209 -1, 181 211 210 -1, 181 212 211 -1, 181 213 212 -1, 181 214 213 -1, 181 186 184 -1, 181 215 214 -1, 181 216 215 -1, 181 217 216 -1, 181 218 217 -1, 181 219 218 -1, 181 220 219 -1, 181 243 239 -1, 181 221 220 -1, 181 222 221 -1, 181 223 222 -1, 181 224 223 -1, 181 225 224 -1, 181 226 225 -1, 181 227 226 -1, 181 228 227 -1, 181 229 228 -1, 181 230 229 -1, 181 231 230 -1, 181 232 231 -1, 181 233 232 -1, 181 251 248 -1, 181 234 233 -1, 181 235 234 -1, 181 236 235 -1, 181 237 236 -1, 181 238 237 -1, 181 239 238 -1, 181 246 245 -1, 181 247 246 -1, 181 248 247 -1, 181 252 251 -1, 181 253 252 -1, 181 170 253 -1, 181 197 195 -1, 325 323 324 -1, 327 323 325 -1, 327 325 326 -1, 329 327 328 -1, 279 280 281 -1, 335 332 333 -1, 335 333 334 -1, 257 254 255 -1, 257 255 256 -1, 268 269 270 -1, 263 259 260 -1, 263 260 261 -1, 263 261 262 -1, 265 257 258 -1, 265 258 259 -1, 265 263 264 -1, 265 259 263 -1, 265 266 267 -1, 265 267 268 -1, 265 270 271 -1, 265 271 272 -1, 265 272 273 -1, 265 273 274 -1, 265 327 329 -1, 265 274 275 -1, 265 254 257 -1, 265 275 276 -1, 265 276 277 -1, 265 277 278 -1, 265 278 279 -1, 265 281 282 -1, 265 282 283 -1, 265 283 284 -1, 265 284 285 -1, 265 285 286 -1, 265 286 287 -1, 265 287 288 -1, 265 288 289 -1, 265 289 290 -1, 265 290 291 -1, 265 291 292 -1, 265 292 293 -1, 265 293 294 -1, 265 294 295 -1, 265 295 296 -1, 265 296 297 -1, 265 297 298 -1, 265 268 270 -1, 265 298 299 -1, 265 299 300 -1, 265 300 301 -1, 265 301 302 -1, 265 302 303 -1, 265 303 304 -1, 265 323 327 -1, 265 304 305 -1, 265 305 306 -1, 265 306 307 -1, 265 307 308 -1, 265 308 309 -1, 265 309 310 -1, 265 310 311 -1, 265 311 312 -1, 265 312 313 -1, 265 313 314 -1, 265 314 315 -1, 265 315 316 -1, 265 316 317 -1, 265 332 335 -1, 265 317 318 -1, 265 318 319 -1, 265 319 320 -1, 265 320 321 -1, 265 321 322 -1, 265 322 323 -1, 265 329 330 -1, 265 330 331 -1, 265 331 332 -1, 265 335 336 -1, 265 336 337 -1, 265 337 254 -1, 265 279 281 -1 ] } }
Shape { appearance Appearance { material Material { diffuseColor 0.64 0.66 0.69 specularColor .4 .4 .4 shininess .5 } } geometry IndexedFaceSet { solid FALSE coord Coordinate { point [ -2.165354 -0.078740 0.472441, -2.165354 0.551181 0.472441, -2.165354 -0.078740 0.314961, -2.165354 0.708661 0.314961, -2.165354 0.708661 1.771654, -2.165354 0.551181 1.771654, -2.165354 -0.078740 0.472441, -2.165354 0.551181 0.472441, -1.771654 -0.078740 0.472441, -1.771654 0.551181 0.472441, -2.165354 -0.078740 0.314961, -1.771654 -0.078740 0.314961, -1.771654 0.708661 0.314961, -2.165354 0.708661 0.314961, -2.165354 -0.078740 0.314961, -1.771654 -0.078740 0.314961, -2.165354 -0.078740 0.472441, -1.771654 -0.078740 0.472441, -1.771654 0.551181 0.472441, -1.771654 0.551181 1.771654, -2.165354 0.551181 0.472441, -2.165354 0.551181 1.771654, -1.771654 -0.078740 0.472441, -1.771654 0.551181 0.472441, -1.771654 -0.078740 0.314961, -1.771654 0.708661 0.314961, -1.771654 0.708661 1.771654, -1.771654 0.551181 1.771654, -2.165354 0.708661 0.314961, -1.771654 0.708661 0.314961, -2.165354 0.708661 1.771654, -1.771654 0.708661 1.771654, -2.165354 0.551181 1.771654, -2.165354 0.708661 1.771654, -1.771654 0.551181 1.771654, -1.771654 0.708661 1.771654, -2.165354 -0.078740 -1.377953, -2.165354 -0.078740 0.196850, -2.165354 0.078740 -1.377953, -2.165354 0.078740 0.196850, -2.165354 -0.078740 -1.377953, -1.771654 -0.078740 -1.377953, -2.165354 -0.078740 0.196850, -1.771654 -0.078740 0.196850, -1.771654 -0.078740 -1.377953, -1.771654 -0.078740 0.196850, -1.771654 0.078740 -1.377953, -1.771654 0.078740 0.196850, -2.165354 0.078740 -1.377953, -1.771654 0.078740 -1.377953, -2.165354 0.078740 0.196850, -1.771654 0.078740 0.196850, -2.165354 -0.078740 -1.377953, -2.165354 0.078740 -1.377953, -1.771654 -0.078740 -1.377953, -1.771654 0.078740 -1.377953, -2.165354 -0.078740 0.196850, -2.165354 0.078740 0.196850, -1.771654 -0.078740 0.196850, -1.771654 0.078740 0.196850 ] } coordIndex [ 2 1 3 -1, 0 1 2 -1, 4 3 1 -1, 5 4 1 -1, 9 7 6 -1, 9 6 8 -1, 12 11 10 -1, 12 10 13 -1, 17 14 15 -1, 17 16 14 -1, 19 20 18 -1, 19 21 20 -1, 24 25 23 -1, 22 24 23 -1, 26 23 25 -1, 27 23 26 -1, 31 29 28 -1, 31 28 30 -1, 35 33 32 -1, 35 32 34 -1, 37 38 36 -1, 37 39 38 -1, 43 40 41 -1, 43 42 40 -1, 45 44 46 -1, 45 46 47 -1, 51 49 48 -1, 51 48 50 -1, 55 52 53 -1, 55 54 52 -1, 59 57 56 -1, 59 56 58 -1 ] } }
Shape { appearance Appearance { material Material { diffuseColor 0.59 0.46 0.24 specularColor .4 .4 .4 shininess .5 } } geometry IndexedFaceSet { solid FALSE coord Coordinate { point [ -1.535433 1.106299 1.692913, -1.535433 1.185039 1.692913, -1.536644 1.185039 1.660550, -1.540270 1.185039 1.628368, -1.546291 1.185039 1.596546, -1.554673 1.185039 1.565264, -1.565370 1.185039 1.534695, -1.578321 1.185039 1.505011, -1.593454 1.185039 1.476378, -1.610684 1.185039 1.448956, -1.629915 1.185039 1.422898, -1.651041 1.185039 1.398350, -1.673941 1.185039 1.375450, -1.698489 1.185039 1.354325, -1.724546 1.185039 1.335093, -1.751969 1.185039 1.317863, -1.780602 1.185039 1.302730, -1.810285 1.185039 1.289779, -1.840854 1.185039 1.279083, -1.872137 1.185039 1.270701, -1.903958 1.185039 1.264680, -1.936141 1.185039 1.261053, -1.968504 1.185039 1.259843, -2.000867 1.185039 1.261053, -2.033050 1.185039 1.264680, -2.064871 1.185039 1.270701, -2.096154 1.185039 1.279083, -2.126722 1.185039 1.289779, -2.156406 1.185039 1.302730, -2.185039 1.185039 1.317863, -2.212461 1.185039 1.335093, -2.238519 1.185039 1.354325, -2.263067 1.185039 1.375450, -2.285967 1.185039 1.398350, -2.307092 1.185039 1.422898, -2.326324 1.185039 1.448956, -2.343554 1.185039 1.476378, -2.358687 1.185039 1.505011, -2.371638 1.185039 1.534695, -2.382335 1.185039 1.565264, -2.390717 1.185039 1.596546, -2.396738 1.185039 1.628368, -2.400364 1.185039 1.660550, -2.401575 1.185039 1.692913, -2.400364 1.185039 1.725277, -2.396738 1.185039 1.757459, -2.390717 1.185039 1.789281, -2.382335 1.185039 1.820563, -2.371638 1.185039 1.851132, -2.358687 1.185039 1.880816, -2.343554 1.185039 1.909449, -2.326324 1.185039 1.936871, -2.307092 1.185039 1.962929, -2.285967 1.185039 1.987476, -2.263067 1.185039 2.010377, -2.238519 1.185039 2.031502, -2.212461 1.185039 2.050733, -2.185039 1.185039 2.067964, -2.156406 1.185039 2.083097, -2.126722 1.185039 2.096048, -2.096154 1.185039 2.106744, -2.064871 1.185039 2.115126, -2.033050 1.185039 2.121147, -2.000867 1.185039 2.124773, -1.968504 1.185039 2.125984, -1.936141 1.185039 2.124773, -1.903958 1.185039 2.121147, -1.872137 1.185039 2.115126, -1.840854 1.185039 2.106744, -1.810285 1.185039 2.096048, -1.780602 1.185039 2.083097, -1.751969 1.185039 2.067964, -1.724546 1.185039 2.050733, -1.698489 1.185039 2.031502, -1.673941 1.185039 2.010377, -1.651041 1.185039 1.987476, -1.629915 1.185039 1.962929, -1.610684 1.185039 1.936871, -1.593454 1.185039 1.909449, -1.578321 1.185039 1.880816, -1.565370 1.185039 1.851132, -1.554673 1.185039 1.820563, -1.546291 1.185039 1.789281, -1.540270 1.185039 1.757459, -1.536644 1.185039 1.725277, -1.535433 1.185039 1.692913, -1.535433 1.106299 1.692913, -1.536644 1.106299 1.660550, -1.540270 1.106299 1.628368, -1.546291 1.106299 1.596546, -1.554673 1.106299 1.565264, -1.565370 1.106299 1.534695, -1.578321 1.106299 1.505011, -1.593454 1.106299 1.476378, -1.610684 1.106299 1.448956, -1.629915 1.106299 1.422898, -1.651041 1.106299 1.398350, -1.673941 1.106299 1.375450, -1.698489 1.106299 1.354325, -1.724546 1.106299 1.335093, -1.751969 1.106299 1.317863, -1.780602 1.106299 1.302730, -1.810285 1.106299 1.289779, -1.840854 1.106299 1.279083, -1.872137 1.106299 1.270701, -1.903958 1.106299 1.264680, -1.936141 1.106299 1.261053, -1.968504 1.106299 1.259843, -2.000867 1.106299 1.261053, -2.033050 1.106299 1.264680, -2.064871 1.106299 1.270701, -2.096154 1.106299 1.279083, -2.126722 1.106299 1.289779, -2.156406 1.106299 1.302730, -2.185039 1.106299 1.317863, -2.212461 1.106299 1.335093, -2.238519 1.106299 1.354325, -2.263067 1.106299 1.375450, -2.285967 1.106299 1.398350, -2.307092 1.106299 1.422898, -2.326324 1.106299 1.448956, -2.343554 1.106299 1.476378, -2.358687 1.106299 1.505011, -2.371638 1.106299 1.534695, -2.382335 1.106299 1.565264, -2.390717 1.106299 1.596546, -2.396738 1.106299 1.628368, -2.400364 1.106299 1.660550, -2.401575 1.106299 1.692913, -2.400364 1.106299 1.725277, -2.396738 1.106299 1.757459, -2.390717 1.106299 1.789281, -2.382335 1.106299 1.820563, -2.371638 1.106299 1.851132, -2.358687 1.106299 1.880816, -2.343554 1.106299 1.909449, -2.326324 1.106299 1.936871, -2.307092 1.106299 1.962929, -2.285967 1.106299 1.987476, -2.263067 1.106299 2.010377, -2.238519 1.106299 2.031502, -2.212461 1.106299 2.050733, -2.185039 1.106299 2.067964, -2.156406 1.106299 2.083097, -2.126722 1.106299 2.096048, -2.096154 1.106299 2.106744, -2.064871 1.106299 2.115126, -2.033050 1.106299 2.121147, -2.000867 1.106299 2.124773, -1.968504 1.106299 2.125984, -1.936141 1.106299 2.124773, -1.903958 1.106299 2.121147, -1.872137 1.106299 2.115126, -1.840854 1.106299 2.106744, -1.810285 1.106299 2.096048, -1.780602 1.106299 2.083097, -1.751969 1.106299 2.067964, -1.724546 1.106299 2.050733, -1.698489 1.106299 2.031502, -1.673941 1.106299 2.010377, -1.651041 1.106299 1.987476, -1.629915 1.106299 1.962929, -1.610684 1.106299 1.936871, -1.593454 1.106299 1.909449, -1.578321 1.106299 1.880816, -1.565370 1.106299 1.851132, -1.554673 1.106299 1.820563, -1.546291 1.106299 1.789281, -1.540270 1.106299 1.757459, -1.536644 1.106299 1.725277, -1.535433 1.106299 1.692913, -1.536644 1.106299 1.660550, -1.540270 1.106299 1.628368, -1.546291 1.106299 1.596546, -1.554673 1.106299 1.565264, -1.565370 1.106299 1.534695, -1.578321 1.106299 1.505011, -1.593454 1.106299 1.476378, -1.610684 1.106299 1.448956, -1.629915 1.106299 1.422898, -1.651041 1.106299 1.398350, -1.673941 1.106299 1.375450, -1.698489 1.106299 1.354325, -1.724546 1.106299 1.335093, -1.751969 1.106299 1.317863, -1.780602 1.106299 1.302730, -1.810285 1.106299 1.289779, -1.840854 1.106299 1.279083, -1.872137 1.106299 1.270701, -1.903958 1.106299 1.264680, -1.936141 1.106299 1.261053, -1.968504 1.106299 1.259843, -2.000867 1.106299 1.261053, -2.033050 1.106299 1.264680, -2.064871 1.106299 1.270701, -2.096154 1.106299 1.279083, -2.126722 1.106299 1.289779, -2.156406 1.106299 1.302730, -2.185039 1.106299 1.317863, -2.212461 1.106299 1.335093, -2.238519 1.106299 1.354325, -2.263067 1.106299 1.375450, -2.285967 1.106299 1.398350, -2.307092 1.106299 1.422898, -2.326324 1.106299 1.448956, -2.343554 1.106299 1.476378, -2.358687 1.106299 1.505011, -2.371638 1.106299 1.534695, -2.382335 1.106299 1.565264, -2.390717 1.106299 1.596546, -2.396738 1.106299 1.628368, -2.400364 1.106299 1.660550, -2.401575 1.106299 1.692913, -2.400364 1.106299 1.725277, -2.396738 1.106299 1.757459, -2.390717 1.106299 1.789281, -2.382335 1.106299 1.820563, -2.371638 1.106299 1.851132, -2.358687 1.106299 1.880816, -2.343554 1.106299 1.909449, -2.326324 1.106299 1.936871, -2.307092 1.106299 1.962929, -2.285967 1.106299 1.987476, -2.263067 1.106299 2.010377, -2.238519 1.106299 2.031502, -2.212461 1.106299 2.050733, -2.185039 1.106299 2.067964, -2.156406 1.106299 2.083097, -2.126722 1.106299 2.096048, -2.096154 1.106299 2.106744, -2.064871 1.106299 2.115126, -2.033050 1.106299 2.121147, -2.000867 1.106299 2.124773, -1.968504 1.106299 2.125984, -1.936141 1.106299 2.124773, -1.903958 1.106299 2.121147, -1.872137 1.106299 2.115126, -1.840854 1.106299 2.106744, -1.810285 1.106299 2.096048, -1.780602 1.106299 2.083097, -1.751969 1.106299 2.067964, -1.724546 1.106299 2.050733, -1.698489 1.106299 2.031502, -1.673941 1.106299 2.010377, -1.651041 1.106299 1.987476, -1.629915 1.106299 1.962929, -1.610684 1.106299 1.936871, -1.593454 1.106299 1.909449, -1.578321 1.106299 1.880816, -1.565370 1.106299 1.851132, -1.554673 1.106299 1.820563, -1.546291 1.106299 1.789281, -1.540270 1.106299 1.757459, -1.536644 1.106299 1.725277, -1.751969 1.106299 1.692913, -1.752574 1.106299 1.709095, -1.754387 1.106299 1.725186, -1.757397 1.106299 1.741097, -1.761589 1.106299 1.756738, -1.766937 1.106299 1.772023, -1.773412 1.106299 1.786865, -1.780979 1.106299 1.801181, -1.789594 1.106299 1.814892, -1.799210 1.106299 1.827921, -1.809772 1.106299 1.840195, -1.821222 1.106299 1.851645, -1.833496 1.106299 1.862208, -1.846525 1.106299 1.871823, -1.860236 1.106299 1.880439, -1.874553 1.106299 1.888005, -1.889395 1.106299 1.894481, -1.904679 1.106299 1.899829, -1.920320 1.106299 1.904020, -1.936231 1.106299 1.907030, -1.952322 1.106299 1.908843, -1.968504 1.106299 1.909449, -1.984686 1.106299 1.908843, -2.000777 1.106299 1.907030, -2.016688 1.106299 1.904020, -2.032329 1.106299 1.899829, -2.047613 1.106299 1.894481, -2.062455 1.106299 1.888005, -2.076772 1.106299 1.880439, -2.090483 1.106299 1.871823, -2.103512 1.106299 1.862208, -2.115785 1.106299 1.851645, -2.127236 1.106299 1.840195, -2.137798 1.106299 1.827921, -2.147414 1.106299 1.814892, -2.156029 1.106299 1.801181, -2.163596 1.106299 1.786865, -2.170071 1.106299 1.772023, -2.175419 1.106299 1.756738, -2.179610 1.106299 1.741097, -2.182621 1.106299 1.725186, -2.184434 1.106299 1.709095, -2.185039 1.106299 1.692913, -2.184434 1.106299 1.676732, -2.182621 1.106299 1.660640, -2.179610 1.106299 1.644730, -2.175419 1.106299 1.629088, -2.170071 1.106299 1.613804, -2.163596 1.106299 1.598962, -2.156029 1.106299 1.584646, -2.147414 1.106299 1.570935, -2.137798 1.106299 1.557906, -2.127236 1.106299 1.545632, -2.115785 1.106299 1.534182, -2.103512 1.106299 1.523619, -2.090483 1.106299 1.514003, -2.076772 1.106299 1.505388, -2.062455 1.106299 1.497822, -2.047613 1.106299 1.491346, -2.032329 1.106299 1.485998, -2.016688 1.106299 1.481807, -2.000777 1.106299 1.478796, -1.984686 1.106299 1.476983, -1.968504 1.106299 1.476378, -1.952322 1.106299 1.476983, -1.936231 1.106299 1.478796, -1.920320 1.106299 1.481807, -1.904679 1.106299 1.485998, -1.889395 1.106299 1.491346, -1.874553 1.106299 1.497822, -1.860236 1.106299 1.505388, -1.846525 1.106299 1.514003, -1.833496 1.106299 1.523619, -1.821222 1.106299 1.534182, -1.809772 1.106299 1.545632, -1.799210 1.106299 1.557906, -1.789594 1.106299 1.570935, -1.780979 1.106299 1.584646, -1.773412 1.106299 1.598962, -1.766937 1.106299 1.613804, -1.761589 1.106299 1.629088, -1.757397 1.106299 1.644730, -1.754387 1.106299 1.660640, -1.752574 1.106299 1.676732, -1.535433 1.185039 1.692913, -1.536644 1.185039 1.660550, -1.540270 1.185039 1.628368, -1.546291 1.185039 1.596546, -1.554673 1.185039 1.565264, -1.565370 1.185039 1.534695, -1.578321 1.185039 1.505011, -1.593454 1.185039 1.476378, -1.610684 1.185039 1.448956, -1.629915 1.185039 1.422898, -1.651041 1.185039 1.398350, -1.673941 1.185039 1.375450, -1.698489 1.185039 1.354325, -1.724546 1.185039 1.335093, -1.751969 1.185039 1.317863, -1.780602 1.185039 1.302730, -1.810285 1.185039 1.289779, -1.840854 1.185039 1.279083, -1.872137 1.185039 1.270701, -1.903958 1.185039 1.264680, -1.936141 1.185039 1.261053, -1.968504 1.185039 1.259843, -2.000867 1.185039 1.261053, -2.033050 1.185039 1.264680, -2.064871 1.185039 1.270701, -2.096154 1.185039 1.279083, -2.126722 1.185039 1.289779, -2.156406 1.185039 1.302730, -2.185039 1.185039 1.317863, -2.212461 1.185039 1.335093, -2.238519 1.185039 1.354325, -2.263067 1.185039 1.375450, -2.285967 1.185039 1.398350, -2.307092 1.185039 1.422898, -2.326324 1.185039 1.448956, -2.343554 1.185039 1.476378, -2.358687 1.185039 1.505011, -2.371638 1.185039 1.534695, -2.382335 1.185039 1.565264, -2.390717 1.185039 1.596546, -2.396738 1.185039 1.628368, -2.400364 1.185039 1.660550, -2.401575 1.185039 1.692913, -2.400364 1.185039 1.725277, -2.396738 1.185039 1.757459, -2.390717 1.185039 1.789281, -2.382335 1.185039 1.820563, -2.371638 1.185039 1.851132, -2.358687 1.185039 1.880816, -2.343554 1.185039 1.909449, -2.326324 1.185039 1.936871, -2.307092 1.185039 1.962929, -2.285967 1.185039 1.987476, -2.263067 1.185039 2.010377, -2.238519 1.185039 2.031502, -2.212461 1.185039 2.050733, -2.185039 1.185039 2.067964, -2.156406 1.185039 2.083097, -2.126722 1.185039 2.096048, -2.096154 1.185039 2.106744, -2.064871 1.185039 2.115126, -2.033050 1.185039 2.121147, -2.000867 1.185039 2.124773, -1.968504 1.185039 2.125984, -1.936141 1.185039 2.124773, -1.903958 1.185039 2.121147, -1.872137 1.185039 2.115126, -1.840854 1.185039 2.106744, -1.810285 1.185039 2.096048, -1.780602 1.185039 2.083097, -1.751969 1.185039 2.067964, -1.724546 1.185039 2.050733, -1.698489 1.185039 2.031502, -1.673941 1.185039 2.010377, -1.651041 1.185039 1.987476, -1.629915 1.185039 1.962929, -1.610684 1.185039 1.936871, -1.593454 1.185039 1.909449, -1.578321 1.185039 1.880816, -1.565370 1.185039 1.851132, -1.554673 1.185039 1.820563, -1.546291 1.185039 1.789281, -1.540270 1.185039 1.757459, -1.536644 1.185039 1.725277, -1.751969 1.185039 1.692913, -1.752574 1.185039 1.709095, -1.754387 1.185039 1.725186, -1.757397 1.185039 1.741097, -1.761589 1.185039 1.756738, -1.766937 1.185039 1.772023, -1.773412 1.185039 1.786865, -1.780979 1.185039 1.801181, -1.789594 1.185039 1.814892, -1.799210 1.185039 1.827921, -1.809772 1.185039 1.840195, -1.821222 1.185039 1.851645, -1.833496 1.185039 1.862208, -1.846525 1.185039 1.871823, -1.860236 1.185039 1.880439, -1.874553 1.185039 1.888005, -1.889395 1.185039 1.894481, -1.904679 1.185039 1.899829, -1.920320 1.185039 1.904020, -1.936231 1.185039 1.907030, -1.952322 1.185039 1.908843, -1.968504 1.185039 1.909449, -1.984686 1.185039 1.908843, -2.000777 1.185039 1.907030, -2.016688 1.185039 1.904020, -2.032329 1.185039 1.899829, -2.047613 1.185039 1.894481, -2.062455 1.185039 1.888005, -2.076772 1.185039 1.880439, -2.090483 1.185039 1.871823, -2.103512 1.185039 1.862208, -2.115785 1.185039 1.851645, -2.127236 1.185039 1.840195, -2.137798 1.185039 1.827921, -2.147414 1.185039 1.814892, -2.156029 1.185039 1.801181, -2.163596 1.185039 1.786865, -2.170071 1.185039 1.772023, -2.175419 1.185039 1.756738, -2.179610 1.185039 1.741097, -2.182621 1.185039 1.725186, -2.184434 1.185039 1.709095, -2.185039 1.185039 1.692913, -2.184434 1.185039 1.676732, -2.182621 1.185039 1.660640, -2.179610 1.185039 1.644730, -2.175419 1.185039 1.629088, -2.170071 1.185039 1.613804, -2.163596 1.185039 1.598962, -2.156029 1.185039 1.584646, -2.147414 1.185039 1.570935, -2.137798 1.185039 1.557906, -2.127236 1.185039 1.545632, -2.115785 1.185039 1.534182, -2.103512 1.185039 1.523619, -2.090483 1.185039 1.514003, -2.076772 1.185039 1.505388, -2.062455 1.185039 1.497822, -2.047613 1.185039 1.491346, -2.032329 1.185039 1.485998, -2.016688 1.185039 1.481807, -2.000777 1.185039 1.478796, -1.984686 1.185039 1.476983, -1.968504 1.185039 1.476378, -1.952322 1.185039 1.476983, -1.936231 1.185039 1.478796, -1.920320 1.185039 1.481807, -1.904679 1.185039 1.485998, -1.889395 1.185039 1.491346, -1.874553 1.185039 1.497822, -1.860236 1.185039 1.505388, -1.846525 1.185039 1.514003, -1.833496 1.185039 1.523619, -1.821222 1.185039 1.534182, -1.809772 1.185039 1.545632, -1.799210 1.185039 1.557906, -1.789594 1.185039 1.570935, -1.780979 1.185039 1.584646, -1.773412 1.185039 1.598962, -1.766937 1.185039 1.613804, -1.761589 1.185039 1.629088, -1.757397 1.185039 1.644730, -1.754387 1.185039 1.660640, -1.752574 1.185039 1.676732, -1.751969 1.106299 1.692913, -1.752574 1.106299 1.709095, -1.754387 1.106299 1.725186, -1.757397 1.106299 1.741097, -1.761589 1.106299 1.756738, -1.766937 1.106299 1.772023, -1.773412 1.106299 1.786865, -1.780979 1.106299 1.801181, -1.789594 1.106299 1.814892, -1.799210 1.106299 1.827921, -1.809772 1.106299 1.840195, -1.821222 1.106299 1.851645, -1.833496 1.106299 1.862208, -1.846525 1.106299 1.871823, -1.860236 1.106299 1.880439, -1.874553 1.106299 1.888005, -1.889395 1.106299 1.894481, -1.904679 1.106299 1.899829, -1.920320 1.106299 1.904020, -1.936231 1.106299 1.907030, -1.952322 1.106299 1.908843, -1.968504 1.106299 1.909449, -1.984686 1.106299 1.908843, -2.000777 1.106299 1.907030, -2.016688 1.106299 1.904020, -2.032329 1.106299 1.899829, -2.047613 1.106299 1.894481, -2.062455 1.106299 1.888005, -2.076772 1.106299 1.880439, -2.090483 1.106299 1.871823, -2.103512 1.106299 1.862208, -2.115785 1.106299 1.851645, -2.127236 1.106299 1.840195, -2.137798 1.106299 1.827921, -2.147414 1.106299 1.814892, -2.156029 1.106299 1.801181, -2.163596 1.106299 1.786865, -2.170071 1.106299 1.772023, -2.175419 1.106299 1.756738, -2.179610 1.106299 1.741097, -2.182621 1.106299 1.725186, -2.184434 1.106299 1.709095, -2.185039 1.106299 1.692913, -2.184434 1.106299 1.676732, -2.182621 1.106299 1.660640, -2.179610 1.106299 1.644730, -2.175419 1.106299 1.629088, -2.170071 1.106299 1.613804, -2.163596 1.106299 1.598962, -2.156029 1.106299 1.584646, -2.147414 1.106299 1.570935, -2.137798 1.106299 1.557906, -2.127236 1.106299 1.545632, -2.115785 1.106299 1.534182, -2.103512 1.106299 1.523619, -2.090483 1.106299 1.514003, -2.076772 1.106299 1.505388, -2.062455 1.106299 1.497822, -2.047613 1.106299 1.491346, -2.032329 1.106299 1.485998, -2.016688 1.106299 1.481807, -2.000777 1.106299 1.478796, -1.984686 1.106299 1.476983, -1.968504 1.106299 1.476378, -1.952322 1.106299 1.476983, -1.936231 1.106299 1.478796, -1.920320 1.106299 1.481807, -1.904679 1.106299 1.485998, -1.889395 1.106299 1.491346, -1.874553 1.106299 1.497822, -1.860236 1.106299 1.505388, -1.846525 1.106299 1.514003, -1.833496 1.106299 1.523619, -1.821222 1.106299 1.534182, -1.809772 1.106299 1.545632, -1.799210 1.106299 1.557906, -1.789594 1.106299 1.570935, -1.780979 1.106299 1.584646, -1.773412 1.106299 1.598962, -1.766937 1.106299 1.613804, -1.761589 1.106299 1.629088, -1.757397 1.106299 1.644730, -1.754387 1.106299 1.660640, -1.752574 1.106299 1.676732, -1.751969 1.106299 1.692913, -1.751969 1.185039 1.692913, -1.751969 1.185039 1.692913, -1.752574 1.185039 1.709095, -1.754387 1.185039 1.725186, -1.757397 1.185039 1.741097, -1.761589 1.185039 1.756738, -1.766937 1.185039 1.772023, -1.773412 1.185039 1.786865, -1.780979 1.185039 1.801181, -1.789594 1.185039 1.814892, -1.799210 1.185039 1.827921, -1.809772 1.185039 1.840195, -1.821222 1.185039 1.851645, -1.833496 1.185039 1.862208, -1.846525 1.185039 1.871823, -1.860236 1.185039 1.880439, -1.874553 1.185039 1.888005, -1.889395 1.185039 1.894481, -1.904679 1.185039 1.899829, -1.920320 1.185039 1.904020, -1.936231 1.185039 1.907030, -1.952322 1.185039 1.908843, -1.968504 1.185039 1.909449, -1.984686 1.185039 1.908843, -2.000777 1.185039 1.907030, -2.016688 1.185039 1.904020, -2.032329 1.185039 1.899829, -2.047613 1.185039 1.894481, -2.062455 1.185039 1.888005, -2.076772 1.185039 1.880439, -2.090483 1.185039 1.871823, -2.103512 1.185039 1.862208, -2.115785 1.185039 1.851645, -2.127236 1.185039 1.840195, -2.137798 1.185039 1.827921, -2.147414 1.185039 1.814892, -2.156029 1.185039 1.801181, -2.163596 1.185039 1.786865, -2.170071 1.185039 1.772023, -2.175419 1.185039 1.756738, -2.179610 1.185039 1.741097, -2.182621 1.185039 1.725186, -2.184434 1.185039 1.709095, -2.185039 1.185039 1.692913, -2.184434 1.185039 1.676732, -2.182621 1.185039 1.660640, -2.179610 1.185039 1.644730, -2.175419 1.185039 1.629088, -2.170071 1.185039 1.613804, -2.163596 1.185039 1.598962, -2.156029 1.185039 1.584646, -2.147414 1.185039 1.570935, -2.137798 1.185039 1.557906, -2.127236 1.185039 1.545632, -2.115785 1.185039 1.534182, -2.103512 1.185039 1.523619, -2.090483 1.185039 1.514003, -2.076772 1.185039 1.505388, -2.062455 1.185039 1.497822, -2.047613 1.185039 1.491346, -2.032329 1.185039 1.485998, -2.016688 1.185039 1.481807, -2.000777 1.185039 1.478796, -1.984686 1.185039 1.476983, -1.968504 1.185039 1.476378, -1.952322 1.185039 1.476983, -1.936231 1.185039 1.478796, -1.920320 1.185039 1.481807, -1.904679 1.185039 1.485998, -1.889395 1.185039 1.491346, -1.874553 1.185039 1.497822, -1.860236 1.185039 1.505388, -1.846525 1.185039 1.514003, -1.833496 1.185039 1.523619, -1.821222 1.185039 1.534182, -1.809772 1.185039 1.545632, -1.799210 1.185039 1.557906, -1.789594 1.185039 1.570935, -1.780979 1.185039 1.584646, -1.773412 1.185039 1.598962, -1.766937 1.185039 1.613804, -1.761589 1.185039 1.629088, -1.757397 1.185039 1.644730, -1.754387 1.185039 1.660640, -1.752574 1.185039 1.676732 ] } coordIndex [ 87 1 0 -1, 87 2 1 -1, 88 3 2 -1, 88 2 87 -1, 89 4 3 -1, 89 3 88 -1, 90 5 4 -1, 90 4 89 -1, 91 6 5 -1, 91 5 90 -1, 92 7 6 -1, 92 6 91 -1, 93 8 7 -1, 93 7 92 -1, 94 8 93 -1, 94 9 8 -1, 95 10 9 -1, 95 9 94 -1, 96 11 10 -1, 96 10 95 -1, 97 12 11 -1, 97 11 96 -1, 98 13 12 -1, 98 12 97 -1, 99 14 13 -1, 99 13 98 -1, 100 15 14 -1, 100 14 99 -1, 101 16 15 -1, 101 15 100 -1, 102 17 16 -1, 102 16 101 -1, 103 18 17 -1, 103 19 18 -1, 103 17 102 -1, 104 19 103 -1, 105 20 19 -1, 105 19 104 -1, 106 21 20 -1, 106 22 21 -1, 106 20 105 -1, 107 22 106 -1, 108 23 22 -1, 108 24 23 -1, 108 22 107 -1, 109 24 108 -1, 110 25 24 -1, 110 24 109 -1, 111 26 25 -1, 111 27 26 -1, 111 25 110 -1, 112 28 27 -1, 112 27 111 -1, 113 28 112 -1, 114 29 28 -1, 114 28 113 -1, 115 30 29 -1, 115 31 30 -1, 115 29 114 -1, 116 32 31 -1, 116 31 115 -1, 117 33 32 -1, 117 32 116 -1, 118 33 117 -1, 118 34 33 -1, 119 34 118 -1, 120 34 119 -1, 120 35 34 -1, 121 35 120 -1, 121 36 35 -1, 121 37 36 -1, 122 37 121 -1, 122 38 37 -1, 123 38 122 -1, 124 38 123 -1, 124 39 38 -1, 125 39 124 -1, 125 40 39 -1, 125 41 40 -1, 126 41 125 -1, 127 41 126 -1, 127 42 41 -1, 128 42 127 -1, 128 43 42 -1, 129 44 43 -1, 129 45 44 -1, 129 43 128 -1, 130 46 45 -1, 130 45 129 -1, 131 46 130 -1, 132 47 46 -1, 132 46 131 -1, 133 48 47 -1, 133 47 132 -1, 134 49 48 -1, 134 48 133 -1, 135 50 49 -1, 135 49 134 -1, 136 51 50 -1, 136 50 135 -1, 137 52 51 -1, 137 51 136 -1, 138 53 52 -1, 138 52 137 -1, 139 54 53 -1, 139 55 54 -1, 139 53 138 -1, 140 55 139 -1, 141 56 55 -1, 141 55 140 -1, 142 57 56 -1, 142 56 141 -1, 143 58 57 -1, 143 57 142 -1, 144 58 143 -1, 144 59 58 -1, 145 59 144 -1, 145 60 59 -1, 145 61 60 -1, 146 61 145 -1, 146 62 61 -1, 147 62 146 -1, 148 62 147 -1, 148 63 62 -1, 149 63 148 -1, 149 64 63 -1, 150 64 149 -1, 150 65 64 -1, 151 65 150 -1, 151 66 65 -1, 152 66 151 -1, 152 67 66 -1, 153 67 152 -1, 153 68 67 -1, 153 69 68 -1, 154 69 153 -1, 154 70 69 -1, 155 70 154 -1, 155 71 70 -1, 156 71 155 -1, 157 71 156 -1, 157 72 71 -1, 158 72 157 -1, 158 73 72 -1, 158 74 73 -1, 159 74 158 -1, 160 74 159 -1, 160 75 74 -1, 160 76 75 -1, 161 76 160 -1, 162 76 161 -1, 162 77 76 -1, 163 78 77 -1, 163 77 162 -1, 163 79 78 -1, 164 79 163 -1, 165 80 79 -1, 165 79 164 -1, 166 81 80 -1, 166 82 81 -1, 166 80 165 -1, 167 82 166 -1, 168 83 82 -1, 168 82 167 -1, 169 83 168 -1, 169 84 83 -1, 86 84 169 -1, 86 85 84 -1, 286 285 223 -1, 286 223 222 -1, 284 223 285 -1, 284 224 223 -1, 287 286 222 -1, 287 222 221 -1, 283 224 284 -1, 283 225 224 -1, 288 287 221 -1, 288 221 220 -1, 282 226 225 -1, 282 225 283 -1, 289 288 220 -1, 289 220 219 -1, 281 227 226 -1, 281 226 282 -1, 290 289 219 -1, 290 219 218 -1, 280 227 281 -1, 280 228 227 -1, 291 290 218 -1, 291 218 217 -1, 279 228 280 -1, 279 229 228 -1, 292 217 216 -1, 292 291 217 -1, 278 230 229 -1, 278 229 279 -1, 293 292 216 -1, 293 216 215 -1, 277 230 278 -1, 277 231 230 -1, 294 215 214 -1, 294 293 215 -1, 295 294 214 -1, 295 214 213 -1, 276 231 277 -1, 276 232 231 -1, 296 213 212 -1, 296 295 213 -1, 275 232 276 -1, 275 233 232 -1, 297 296 212 -1, 297 212 211 -1, 274 233 275 -1, 274 234 233 -1, 298 211 210 -1, 298 297 211 -1, 273 234 274 -1, 273 235 234 -1, 299 210 209 -1, 299 298 210 -1, 272 236 235 -1, 272 235 273 -1, 300 299 209 -1, 300 209 208 -1, 271 236 272 -1, 271 237 236 -1, 301 300 208 -1, 301 208 207 -1, 270 238 237 -1, 270 237 271 -1, 302 207 206 -1, 302 301 207 -1, 269 239 238 -1, 269 238 270 -1, 303 206 205 -1, 303 302 206 -1, 268 239 269 -1, 268 240 239 -1, 304 303 205 -1, 304 205 204 -1, 267 240 268 -1, 267 241 240 -1, 305 204 203 -1, 305 304 204 -1, 266 241 267 -1, 266 242 241 -1, 306 203 202 -1, 306 305 203 -1, 265 242 266 -1, 265 243 242 -1, 307 306 202 -1, 264 243 265 -1, 201 307 202 -1, 244 243 264 -1, 263 244 264 -1, 200 308 307 -1, 200 307 201 -1, 245 244 263 -1, 245 263 262 -1, 199 309 308 -1, 199 308 200 -1, 246 245 262 -1, 198 310 309 -1, 198 309 199 -1, 247 246 262 -1, 247 262 261 -1, 197 311 310 -1, 197 310 198 -1, 248 247 261 -1, 248 260 259 -1, 248 261 260 -1, 196 312 311 -1, 196 313 312 -1, 196 311 197 -1, 249 259 258 -1, 249 248 259 -1, 195 313 196 -1, 250 249 258 -1, 194 313 195 -1, 194 314 313 -1, 194 315 314 -1, 251 250 258 -1, 251 258 257 -1, 193 315 194 -1, 252 251 257 -1, 252 256 255 -1, 252 257 256 -1, 192 315 193 -1, 192 316 315 -1, 192 317 316 -1, 253 252 255 -1, 170 253 255 -1, 170 254 337 -1, 170 255 254 -1, 191 317 192 -1, 171 170 337 -1, 190 318 317 -1, 190 319 318 -1, 190 317 191 -1, 172 337 336 -1, 172 171 337 -1, 189 319 190 -1, 189 320 319 -1, 173 172 336 -1, 173 336 335 -1, 188 320 189 -1, 174 173 335 -1, 174 334 333 -1, 174 335 334 -1, 187 321 320 -1, 187 322 321 -1, 187 320 188 -1, 175 174 333 -1, 175 333 332 -1, 186 322 187 -1, 176 175 332 -1, 185 323 322 -1, 185 322 186 -1, 177 331 330 -1, 177 332 331 -1, 177 176 332 -1, 184 324 323 -1, 184 323 185 -1, 183 325 324 -1, 183 324 184 -1, 178 177 330 -1, 179 330 329 -1, 179 178 330 -1, 182 326 325 -1, 182 325 183 -1, 180 179 329 -1, 180 329 328 -1, 181 327 326 -1, 181 328 327 -1, 181 180 328 -1, 181 326 182 -1, 454 391 453 -1, 454 390 391 -1, 452 453 391 -1, 452 391 392 -1, 455 390 454 -1, 455 389 390 -1, 451 452 392 -1, 451 392 393 -1, 456 389 455 -1, 456 388 389 -1, 450 393 394 -1, 450 451 393 -1, 457 388 456 -1, 457 387 388 -1, 449 394 395 -1, 449 450 394 -1, 458 387 457 -1, 458 386 387 -1, 448 449 395 -1, 448 395 396 -1, 459 386 458 -1, 459 385 386 -1, 447 448 396 -1, 447 396 397 -1, 460 384 385 -1, 460 385 459 -1, 446 397 398 -1, 446 447 397 -1, 461 384 460 -1, 461 383 384 -1, 445 446 398 -1, 445 398 399 -1, 462 382 383 -1, 462 383 461 -1, 463 382 462 -1, 463 381 382 -1, 444 445 399 -1, 444 399 400 -1, 464 380 381 -1, 464 381 463 -1, 443 444 400 -1, 443 400 401 -1, 465 380 464 -1, 465 379 380 -1, 442 443 401 -1, 442 401 402 -1, 466 378 379 -1, 466 379 465 -1, 441 442 402 -1, 441 402 403 -1, 467 377 378 -1, 467 378 466 -1, 440 403 404 -1, 440 441 403 -1, 468 377 467 -1, 468 376 377 -1, 439 440 404 -1, 439 404 405 -1, 469 376 468 -1, 469 375 376 -1, 438 405 406 -1, 438 439 405 -1, 470 374 375 -1, 470 375 469 -1, 437 406 407 -1, 437 438 406 -1, 471 373 374 -1, 471 374 470 -1, 436 437 407 -1, 436 407 408 -1, 472 373 471 -1, 472 372 373 -1, 435 436 408 -1, 435 408 409 -1, 473 371 372 -1, 473 372 472 -1, 434 435 409 -1, 434 409 410 -1, 474 370 371 -1, 474 371 473 -1, 433 434 410 -1, 433 410 411 -1, 475 370 474 -1, 432 433 411 -1, 369 370 475 -1, 412 432 411 -1, 431 432 412 -1, 368 475 476 -1, 368 369 475 -1, 413 431 412 -1, 413 430 431 -1, 367 476 477 -1, 367 368 476 -1, 414 430 413 -1, 366 477 478 -1, 366 367 477 -1, 415 430 414 -1, 415 429 430 -1, 365 478 479 -1, 365 366 478 -1, 416 429 415 -1, 416 427 428 -1, 416 428 429 -1, 364 479 480 -1, 364 480 481 -1, 364 365 479 -1, 417 426 427 -1, 417 427 416 -1, 363 364 481 -1, 418 426 417 -1, 362 363 481 -1, 362 481 482 -1, 362 482 483 -1, 419 426 418 -1, 419 425 426 -1, 361 362 483 -1, 420 425 419 -1, 420 423 424 -1, 420 424 425 -1, 360 361 483 -1, 360 483 484 -1, 360 484 485 -1, 421 423 420 -1, 338 423 421 -1, 338 505 422 -1, 338 422 423 -1, 359 360 485 -1, 339 505 338 -1, 358 485 486 -1, 358 486 487 -1, 358 359 485 -1, 340 504 505 -1, 340 505 339 -1, 357 358 487 -1, 357 487 488 -1, 341 504 340 -1, 341 503 504 -1, 356 357 488 -1, 342 503 341 -1, 342 501 502 -1, 342 502 503 -1, 355 488 489 -1, 355 489 490 -1, 355 356 488 -1, 343 501 342 -1, 343 500 501 -1, 354 355 490 -1, 344 500 343 -1, 353 490 491 -1, 353 354 490 -1, 345 498 499 -1, 345 499 500 -1, 345 500 344 -1, 352 491 492 -1, 352 353 491 -1, 351 492 493 -1, 351 352 492 -1, 346 498 345 -1, 347 497 498 -1, 347 498 346 -1, 350 493 494 -1, 350 351 493 -1, 348 497 347 -1, 348 496 497 -1, 349 494 495 -1, 349 495 496 -1, 349 496 348 -1, 349 350 494 -1, 589 591 675 -1, 589 590 591 -1, 588 675 674 -1, 588 589 675 -1, 587 674 673 -1, 587 588 674 -1, 586 673 672 -1, 586 587 673 -1, 585 672 671 -1, 585 586 672 -1, 584 671 670 -1, 584 585 671 -1, 583 584 670 -1, 583 670 669 -1, 582 583 669 -1, 582 669 668 -1, 581 582 668 -1, 581 668 667 -1, 580 581 667 -1, 580 667 666 -1, 579 580 666 -1, 579 666 665 -1, 578 579 665 -1, 578 665 664 -1, 577 578 664 -1, 577 664 663 -1, 576 577 663 -1, 576 663 662 -1, 575 576 662 -1, 575 661 660 -1, 575 662 661 -1, 574 575 660 -1, 573 574 660 -1, 573 660 659 -1, 572 573 659 -1, 572 658 657 -1, 572 659 658 -1, 571 572 657 -1, 570 657 656 -1, 570 571 657 -1, 569 656 655 -1, 569 570 656 -1, 568 654 653 -1, 568 655 654 -1, 568 569 655 -1, 567 568 653 -1, 566 653 652 -1, 566 567 653 -1, 565 652 651 -1, 565 566 652 -1, 564 651 650 -1, 564 565 651 -1, 563 649 648 -1, 563 650 649 -1, 563 564 650 -1, 562 563 648 -1, 561 648 647 -1, 561 562 648 -1, 560 647 646 -1, 560 561 647 -1, 559 646 645 -1, 559 560 646 -1, 558 559 645 -1, 558 645 644 -1, 557 558 644 -1, 557 644 643 -1, 556 557 643 -1, 556 643 642 -1, 555 556 642 -1, 555 642 641 -1, 554 555 641 -1, 554 641 640 -1, 553 554 640 -1, 553 640 639 -1, 552 553 639 -1, 552 639 638 -1, 551 638 637 -1, 551 552 638 -1, 550 637 636 -1, 550 551 637 -1, 549 635 634 -1, 549 636 635 -1, 549 550 636 -1, 548 634 633 -1, 548 549 634 -1, 547 548 633 -1, 546 633 632 -1, 546 547 633 -1, 545 632 631 -1, 545 546 632 -1, 544 631 630 -1, 544 545 631 -1, 543 630 629 -1, 543 544 630 -1, 542 629 628 -1, 542 543 629 -1, 541 628 627 -1, 541 542 628 -1, 540 627 626 -1, 540 541 627 -1, 539 626 625 -1, 539 540 626 -1, 538 625 624 -1, 538 539 625 -1, 537 624 623 -1, 537 538 624 -1, 536 623 622 -1, 536 537 623 -1, 535 622 621 -1, 535 536 622 -1, 534 620 619 -1, 534 621 620 -1, 534 535 621 -1, 533 619 618 -1, 533 534 619 -1, 532 533 618 -1, 531 532 618 -1, 531 617 616 -1, 531 618 617 -1, 530 531 616 -1, 530 616 615 -1, 529 530 615 -1, 528 615 614 -1, 528 529 615 -1, 527 613 612 -1, 527 614 613 -1, 527 528 614 -1, 526 527 612 -1, 525 612 611 -1, 525 526 612 -1, 524 610 609 -1, 524 611 610 -1, 524 525 611 -1, 523 609 608 -1, 523 524 609 -1, 522 523 608 -1, 521 608 607 -1, 521 522 608 -1, 520 521 607 -1, 520 606 605 -1, 520 607 606 -1, 519 520 605 -1, 518 519 605 -1, 518 604 603 -1, 518 605 604 -1, 517 518 603 -1, 517 603 602 -1, 516 517 602 -1, 515 516 602 -1, 515 601 600 -1, 515 602 601 -1, 514 515 600 -1, 513 514 600 -1, 513 600 599 -1, 512 513 599 -1, 512 598 597 -1, 512 599 598 -1, 511 512 597 -1, 510 511 597 -1, 510 596 595 -1, 510 597 596 -1, 509 510 595 -1, 508 509 595 -1, 508 595 594 -1, 507 508 594 -1, 507 594 593 -1, 506 507 593 -1, 506 593 592 -1 ] } }
Shape { appearance Appearance { material Material { diffuseColor 0.64 0.66 0.69 specularColor .4 .4 .4 shininess .5 } } geometry IndexedFaceSet { solid FALSE coord Coordinate { point [ -0.196850 -0.078740 0.472441, -0.196850 0.551181 0.472441, -0.196850 -0.078740 0.314961, -0.196850 0.708661 0.314961, -0.196850 0.708661 1.771654, -0.196850 0.551181 1.771654, -0.196850 -0.078740 0.472441, -0.196850 0.551181 0.472441, 0.196850 -0.078740 0.472441, 0.196850 0.551181 0.472441, -0.196850 -0.078740 0.314961, 0.196850 -0.078740 0.314961, 0.196850 0.708661 0.314961, -0.196850 0.708661 0.314961, -0.196850 -0.078740 0.314961, 0.196850 -0.078740 0.314961, -0.196850 -0.078740 0.472441, 0.196850 -0.078740 0.472441, 0.196850 0.551181 0.472441, 0.196850 0.551181 1.771654, -0.196850 0.551181 0.472441, -0.196850 0.551181 1.771654, 0.196850 -0.078740 0.472441, 0.196850 0.551181 0.472441, 0.196850 -0.078740 0.314961, 0.196850 0.708661 0.314961, 0.196850 0.708661 1.771654, 0.196850 0.551181 1.771654, -0.196850 0.708661 0.314961, 0.196850 0.708661 0.314961, -0.196850 0.708661 1.771654, 0.196850 0.708661 1.771654, -0.196850 0.551181 1.771654, -0.196850 0.708661 1.771654, 0.196850 0.551181 1.771654, 0.196850 0.708661 1.771654, -0.196850 -0.078740 -1.377953, -0.196850 -0.078740 0.196850, -0.196850 0.078740 -1.377953, -0.196850 0.078740 0.196850, -0.196850 -0.078740 -1.377953, 0.196850 -0.078740 -1.377953, -0.196850 -0.078740 0.196850, 0.196850 -0.078740 0.196850, 0.196850 -0.078740 -1.377953, 0.196850 -0.078740 0.196850, 0.196850 0.078740 -1.377953, 0.196850 0.078740 0.196850, -0.196850 0.078740 -1.377953, 0.196850 0.078740 -1.377953, -0.196850 0.078740 0.196850, 0.196850 0.078740 0.196850, -0.196850 -0.078740 -1.377953, -0.196850 0.078740 -1.377953, 0.196850 -0.078740 -1.377953, 0.196850 0.078740 -1.377953, -0.196850 -0.078740 0.196850, -0.196850 0.078740 0.196850, 0.196850 -0.078740 0.196850, 0.196850 0.078740 0.196850 ] } coordIndex [ 2 1 3 -1, 0 1 2 -1, 4 3 1 -1, 5 4 1 -1, 9 7 6 -1, 9 6 8 -1, 12 11 10 -1, 12 10 13 -1, 17 14 15 -1, 17 16 14 -1, 19 20 18 -1, 19 21 20 -1, 24 25 23 -1, 22 24 23 -1, 26 23 25 -1, 27 23 26 -1, 31 29 28 -1, 31 28 30 -1, 35 33 32 -1, 35 32 34 -1, 37 38 36 -1, 37 39 38 -1, 43 40 41 -1, 43 42 40 -1, 45 44 46 -1, 45 46 47 -1, 51 49 48 -1, 51 48 50 -1, 55 52 53 -1, 55 54 52 -1, 59 57 56 -1, 59 56 58 -1 ] } }
Shape { appearance Appearance { material Material { diffuseColor 0.59 0.46 0.24 specularColor .4 .4 .4 shininess .5 } } geometry IndexedFaceSet { solid FALSE coord Coordinate { point [ 0.433071 1.106299 1.692913, 0.433071 1.185039 1.692913, 0.431860 1.185039 1.660550, 0.428234 1.185039 1.628368, 0.422213 1.185039 1.596546, 0.413831 1.185039 1.565264, 0.403134 1.185039 1.534695, 0.390183 1.185039 1.505011, 0.375050 1.185039 1.476378, 0.357820 1.185039 1.448956, 0.338588 1.185039 1.422898, 0.317463 1.185039 1.398350, 0.294563 1.185039 1.375450, 0.270015 1.185039 1.354325, 0.243958 1.185039 1.335093, 0.216535 1.185039 1.317863, 0.187902 1.185039 1.302730, 0.158219 1.185039 1.289779, 0.127650 1.185039 1.279083, 0.096367 1.185039 1.270701, 0.064546 1.185039 1.264680, 0.032363 1.185039 1.261053, -0.000000 1.185039 1.259843, -0.032363 1.185039 1.261053, -0.064546 1.185039 1.264680, -0.096367 1.185039 1.270701, -0.127650 1.185039 1.279083, -0.158219 1.185039 1.289779, -0.187902 1.185039 1.302730, -0.216535 1.185039 1.317863, -0.243958 1.185039 1.335093, -0.270015 1.185039 1.354325, -0.294563 1.185039 1.375450, -0.317463 1.185039 1.398350, -0.338588 1.185039 1.422898, -0.357820 1.185039 1.448956, -0.375050 1.185039 1.476378, -0.390183 1.185039 1.505011, -0.403134 1.185039 1.534695, -0.413831 1.185039 1.565264, -0.422213 1.185039 1.596546, -0.428234 1.185039 1.628368, -0.431860 1.185039 1.660550, -0.433071 1.185039 1.692913, -0.431860 1.185039 1.725277, -0.428234 1.185039 1.757459, -0.422213 1.185039 1.789281, -0.413831 1.185039 1.820563, -0.403134 1.185039 1.851132, -0.390183 1.185039 1.880816, -0.375050 1.185039 1.909449, -0.357820 1.185039 1.936871, -0.338588 1.185039 1.962929, -0.317463 1.185039 1.987476, -0.294563 1.185039 2.010377, -0.270015 1.185039 2.031502, -0.243958 1.185039 2.050733, -0.216535 1.185039 2.067964, -0.187902 1.185039 2.083097, -0.158219 1.185039 2.096048, -0.127650 1.185039 2.106744, -0.096367 1.185039 2.115126, -0.064546 1.185039 2.121147, -0.032363 1.185039 2.124773, -0.000000 1.185039 2.125984, 0.032363 1.185039 2.124773, 0.064546 1.185039 2.121147, 0.096367 1.185039 2.115126, 0.127650 1.185039 2.106744, 0.158219 1.185039 2.096048, 0.187902 1.185039 2.083097, 0.216535 1.185039 2.067964, 0.243958 1.185039 2.050733, 0.270015 1.185039 2.031502, 0.294563 1.185039 2.010377, 0.317463 1.185039 1.987476, 0.338588 1.185039 1.962929, 0.357820 1.185039 1.936871, 0.375050 1.185039 1.909449, 0.390183 1.185039 1.880816, 0.403134 1.185039 1.851132, 0.413831 1.185039 1.820563, 0.422213 1.185039 1.789281, 0.428234 1.185039 1.757459, 0.431860 1.185039 1.725277, 0.433071 1.185039 1.692913, 0.433071 1.106299 1.692913, 0.431860 1.106299 1.660550, 0.428234 1.106299 1.628368, 0.422213 1.106299 1.596546, 0.413831 1.106299 1.565264, 0.403134 1.106299 1.534695, 0.390183 1.106299 1.505011, 0.375050 1.106299 1.476378, 0.357820 1.106299 1.448956, 0.338588 1.106299 1.422898, 0.317463 1.106299 1.398350, 0.294563 1.106299 1.375450, 0.270015 1.106299 1.354325, 0.243958 1.106299 1.335093, 0.216535 1.106299 1.317863, 0.187902 1.106299 1.302730, 0.158219 1.106299 1.289779, 0.127650 1.106299 1.279083, 0.096367 1.106299 1.270701, 0.064546 1.106299 1.264680, 0.032363 1.106299 1.261053, -0.000000 1.106299 1.259843, -0.032363 1.106299 1.261053, -0.064546 1.106299 1.264680, -0.096367 1.106299 1.270701, -0.127650 1.106299 1.279083, -0.158219 1.106299 1.289779, -0.187902 1.106299 1.302730, -0.216535 1.106299 1.317863, -0.243958 1.106299 1.335093, -0.270015 1.106299 1.354325, -0.294563 1.106299 1.375450, -0.317463 1.106299 1.398350, -0.338588 1.106299 1.422898, -0.357820 1.106299 1.448956, -0.375050 1.106299 1.476378, -0.390183 1.106299 1.505011, -0.403134 1.106299 1.534695, -0.413831 1.106299 1.565264, -0.422213 1.106299 1.596546, -0.428234 1.106299 1.628368, -0.431860 1.106299 1.660550, -0.433071 1.106299 1.692913, -0.431860 1.106299 1.725277, -0.428234 1.106299 1.757459, -0.422213 1.106299 1.789281, -0.413831 1.106299 1.820563, -0.403134 1.106299 1.851132, -0.390183 1.106299 1.880816, -0.375050 1.106299 1.909449, -0.357820 1.106299 1.936871, -0.338588 1.106299 1.962929, -0.317463 1.106299 1.987476, -0.294563 1.106299 2.010377, -0.270015 1.106299 2.031502, -0.243958 1.106299 2.050733, -0.216535 1.106299 2.067964, -0.187902 1.106299 2.083097, -0.158219 1.106299 2.096048, -0.127650 1.106299 2.106744, -0.096367 1.106299 2.115126, -0.064546 1.106299 2.121147, -0.032363 1.106299 2.124773, -0.000000 1.106299 2.125984, 0.032363 1.106299 2.124773, 0.064546 1.106299 2.121147, 0.096367 1.106299 2.115126, 0.127650 1.106299 2.106744, 0.158219 1.106299 2.096048, 0.187902 1.106299 2.083097, 0.216535 1.106299 2.067964, 0.243958 1.106299 2.050733, 0.270015 1.106299 2.031502, 0.294563 1.106299 2.010377, 0.317463 1.106299 1.987476, 0.338588 1.106299 1.962929, 0.357820 1.106299 1.936871, 0.375050 1.106299 1.909449, 0.390183 1.106299 1.880816, 0.403134 1.106299 1.851132, 0.413831 1.106299 1.820563, 0.422213 1.106299 1.789281, 0.428234 1.106299 1.757459, 0.431860 1.106299 1.725277, 0.433071 1.106299 1.692913, 0.431860 1.106299 1.660550, 0.428234 1.106299 1.628368, 0.422213 1.106299 1.596546, 0.413831 1.106299 1.565264, 0.403134 1.106299 1.534695, 0.390183 1.106299 1.505011, 0.375050 1.106299 1.476378, 0.357820 1.106299 1.448956, 0.338588 1.106299 1.422898, 0.317463 1.106299 1.398350, 0.294563 1.106299 1.375450, 0.270015 1.106299 1.354325, 0.243958 1.106299 1.335093, 0.216535 1.106299 1.317863, 0.187902 1.106299 1.302730, 0.158219 1.106299 1.289779, 0.127650 1.106299 1.279083, 0.096367 1.106299 1.270701, 0.064546 1.106299 1.264680, 0.032363 1.106299 1.261053, -0.000000 1.106299 1.259843, -0.032363 1.106299 1.261053, -0.064546 1.106299 1.264680, -0.096367 1.106299 1.270701, -0.127650 1.106299 1.279083, -0.158219 1.106299 1.289779, -0.187902 1.106299 1.302730, -0.216535 1.106299 1.317863, -0.243958 1.106299 1.335093, -0.270015 1.106299 1.354325, -0.294563 1.106299 1.375450, -0.317463 1.106299 1.398350, -0.338588 1.106299 1.422898, -0.357820 1.106299 1.448956, -0.375050 1.106299 1.476378, -0.390183 1.106299 1.505011, -0.403134 1.106299 1.534695, -0.413831 1.106299 1.565264, -0.422213 1.106299 1.596546, -0.428234 1.106299 1.628368, -0.431860 1.106299 1.660550, -0.433071 1.106299 1.692913, -0.431860 1.106299 1.725277, -0.428234 1.106299 1.757459, -0.422213 1.106299 1.789281, -0.413831 1.106299 1.820563, -0.403134 1.106299 1.851132, -0.390183 1.106299 1.880816, -0.375050 1.106299 1.909449, -0.357820 1.106299 1.936871, -0.338588 1.106299 1.962929, -0.317463 1.106299 1.987476, -0.294563 1.106299 2.010377, -0.270015 1.106299 2.031502, -0.243958 1.106299 2.050733, -0.216535 1.106299 2.067964, -0.187902 1.106299 2.083097, -0.158219 1.106299 2.096048, -0.127650 1.106299 2.106744, -0.096367 1.106299 2.115126, -0.064546 1.106299 2.121147, -0.032363 1.106299 2.124773, -0.000000 1.106299 2.125984, 0.032363 1.106299 2.124773, 0.064546 1.106299 2.121147, 0.096367 1.106299 2.115126, 0.127650 1.106299 2.106744, 0.158219 1.106299 2.096048, 0.187902 1.106299 2.083097, 0.216535 1.106299 2.067964, 0.243958 1.106299 2.050733, 0.270015 1.106299 2.031502, 0.294563 1.106299 2.010377, 0.317463 1.106299 1.987476, 0.338588 1.106299 1.962929, 0.357820 1.106299 1.936871, 0.375050 1.106299 1.909449, 0.390183 1.106299 1.880816, 0.403134 1.106299 1.851132, 0.413831 1.106299 1.820563, 0.422213 1.106299 1.789281, 0.428234 1.106299 1.757459, 0.431860 1.106299 1.725277, 0.216535 1.106299 1.692913, 0.215930 1.106299 1.709095, 0.214117 1.106299 1.725186, 0.211106 1.106299 1.741097, 0.206915 1.106299 1.756738, 0.201567 1.106299 1.772023, 0.195092 1.106299 1.786865, 0.187525 1.106299 1.801181, 0.178910 1.106299 1.814892, 0.169294 1.106299 1.827921, 0.158732 1.106299 1.840195, 0.147281 1.106299 1.851645, 0.135008 1.106299 1.862208, 0.121979 1.106299 1.871823, 0.108268 1.106299 1.880439, 0.093951 1.106299 1.888005, 0.079109 1.106299 1.894481, 0.063825 1.106299 1.899829, 0.048184 1.106299 1.904020, 0.032273 1.106299 1.907030, 0.016182 1.106299 1.908843, -0.000000 1.106299 1.909449, -0.016182 1.106299 1.908843, -0.032273 1.106299 1.907030, -0.048184 1.106299 1.904020, -0.063825 1.106299 1.899829, -0.079109 1.106299 1.894481, -0.093951 1.106299 1.888005, -0.108268 1.106299 1.880439, -0.121979 1.106299 1.871823, -0.135008 1.106299 1.862208, -0.147281 1.106299 1.851645, -0.158732 1.106299 1.840195, -0.169294 1.106299 1.827921, -0.178910 1.106299 1.814892, -0.187525 1.106299 1.801181, -0.195092 1.106299 1.786865, -0.201567 1.106299 1.772023, -0.206915 1.106299 1.756738, -0.211106 1.106299 1.741097, -0.214117 1.106299 1.725186, -0.215930 1.106299 1.709095, -0.216535 1.106299 1.692913, -0.215930 1.106299 1.676732, -0.214117 1.106299 1.660640, -0.211106 1.106299 1.644730, -0.206915 1.106299 1.629088, -0.201567 1.106299 1.613804, -0.195092 1.106299 1.598962, -0.187525 1.106299 1.584646, -0.178910 1.106299 1.570935, -0.169294 1.106299 1.557906, -0.158732 1.106299 1.545632, -0.147281 1.106299 1.534182, -0.135008 1.106299 1.523619, -0.121979 1.106299 1.514003, -0.108268 1.106299 1.505388, -0.093951 1.106299 1.497822, -0.079109 1.106299 1.491346, -0.063825 1.106299 1.485998, -0.048184 1.106299 1.481807, -0.032273 1.106299 1.478796, -0.016182 1.106299 1.476983, -0.000000 1.106299 1.476378, 0.016182 1.106299 1.476983, 0.032273 1.106299 1.478796, 0.048184 1.106299 1.481807, 0.063825 1.106299 1.485998, 0.079109 1.106299 1.491346, 0.093951 1.106299 1.497822, 0.108268 1.106299 1.505388, 0.121979 1.106299 1.514003, 0.135008 1.106299 1.523619, 0.147281 1.106299 1.534182, 0.158732 1.106299 1.545632, 0.169294 1.106299 1.557906, 0.178910 1.106299 1.570935, 0.187525 1.106299 1.584646, 0.195092 1.106299 1.598962, 0.201567 1.106299 1.613804, 0.206915 1.106299 1.629088, 0.211106 1.106299 1.644730, 0.214117 1.106299 1.660640, 0.215930 1.106299 1.676732, 0.433071 1.185039 1.692913, 0.431860 1.185039 1.660550, 0.428234 1.185039 1.628368, 0.422213 1.185039 1.596546, 0.413831 1.185039 1.565264, 0.403134 1.185039 1.534695, 0.390183 1.185039 1.505011, 0.375050 1.185039 1.476378, 0.357820 1.185039 1.448956, 0.338588 1.185039 1.422898, 0.317463 1.185039 1.398350, 0.294563 1.185039 1.375450, 0.270015 1.185039 1.354325, 0.243958 1.185039 1.335093, 0.216535 1.185039 1.317863, 0.187902 1.185039 1.302730, 0.158219 1.185039 1.289779, 0.127650 1.185039 1.279083, 0.096367 1.185039 1.270701, 0.064546 1.185039 1.264680, 0.032363 1.185039 1.261053, -0.000000 1.185039 1.259843, -0.032363 1.185039 1.261053, -0.064546 1.185039 1.264680, -0.096367 1.185039 1.270701, -0.127650 1.185039 1.279083, -0.158219 1.185039 1.289779, -0.187902 1.185039 1.302730, -0.216535 1.185039 1.317863, -0.243958 1.185039 1.335093, -0.270015 1.185039 1.354325, -0.294563 1.185039 1.375450, -0.317463 1.185039 1.398350, -0.338588 1.185039 1.422898, -0.357820 1.185039 1.448956, -0.375050 1.185039 1.476378, -0.390183 1.185039 1.505011, -0.403134 1.185039 1.534695, -0.413831 1.185039 1.565264, -0.422213 1.185039 1.596546, -0.428234 1.185039 1.628368, -0.431860 1.185039 1.660550, -0.433071 1.185039 1.692913, -0.431860 1.185039 1.725277, -0.428234 1.185039 1.757459, -0.422213 1.185039 1.789281, -0.413831 1.185039 1.820563, -0.403134 1.185039 1.851132, -0.390183 1.185039 1.880816, -0.375050 1.185039 1.909449, -0.357820 1.185039 1.936871, -0.338588 1.185039 1.962929, -0.317463 1.185039 1.987476, -0.294563 1.185039 2.010377, -0.270015 1.185039 2.031502, -0.243958 1.185039 2.050733, -0.216535 1.185039 2.067964, -0.187902 1.185039 2.083097, -0.158219 1.185039 2.096048, -0.127650 1.185039 2.106744, -0.096367 1.185039 2.115126, -0.064546 1.185039 2.121147, -0.032363 1.185039 2.124773, -0.000000 1.185039 2.125984, 0.032363 1.185039 2.124773, 0.064546 1.185039 2.121147, 0.096367 1.185039 2.115126, 0.127650 1.185039 2.106744, 0.158219 1.185039 2.096048, 0.187902 1.185039 2.083097, 0.216535 1.185039 2.067964, 0.243958 1.185039 2.050733, 0.270015 1.185039 2.031502, 0.294563 1.185039 2.010377, 0.317463 1.185039 1.987476, 0.338588 1.185039 1.962929, 0.357820 1.185039 1.936871, 0.375050 1.185039 1.909449, 0.390183 1.185039 1.880816, 0.403134 1.185039 1.851132, 0.413831 1.185039 1.820563, 0.422213 1.185039 1.789281, 0.428234 1.185039 1.757459, 0.431860 1.185039 1.725277, 0.216535 1.185039 1.692913, 0.215930 1.185039 1.709095, 0.214117 1.185039 1.725186, 0.211106 1.185039 1.741097, 0.206915 1.185039 1.756738, 0.201567 1.185039 1.772023, 0.195092 1.185039 1.786865, 0.187525 1.185039 1.801181, 0.178910 1.185039 1.814892, 0.169294 1.185039 1.827921, 0.158732 1.185039 1.840195, 0.147281 1.185039 1.851645, 0.135008 1.185039 1.862208, 0.121979 1.185039 1.871823, 0.108268 1.185039 1.880439, 0.093951 1.185039 1.888005, 0.079109 1.185039 1.894481, 0.063825 1.185039 1.899829, 0.048184 1.185039 1.904020, 0.032273 1.185039 1.907030, 0.016182 1.185039 1.908843, -0.000000 1.185039 1.909449, -0.016182 1.185039 1.908843, -0.032273 1.185039 1.907030, -0.048184 1.185039 1.904020, -0.063825 1.185039 1.899829, -0.079109 1.185039 1.894481, -0.093951 1.185039 1.888005, -0.108268 1.185039 1.880439, -0.121979 1.185039 1.871823, -0.135008 1.185039 1.862208, -0.147281 1.185039 1.851645, -0.158732 1.185039 1.840195, -0.169294 1.185039 1.827921, -0.178910 1.185039 1.814892, -0.187525 1.185039 1.801181, -0.195092 1.185039 1.786865, -0.201567 1.185039 1.772023, -0.206915 1.185039 1.756738, -0.211106 1.185039 1.741097, -0.214117 1.185039 1.725186, -0.215930 1.185039 1.709095, -0.216535 1.185039 1.692913, -0.215930 1.185039 1.676732, -0.214117 1.185039 1.660640, -0.211106 1.185039 1.644730, -0.206915 1.185039 1.629088, -0.201567 1.185039 1.613804, -0.195092 1.185039 1.598962, -0.187525 1.185039 1.584646, -0.178910 1.185039 1.570935, -0.169294 1.185039 1.557906, -0.158732 1.185039 1.545632, -0.147281 1.185039 1.534182, -0.135008 1.185039 1.523619, -0.121979 1.185039 1.514003, -0.108268 1.185039 1.505388, -0.093951 1.185039 1.497822, -0.079109 1.185039 1.491346, -0.063825 1.185039 1.485998, -0.048184 1.185039 1.481807, -0.032273 1.185039 1.478796, -0.016182 1.185039 1.476983, -0.000000 1.185039 1.476378, 0.016182 1.185039 1.476983, 0.032273 1.185039 1.478796, 0.048184 1.185039 1.481807, 0.063825 1.185039 1.485998, 0.079109 1.185039 1.491346, 0.093951 1.185039 1.497822, 0.108268 1.185039 1.505388, 0.121979 1.185039 1.514003, 0.135008 1.185039 1.523619, 0.147281 1.185039 1.534182, 0.158732 1.185039 1.545632, 0.169294 1.185039 1.557906, 0.178910 1.185039 1.570935, 0.187525 1.185039 1.584646, 0.195092 1.185039 1.598962, 0.201567 1.185039 1.613804, 0.206915 1.185039 1.629088, 0.211106 1.185039 1.644730, 0.214117 1.185039 1.660640, 0.215930 1.185039 1.676732, 0.216535 1.106299 1.692913, 0.215930 1.106299 1.709095, 0.214117 1.106299 1.725186, 0.211106 1.106299 1.741097, 0.206915 1.106299 1.756738, 0.201567 1.106299 1.772023, 0.195092 1.106299 1.786865, 0.187525 1.106299 1.801181, 0.178910 1.106299 1.814892, 0.169294 1.106299 1.827921, 0.158732 1.106299 1.840195, 0.147281 1.106299 1.851645, 0.135008 1.106299 1.862208, 0.121979 1.106299 1.871823, 0.108268 1.106299 1.880439, 0.093951 1.106299 1.888005, 0.079109 1.106299 1.894481, 0.063825 1.106299 1.899829, 0.048184 1.106299 1.904020, 0.032273 1.106299 1.907030, 0.016182 1.106299 1.908843, -0.000000 1.106299 1.909449, -0.016182 1.106299 1.908843, -0.032273 1.106299 1.907030, -0.048184 1.106299 1.904020, -0.063825 1.106299 1.899829, -0.079109 1.106299 1.894481, -0.093951 1.106299 1.888005, -0.108268 1.106299 1.880439, -0.121979 1.106299 1.871823, -0.135008 1.106299 1.862208, -0.147281 1.106299 1.851645, -0.158732 1.106299 1.840195, -0.169294 1.106299 1.827921, -0.178910 1.106299 1.814892, -0.187525 1.106299 1.801181, -0.195092 1.106299 1.786865, -0.201567 1.106299 1.772023, -0.206915 1.106299 1.756738, -0.211106 1.106299 1.741097, -0.214117 1.106299 1.725186, -0.215930 1.106299 1.709095, -0.216535 1.106299 1.692913, -0.215930 1.106299 1.676732, -0.214117 1.106299 1.660640, -0.211106 1.106299 1.644730, -0.206915 1.106299 1.629088, -0.201567 1.106299 1.613804, -0.195092 1.106299 1.598962, -0.187525 1.106299 1.584646, -0.178910 1.106299 1.570935, -0.169294 1.106299 1.557906, -0.158732 1.106299 1.545632, -0.147281 1.106299 1.534182, -0.135008 1.106299 1.523619, -0.121979 1.106299 1.514003, -0.108268 1.106299 1.505388, -0.093951 1.106299 1.497822, -0.079109 1.106299 1.491346, -0.063825 1.106299 1.485998, -0.048184 1.106299 1.481807, -0.032273 1.106299 1.478796, -0.016182 1.106299 1.476983, -0.000000 1.106299 1.476378, 0.016182 1.106299 1.476983, 0.032273 1.106299 1.478796, 0.048184 1.106299 1.481807, 0.063825 1.106299 1.485998, 0.079109 1.106299 1.491346, 0.093951 1.106299 1.497822, 0.108268 1.106299 1.505388, 0.121979 1.106299 1.514003, 0.135008 1.106299 1.523619, 0.147281 1.106299 1.534182, 0.158732 1.106299 1.545632, 0.169294 1.106299 1.557906, 0.178910 1.106299 1.570935, 0.187525 1.106299 1.584646, 0.195092 1.106299 1.598962, 0.201567 1.106299 1.613804, 0.206915 1.106299 1.629088, 0.211106 1.106299 1.644730, 0.214117 1.106299 1.660640, 0.215930 1.106299 1.676732, 0.216535 1.106299 1.692913, 0.216535 1.185039 1.692913, 0.216535 1.185039 1.692913, 0.215930 1.185039 1.709095, 0.214117 1.185039 1.725186, 0.211106 1.185039 1.741097, 0.206915 1.185039 1.756738, 0.201567 1.185039 1.772023, 0.195092 1.185039 1.786865, 0.187525 1.185039 1.801181, 0.178910 1.185039 1.814892, 0.169294 1.185039 1.827921, 0.158732 1.185039 1.840195, 0.147281 1.185039 1.851645, 0.135008 1.185039 1.862208, 0.121979 1.185039 1.871823, 0.108268 1.185039 1.880439, 0.093951 1.185039 1.888005, 0.079109 1.185039 1.894481, 0.063825 1.185039 1.899829, 0.048184 1.185039 1.904020, 0.032273 1.185039 1.907030, 0.016182 1.185039 1.908843, -0.000000 1.185039 1.909449, -0.016182 1.185039 1.908843, -0.032273 1.185039 1.907030, -0.048184 1.185039 1.904020, -0.063825 1.185039 1.899829, -0.079109 1.185039 1.894481, -0.093951 1.185039 1.888005, -0.108268 1.185039 1.880439, -0.121979 1.185039 1.871823, -0.135008 1.185039 1.862208, -0.147281 1.185039 1.851645, -0.158732 1.185039 1.840195, -0.169294 1.185039 1.827921, -0.178910 1.185039 1.814892, -0.187525 1.185039 1.801181, -0.195092 1.185039 1.786865, -0.201567 1.185039 1.772023, -0.206915 1.185039 1.756738, -0.211106 1.185039 1.741097, -0.214117 1.185039 1.725186, -0.215930 1.185039 1.709095, -0.216535 1.185039 1.692913, -0.215930 1.185039 1.676732, -0.214117 1.185039 1.660640, -0.211106 1.185039 1.644730, -0.206915 1.185039 1.629088, -0.201567 1.185039 1.613804, -0.195092 1.185039 1.598962, -0.187525 1.185039 1.584646, -0.178910 1.185039 1.570935, -0.169294 1.185039 1.557906, -0.158732 1.185039 1.545632, -0.147281 1.185039 1.534182, -0.135008 1.185039 1.523619, -0.121979 1.185039 1.514003, -0.108268 1.185039 1.505388, -0.093951 1.185039 1.497822, -0.079109 1.185039 1.491346, -0.063825 1.185039 1.485998, -0.048184 1.185039 1.481807, -0.032273 1.185039 1.478796, -0.016182 1.185039 1.476983, -0.000000 1.185039 1.476378, 0.016182 1.185039 1.476983, 0.032273 1.185039 1.478796, 0.048184 1.185039 1.481807, 0.063825 1.185039 1.485998, 0.079109 1.185039 1.491346, 0.093951 1.185039 1.497822, 0.108268 1.185039 1.505388, 0.121979 1.185039 1.514003, 0.135008 1.185039 1.523619, 0.147281 1.185039 1.534182, 0.158732 1.185039 1.545632, 0.169294 1.185039 1.557906, 0.178910 1.185039 1.570935, 0.187525 1.185039 1.584646, 0.195092 1.185039 1.598962, 0.201567 1.185039 1.613804, 0.206915 1.185039 1.629088, 0.211106 1.185039 1.644730, 0.214117 1.185039 1.660640, 0.215930 1.185039 1.676732 ] } coordIndex [ 87 1 0 -1, 87 2 1 -1, 88 3 2 -1, 88 2 87 -1, 89 4 3 -1, 89 3 88 -1, 90 5 4 -1, 90 4 89 -1, 91 6 5 -1, 91 5 90 -1, 92 7 6 -1, 92 6 91 -1, 93 8 7 -1, 93 7 92 -1, 94 8 93 -1, 94 9 8 -1, 95 10 9 -1, 95 9 94 -1, 96 11 10 -1, 96 10 95 -1, 97 12 11 -1, 97 11 96 -1, 98 13 12 -1, 98 12 97 -1, 99 14 13 -1, 99 13 98 -1, 100 15 14 -1, 100 14 99 -1, 101 16 15 -1, 101 15 100 -1, 102 17 16 -1, 102 16 101 -1, 103 18 17 -1, 103 19 18 -1, 103 17 102 -1, 104 19 103 -1, 105 20 19 -1, 105 19 104 -1, 106 21 20 -1, 106 22 21 -1, 106 20 105 -1, 107 22 106 -1, 108 23 22 -1, 108 24 23 -1, 108 22 107 -1, 109 24 108 -1, 110 25 24 -1, 110 24 109 -1, 111 26 25 -1, 111 27 26 -1, 111 25 110 -1, 112 28 27 -1, 112 27 111 -1, 113 28 112 -1, 114 29 28 -1, 114 28 113 -1, 115 30 29 -1, 115 31 30 -1, 115 29 114 -1, 116 32 31 -1, 116 31 115 -1, 117 33 32 -1, 117 32 116 -1, 118 33 117 -1, 118 34 33 -1, 119 34 118 -1, 120 34 119 -1, 120 35 34 -1, 121 35 120 -1, 121 36 35 -1, 121 37 36 -1, 122 37 121 -1, 122 38 37 -1, 123 38 122 -1, 124 38 123 -1, 124 39 38 -1, 125 39 124 -1, 125 40 39 -1, 125 41 40 -1, 126 41 125 -1, 127 41 126 -1, 127 42 41 -1, 128 42 127 -1, 128 43 42 -1, 129 44 43 -1, 129 45 44 -1, 129 43 128 -1, 130 46 45 -1, 130 45 129 -1, 131 46 130 -1, 132 47 46 -1, 132 46 131 -1, 133 48 47 -1, 133 47 132 -1, 134 49 48 -1, 134 48 133 -1, 135 50 49 -1, 135 49 134 -1, 136 51 50 -1, 136 50 135 -1, 137 52 51 -1, 137 51 136 -1, 138 53 52 -1, 138 52 137 -1, 139 54 53 -1, 139 55 54 -1, 139 53 138 -1, 140 55 139 -1, 141 56 55 -1, 141 55 140 -1, 142 57 56 -1, 142 56 141 -1, 143 58 57 -1, 143 57 142 -1, 144 58 143 -1, 144 59 58 -1, 145 59 144 -1, 145 60 59 -1, 145 61 60 -1, 146 61 145 -1, 146 62 61 -1, 147 62 146 -1, 148 62 147 -1, 148 63 62 -1, 149 63 148 -1, 149 64 63 -1, 150 64 149 -1, 150 65 64 -1, 151 65 150 -1, 151 66 65 -1, 152 66 151 -1, 152 67 66 -1, 153 67 152 -1, 153 68 67 -1, 153 69 68 -1, 154 69 153 -1, 154 70 69 -1, 155 70 154 -1, 155 71 70 -1, 156 71 155 -1, 157 71 156 -1, 157 72 71 -1, 158 72 157 -1, 158 73 72 -1, 158 74 73 -1, 159 74 158 -1, 160 74 159 -1, 160 75 74 -1, 160 76 75 -1, 161 76 160 -1, 162 76 161 -1, 162 77 76 -1, 163 78 77 -1, 163 77 162 -1, 163 79 78 -1, 164 79 163 -1, 165 80 79 -1, 165 79 164 -1, 166 81 80 -1, 166 82 81 -1, 166 80 165 -1, 167 82 166 -1, 168 83 82 -1, 168 82 167 -1, 169 83 168 -1, 169 84 83 -1, 86 84 169 -1, 86 85 84 -1, 285 222 286 -1, 285 223 222 -1, 284 223 285 -1, 284 224 223 -1, 287 286 222 -1, 287 222 221 -1, 283 224 284 -1, 283 225 224 -1, 288 287 221 -1, 288 221 220 -1, 282 225 283 -1, 282 226 225 -1, 289 288 220 -1, 289 220 219 -1, 281 226 282 -1, 281 227 226 -1, 290 289 219 -1, 290 219 218 -1, 280 228 227 -1, 280 227 281 -1, 291 290 218 -1, 291 218 217 -1, 279 228 280 -1, 279 229 228 -1, 292 217 216 -1, 292 291 217 -1, 293 216 215 -1, 293 292 216 -1, 278 229 279 -1, 278 230 229 -1, 294 215 214 -1, 294 293 215 -1, 277 231 230 -1, 277 230 278 -1, 295 214 213 -1, 295 294 214 -1, 276 231 277 -1, 276 232 231 -1, 296 213 212 -1, 296 295 213 -1, 275 232 276 -1, 275 233 232 -1, 297 296 212 -1, 297 212 211 -1, 274 233 275 -1, 274 234 233 -1, 298 297 211 -1, 298 211 210 -1, 273 234 274 -1, 273 235 234 -1, 299 210 209 -1, 299 298 210 -1, 272 235 273 -1, 272 236 235 -1, 300 209 208 -1, 300 299 209 -1, 271 237 236 -1, 271 236 272 -1, 301 208 207 -1, 301 300 208 -1, 270 238 237 -1, 270 237 271 -1, 302 207 206 -1, 302 301 207 -1, 269 239 238 -1, 269 238 270 -1, 303 206 205 -1, 303 302 206 -1, 268 240 239 -1, 268 239 269 -1, 304 303 205 -1, 304 205 204 -1, 267 240 268 -1, 267 241 240 -1, 305 304 204 -1, 305 204 203 -1, 266 241 267 -1, 266 242 241 -1, 306 305 203 -1, 306 203 202 -1, 265 242 266 -1, 265 243 242 -1, 201 306 202 -1, 201 307 306 -1, 244 265 264 -1, 244 243 265 -1, 308 307 201 -1, 200 308 201 -1, 200 309 308 -1, 245 264 263 -1, 245 244 264 -1, 199 309 200 -1, 246 245 263 -1, 246 263 262 -1, 198 310 309 -1, 198 309 199 -1, 247 246 262 -1, 247 262 261 -1, 197 311 310 -1, 197 310 198 -1, 248 247 261 -1, 248 261 260 -1, 196 312 311 -1, 196 311 197 -1, 249 259 258 -1, 249 260 259 -1, 249 248 260 -1, 195 313 312 -1, 195 314 313 -1, 195 312 196 -1, 250 249 258 -1, 194 314 195 -1, 251 250 258 -1, 251 258 257 -1, 193 314 194 -1, 193 315 314 -1, 252 251 257 -1, 252 256 255 -1, 252 257 256 -1, 192 315 193 -1, 192 316 315 -1, 253 252 255 -1, 191 317 316 -1, 191 316 192 -1, 170 253 255 -1, 170 255 254 -1, 171 170 254 -1, 171 337 336 -1, 171 254 337 -1, 190 317 191 -1, 190 318 317 -1, 190 319 318 -1, 189 319 190 -1, 172 171 336 -1, 173 172 336 -1, 173 336 335 -1, 188 320 319 -1, 188 319 189 -1, 174 173 335 -1, 174 335 334 -1, 187 321 320 -1, 187 322 321 -1, 187 320 188 -1, 186 322 187 -1, 186 323 322 -1, 175 333 332 -1, 175 334 333 -1, 175 174 334 -1, 185 323 186 -1, 176 175 332 -1, 177 331 330 -1, 177 332 331 -1, 177 176 332 -1, 184 324 323 -1, 184 323 185 -1, 183 325 324 -1, 183 324 184 -1, 178 330 329 -1, 178 177 330 -1, 179 178 329 -1, 182 326 325 -1, 182 325 183 -1, 180 329 328 -1, 180 179 329 -1, 181 327 326 -1, 181 328 327 -1, 181 326 182 -1, 181 180 328 -1, 453 454 390 -1, 453 390 391 -1, 452 453 391 -1, 452 391 392 -1, 455 390 454 -1, 455 389 390 -1, 451 452 392 -1, 451 392 393 -1, 456 389 455 -1, 456 388 389 -1, 450 451 393 -1, 450 393 394 -1, 457 388 456 -1, 457 387 388 -1, 449 450 394 -1, 449 394 395 -1, 458 387 457 -1, 458 386 387 -1, 448 395 396 -1, 448 449 395 -1, 459 386 458 -1, 459 385 386 -1, 447 448 396 -1, 447 396 397 -1, 460 384 385 -1, 460 385 459 -1, 461 383 384 -1, 461 384 460 -1, 446 447 397 -1, 446 397 398 -1, 462 382 383 -1, 462 383 461 -1, 445 398 399 -1, 445 446 398 -1, 463 381 382 -1, 463 382 462 -1, 444 445 399 -1, 444 399 400 -1, 464 380 381 -1, 464 381 463 -1, 443 444 400 -1, 443 400 401 -1, 465 380 464 -1, 465 379 380 -1, 442 443 401 -1, 442 401 402 -1, 466 379 465 -1, 466 378 379 -1, 441 442 402 -1, 441 402 403 -1, 467 377 378 -1, 467 378 466 -1, 440 441 403 -1, 440 403 404 -1, 468 376 377 -1, 468 377 467 -1, 439 404 405 -1, 439 440 404 -1, 469 375 376 -1, 469 376 468 -1, 438 405 406 -1, 438 439 405 -1, 470 374 375 -1, 470 375 469 -1, 437 406 407 -1, 437 438 406 -1, 471 373 374 -1, 471 374 470 -1, 436 407 408 -1, 436 437 407 -1, 472 373 471 -1, 472 372 373 -1, 435 436 408 -1, 435 408 409 -1, 473 372 472 -1, 473 371 372 -1, 434 435 409 -1, 434 409 410 -1, 474 371 473 -1, 474 370 371 -1, 433 434 410 -1, 433 410 411 -1, 369 370 474 -1, 369 474 475 -1, 412 432 433 -1, 412 433 411 -1, 476 369 475 -1, 368 369 476 -1, 368 476 477 -1, 413 431 432 -1, 413 432 412 -1, 367 368 477 -1, 414 431 413 -1, 414 430 431 -1, 366 477 478 -1, 366 367 477 -1, 415 430 414 -1, 415 429 430 -1, 365 478 479 -1, 365 366 478 -1, 416 429 415 -1, 416 428 429 -1, 364 479 480 -1, 364 365 479 -1, 417 426 427 -1, 417 427 428 -1, 417 428 416 -1, 363 480 481 -1, 363 481 482 -1, 363 364 480 -1, 418 426 417 -1, 362 363 482 -1, 419 426 418 -1, 419 425 426 -1, 361 362 482 -1, 361 482 483 -1, 420 425 419 -1, 420 423 424 -1, 420 424 425 -1, 360 361 483 -1, 360 483 484 -1, 421 423 420 -1, 359 484 485 -1, 359 360 484 -1, 338 423 421 -1, 338 422 423 -1, 339 422 338 -1, 339 504 505 -1, 339 505 422 -1, 358 359 485 -1, 358 485 486 -1, 358 486 487 -1, 357 358 487 -1, 340 504 339 -1, 341 504 340 -1, 341 503 504 -1, 356 487 488 -1, 356 357 487 -1, 342 503 341 -1, 342 502 503 -1, 355 488 489 -1, 355 489 490 -1, 355 356 488 -1, 354 355 490 -1, 354 490 491 -1, 343 500 501 -1, 343 501 502 -1, 343 502 342 -1, 353 354 491 -1, 344 500 343 -1, 345 498 499 -1, 345 499 500 -1, 345 500 344 -1, 352 491 492 -1, 352 353 491 -1, 351 492 493 -1, 351 352 492 -1, 346 497 498 -1, 346 498 345 -1, 347 497 346 -1, 350 493 494 -1, 350 351 493 -1, 348 496 497 -1, 348 497 347 -1, 349 494 495 -1, 349 495 496 -1, 349 350 494 -1, 349 496 348 -1, 589 591 675 -1, 589 590 591 -1, 588 675 674 -1, 588 589 675 -1, 587 674 673 -1, 587 588 674 -1, 586 673 672 -1, 586 587 673 -1, 585 672 671 -1, 585 586 672 -1, 584 671 670 -1, 584 585 671 -1, 583 584 670 -1, 583 670 669 -1, 582 583 669 -1, 582 669 668 -1, 581 582 668 -1, 581 668 667 -1, 580 581 667 -1, 580 667 666 -1, 579 580 666 -1, 579 666 665 -1, 578 579 665 -1, 578 665 664 -1, 577 578 664 -1, 577 664 663 -1, 576 577 663 -1, 576 663 662 -1, 575 576 662 -1, 575 661 660 -1, 575 662 661 -1, 574 575 660 -1, 573 574 660 -1, 573 660 659 -1, 572 573 659 -1, 572 658 657 -1, 572 659 658 -1, 571 572 657 -1, 570 657 656 -1, 570 571 657 -1, 569 656 655 -1, 569 570 656 -1, 568 654 653 -1, 568 655 654 -1, 568 569 655 -1, 567 568 653 -1, 566 653 652 -1, 566 567 653 -1, 565 652 651 -1, 565 566 652 -1, 564 651 650 -1, 564 565 651 -1, 563 649 648 -1, 563 650 649 -1, 563 564 650 -1, 562 563 648 -1, 561 648 647 -1, 561 562 648 -1, 560 647 646 -1, 560 561 647 -1, 559 646 645 -1, 559 560 646 -1, 558 559 645 -1, 558 645 644 -1, 557 558 644 -1, 557 644 643 -1, 556 557 643 -1, 556 643 642 -1, 555 556 642 -1, 555 642 641 -1, 554 555 641 -1, 554 641 640 -1, 553 554 640 -1, 553 640 639 -1, 552 553 639 -1, 552 639 638 -1, 551 638 637 -1, 551 552 638 -1, 550 637 636 -1, 550 551 637 -1, 549 635 634 -1, 549 636 635 -1, 549 550 636 -1, 548 634 633 -1, 548 549 634 -1, 547 548 633 -1, 546 633 632 -1, 546 547 633 -1, 545 632 631 -1, 545 546 632 -1, 544 631 630 -1, 544 545 631 -1, 543 630 629 -1, 543 544 630 -1, 542 629 628 -1, 542 543 629 -1, 541 628 627 -1, 541 542 628 -1, 540 627 626 -1, 540 541 627 -1, 539 626 625 -1, 539 540 626 -1, 538 625 624 -1, 538 539 625 -1, 537 624 623 -1, 537 538 624 -1, 536 623 622 -1, 536 537 623 -1, 535 622 621 -1, 535 536 622 -1, 534 620 619 -1, 534 621 620 -1, 534 535 621 -1, 533 619 618 -1, 533 534 619 -1, 532 533 618 -1, 531 532 618 -1, 531 617 616 -1, 531 618 617 -1, 530 531 616 -1, 530 616 615 -1, 529 530 615 -1, 528 615 614 -1, 528 529 615 -1, 527 613 612 -1, 527 614 613 -1, 527 528 614 -1, 526 527 612 -1, 525 612 611 -1, 525 526 612 -1, 524 610 609 -1, 524 611 610 -1, 524 525 611 -1, 523 609 608 -1, 523 524 609 -1, 522 523 608 -1, 521 608 607 -1, 521 522 608 -1, 520 521 607 -1, 520 606 605 -1, 520 607 606 -1, 519 520 605 -1, 518 519 605 -1, 518 604 603 -1, 518 605 604 -1, 517 518 603 -1, 517 603 602 -1, 516 517 602 -1, 515 516 602 -1, 515 601 600 -1, 515 602 601 -1, 514 515 600 -1, 513 514 600 -1, 513 600 599 -1, 512 513 599 -1, 512 598 597 -1, 512 599 598 -1, 511 512 597 -1, 510 511 597 -1, 510 596 595 -1, 510 597 596 -1, 509 510 595 -1, 508 509 595 -1, 508 595 594 -1, 507 508 594 -1, 507 594 593 -1, 506 507 593 -1, 506 593 592 -1 ] } }
Shape { appearance Appearance { material Material { diffuseColor 0.64 0.66 0.69 specularColor .4 .4 .4 shininess .5 } } geometry IndexedFaceSet { solid FALSE coord Coordinate { point [ 1.771654 -0.078740 0.472441, 1.771654 0.551181 0.472441, 1.771654 -0.078740 0.314961, 1.771654 0.708661 0.314961, 1.771654 0.708661 1.771654, 1.771654 0.551181 1.771654, 1.771654 -0.078740 0.472441, 1.771654 0.551181 0.472441, 2.165354 -0.078740 0.472441, 2.165354 0.551181 0.472441, 1.771654 -0.078740 0.314961, 2.165354 -0.078740 0.314961, 2.165354 0.708661 0.314961, 1.771654 0.708661 0.314961, 1.771654 -0.078740 0.314961, 2.165354 -0.078740 0.314961, 1.771654 -0.078740 0.472441, 2.165354 -0.078740 0.472441, 2.165354 0.551181 0.472441, 2.165354 0.551181 1.771654, 1.771654 0.551181 0.472441, 1.771654 0.551181 1.771654, 2.165354 -0.078740 0.472441, 2.165354 0.551181 0.472441, 2.165354 -0.078740 0.314961, 2.165354 0.708661 0.314961, 2.165354 0.708661 1.771654, 2.165354 0.551181 1.771654, 1.771654 0.708661 0.314961, 2.165354 0.708661 0.314961, 1.771654 0.708661 1.771654, 2.165354 0.708661 1.771654, 1.771654 0.551181 1.771654, 1.771654 0.708661 1.771654, 2.165354 0.551181 1.771654, 2.165354 0.708661 1.771654, 1.771654 -0.078740 -1.377953, 1.771654 -0.078740 0.196850, 1.771654 0.078740 -1.377953, 1.771654 0.078740 0.196850, 1.771654 -0.078740 -1.377953, 2.165354 -0.078740 -1.377953, 1.771654 -0.078740 0.196850, 2.165354 -0.078740 0.196850, 2.165354 -0.078740 -1.377953, 2.165354 -0.078740 0.196850, 2.165354 0.078740 -1.377953, 2.165354 0.078740 0.196850, 1.771654 0.078740 -1.377953, 2.165354 0.078740 -1.377953, 1.771654 0.078740 0.196850, 2.165354 0.078740 0.196850, 1.771654 -0.078740 -1.377953, 1.771654 0.078740 -1.377953, 2.165354 -0.078740 -1.377953, 2.165354 0.078740 -1.377953, 1.771654 -0.078740 0.196850, 1.771654 0.078740 0.196850, 2.165354 -0.078740 0.196850, 2.165354 0.078740 0.196850 ] } coordIndex [ 2 1 3 -1, 0 1 2 -1, 4 3 1 -1, 5 4 1 -1, 9 7 6 -1, 9 6 8 -1, 12 11 10 -1, 12 10 13 -1, 17 14 15 -1, 17 16 14 -1, 19 20 18 -1, 19 21 20 -1, 24 25 23 -1, 22 24 23 -1, 26 23 25 -1, 27 23 26 -1, 31 29 28 -1, 31 28 30 -1, 35 33 32 -1, 35 32 34 -1, 37 38 36 -1, 37 39 38 -1, 43 40 41 -1, 43 42 40 -1, 45 44 46 -1, 45 46 47 -1, 51 49 48 -1, 51 48 50 -1, 55 52 53 -1, 55 54 52 -1, 59 57 56 -1, 59 56 58 -1 ] } }
Shape { appearance Appearance { material Material { diffuseColor 0.59 0.46 0.24 specularColor .4 .4 .4 shininess .5 } } geometry IndexedFaceSet { solid FALSE coord Coordinate { point [ 2.401575 1.106299 1.692913, 2.401575 1.185039 1.692913, 2.400364 1.185039 1.660550, 2.396738 1.185039 1.628368, 2.390717 1.185039 1.596546, 2.382335 1.185039 1.565264, 2.371638 1.185039 1.534695, 2.358687 1.185039 1.505011, 2.343554 1.185039 1.476378, 2.326324 1.185039 1.448956, 2.307092 1.185039 1.422898, 2.285967 1.185039 1.398350, 2.263067 1.185039 1.375450, 2.238519 1.185039 1.354325, 2.212461 1.185039 1.335093, 2.185039 1.185039 1.317863, 2.156406 1.185039 1.302730, 2.126722 1.185039 1.289779, 2.096154 1.185039 1.279083, 2.064871 1.185039 1.270701, 2.033050 1.185039 1.264680, 2.000867 1.185039 1.261053, 1.968504 1.185039 1.259843, 1.936141 1.185039 1.261053, 1.903958 1.185039 1.264680, 1.872137 1.185039 1.270701, 1.840854 1.185039 1.279083, 1.810285 1.185039 1.289779, 1.780602 1.185039 1.302730, 1.751969 1.185039 1.317863, 1.724546 1.185039 1.335093, 1.698489 1.185039 1.354325, 1.673941 1.185039 1.375450, 1.651041 1.185039 1.398350, 1.629915 1.185039 1.422898, 1.610684 1.185039 1.448956, 1.593454 1.185039 1.476378, 1.578321 1.185039 1.505011, 1.565370 1.185039 1.534695, 1.554673 1.185039 1.565264, 1.546291 1.185039 1.596546, 1.540270 1.185039 1.628368, 1.536644 1.185039 1.660550, 1.535433 1.185039 1.692913, 1.536644 1.185039 1.725277, 1.540270 1.185039 1.757459, 1.546291 1.185039 1.789281, 1.554673 1.185039 1.820563, 1.565370 1.185039 1.851132, 1.578321 1.185039 1.880816, 1.593454 1.185039 1.909449, 1.610684 1.185039 1.936871, 1.629915 1.185039 1.962929, 1.651041 1.185039 1.987476, 1.673941 1.185039 2.010377, 1.698489 1.185039 2.031502, 1.724546 1.185039 2.050733, 1.751969 1.185039 2.067964, 1.780602 1.185039 2.083097, 1.810285 1.185039 2.096048, 1.840854 1.185039 2.106744, 1.872137 1.185039 2.115126, 1.903958 1.185039 2.121147, 1.936141 1.185039 2.124773, 1.968504 1.185039 2.125984, 2.000867 1.185039 2.124773, 2.033050 1.185039 2.121147, 2.064871 1.185039 2.115126, 2.096154 1.185039 2.106744, 2.126722 1.185039 2.096048, 2.156406 1.185039 2.083097, 2.185039 1.185039 2.067964, 2.212461 1.185039 2.050733, 2.238519 1.185039 2.031502, 2.263067 1.185039 2.010377, 2.285967 1.185039 1.987476, 2.307092 1.185039 1.962929, 2.326324 1.185039 1.936871, 2.343554 1.185039 1.909449, 2.358687 1.185039 1.880816, 2.371638 1.185039 1.851132, 2.382335 1.185039 1.820563, 2.390717 1.185039 1.789281, 2.396738 1.185039 1.757459, 2.400364 1.185039 1.725277, 2.401575 1.185039 1.692913, 2.401575 1.106299 1.692913, 2.400364 1.106299 1.660550, 2.396738 1.106299 1.628368, 2.390717 1.106299 1.596546, 2.382335 1.106299 1.565264, 2.371638 1.106299 1.534695, 2.358687 1.106299 1.505011, 2.343554 1.106299 1.476378, 2.326324 1.106299 1.448956, 2.307092 1.106299 1.422898, 2.285967 1.106299 1.398350, 2.263067 1.106299 1.375450, 2.238519 1.106299 1.354325, 2.212461 1.106299 1.335093, 2.185039 1.106299 1.317863, 2.156406 1.106299 1.302730, 2.126722 1.106299 1.289779, 2.096154 1.106299 1.279083, 2.064871 1.106299 1.270701, 2.033050 1.106299 1.264680, 2.000867 1.106299 1.261053, 1.968504 1.106299 1.259843, 1.936141 1.106299 1.261053, 1.903958 1.106299 1.264680, 1.872137 1.106299 1.270701, 1.840854 1.106299 1.279083, 1.810285 1.106299 1.289779, 1.780602 1.106299 1.302730, 1.751969 1.106299 1.317863, 1.724546 1.106299 1.335093, 1.698489 1.106299 1.354325, 1.673941 1.106299 1.375450, 1.651041 1.106299 1.398350, 1.629915 1.106299 1.422898, 1.610684 1.106299 1.448956, 1.593454 1.106299 1.476378, 1.578321 1.106299 1.505011, 1.565370 1.106299 1.534695, 1.554673 1.106299 1.565264, 1.546291 1.106299 1.596546, 1.540270 1.106299 1.628368, 1.536644 1.106299 1.660550, 1.535433 1.106299 1.692913, 1.536644 1.106299 1.725277, 1.540270 1.106299 1.757459, 1.546291 1.106299 1.789281, 1.554673 1.106299 1.820563, 1.565370 1.106299 1.851132, 1.578321 1.106299 1.880816, 1.593454 1.106299 1.909449, 1.610684 1.106299 1.936871, 1.629915 1.106299 1.962929, 1.651041 1.106299 1.987476, 1.673941 1.106299 2.010377, 1.698489 1.106299 2.031502, 1.724546 1.106299 2.050733, 1.751969 1.106299 2.067964, 1.780602 1.106299 2.083097, 1.810285 1.106299 2.096048, 1.840854 1.106299 2.106744, 1.872137 1.106299 2.115126, 1.903958 1.106299 2.121147, 1.936141 1.106299 2.124773, 1.968504 1.106299 2.125984, 2.000867 1.106299 2.124773, 2.033050 1.106299 2.121147, 2.064871 1.106299 2.115126, 2.096154 1.106299 2.106744, 2.126722 1.106299 2.096048, 2.156406 1.106299 2.083097, 2.185039 1.106299 2.067964, 2.212461 1.106299 2.050733, 2.238519 1.106299 2.031502, 2.263067 1.106299 2.010377, 2.285967 1.106299 1.987476, 2.307092 1.106299 1.962929, 2.326324 1.106299 1.936871, 2.343554 1.106299 1.909449, 2.358687 1.106299 1.880816, 2.371638 1.106299 1.851132, 2.382335 1.106299 1.820563, 2.390717 1.106299 1.789281, 2.396738 1.106299 1.757459, 2.400364 1.106299 1.725277, 2.401575 1.106299 1.692913, 2.400364 1.106299 1.660550, 2.396738 1.106299 1.628368, 2.390717 1.106299 1.596546, 2.382335 1.106299 1.565264, 2.371638 1.106299 1.534695, 2.358687 1.106299 1.505011, 2.343554 1.106299 1.476378, 2.326324 1.106299 1.448956, 2.307092 1.106299 1.422898, 2.285967 1.106299 1.398350, 2.263067 1.106299 1.375450, 2.238519 1.106299 1.354325, 2.212461 1.106299 1.335093, 2.185039 1.106299 1.317863, 2.156406 1.106299 1.302730, 2.126722 1.106299 1.289779, 2.096154 1.106299 1.279083, 2.064871 1.106299 1.270701, 2.033050 1.106299 1.264680, 2.000867 1.106299 1.261053, 1.968504 1.106299 1.259843, 1.936141 1.106299 1.261053, 1.903958 1.106299 1.264680, 1.872137 1.106299 1.270701, 1.840854 1.106299 1.279083, 1.810285 1.106299 1.289779, 1.780602 1.106299 1.302730, 1.751969 1.106299 1.317863, 1.724546 1.106299 1.335093, 1.698489 1.106299 1.354325, 1.673941 1.106299 1.375450, 1.651041 1.106299 1.398350, 1.629915 1.106299 1.422898, 1.610684 1.106299 1.448956, 1.593454 1.106299 1.476378, 1.578321 1.106299 1.505011, 1.565370 1.106299 1.534695, 1.554673 1.106299 1.565264, 1.546291 1.106299 1.596546, 1.540270 1.106299 1.628368, 1.536644 1.106299 1.660550, 1.535433 1.106299 1.692913, 1.536644 1.106299 1.725277, 1.540270 1.106299 1.757459, 1.546291 1.106299 1.789281, 1.554673 1.106299 1.820563, 1.565370 1.106299 1.851132, 1.578321 1.106299 1.880816, 1.593454 1.106299 1.909449, 1.610684 1.106299 1.936871, 1.629915 1.106299 1.962929, 1.651041 1.106299 1.987476, 1.673941 1.106299 2.010377, 1.698489 1.106299 2.031502, 1.724546 1.106299 2.050733, 1.751969 1.106299 2.067964, 1.780602 1.106299 2.083097, 1.810285 1.106299 2.096048, 1.840854 1.106299 2.106744, 1.872137 1.106299 2.115126, 1.903958 1.106299 2.121147, 1.936141 1.106299 2.124773, 1.968504 1.106299 2.125984, 2.000867 1.106299 2.124773, 2.033050 1.106299 2.121147, 2.064871 1.106299 2.115126, 2.096154 1.106299 2.106744, 2.126722 1.106299 2.096048, 2.156406 1.106299 2.083097, 2.185039 1.106299 2.067964, 2.212461 1.106299 2.050733, 2.238519 1.106299 2.031502, 2.263067 1.106299 2.010377, 2.285967 1.106299 1.987476, 2.307092 1.106299 1.962929, 2.326324 1.106299 1.936871, 2.343554 1.106299 1.909449, 2.358687 1.106299 1.880816, 2.371638 1.106299 1.851132, 2.382335 1.106299 1.820563, 2.390717 1.106299 1.789281, 2.396738 1.106299 1.757459, 2.400364 1.106299 1.725277, 2.185039 1.106299 1.692913, 2.184434 1.106299 1.709095, 2.182621 1.106299 1.725186, 2.179610 1.106299 1.741097, 2.175419 1.106299 1.756738, 2.170071 1.106299 1.772023, 2.163596 1.106299 1.786865, 2.156029 1.106299 1.801181, 2.147414 1.106299 1.814892, 2.137798 1.106299 1.827921, 2.127236 1.106299 1.840195, 2.115785 1.106299 1.851645, 2.103512 1.106299 1.862208, 2.090483 1.106299 1.871823, 2.076772 1.106299 1.880439, 2.062455 1.106299 1.888005, 2.047613 1.106299 1.894481, 2.032329 1.106299 1.899829, 2.016688 1.106299 1.904020, 2.000777 1.106299 1.907030, 1.984686 1.106299 1.908843, 1.968504 1.106299 1.909449, 1.952322 1.106299 1.908843, 1.936231 1.106299 1.907030, 1.920320 1.106299 1.904020, 1.904679 1.106299 1.899829, 1.889395 1.106299 1.894481, 1.874553 1.106299 1.888005, 1.860236 1.106299 1.880439, 1.846525 1.106299 1.871823, 1.833496 1.106299 1.862208, 1.821222 1.106299 1.851645, 1.809772 1.106299 1.840195, 1.799210 1.106299 1.827921, 1.789594 1.106299 1.814892, 1.780979 1.106299 1.801181, 1.773412 1.106299 1.786865, 1.766937 1.106299 1.772023, 1.761589 1.106299 1.756738, 1.757397 1.106299 1.741097, 1.754387 1.106299 1.725186, 1.752574 1.106299 1.709095, 1.751969 1.106299 1.692913, 1.752574 1.106299 1.676732, 1.754387 1.106299 1.660640, 1.757397 1.106299 1.644730, 1.761589 1.106299 1.629088, 1.766937 1.106299 1.613804, 1.773412 1.106299 1.598962, 1.780979 1.106299 1.584646, 1.789594 1.106299 1.570935, 1.799210 1.106299 1.557906, 1.809772 1.106299 1.545632, 1.821222 1.106299 1.534182, 1.833496 1.106299 1.523619, 1.846525 1.106299 1.514003, 1.860236 1.106299 1.505388, 1.874553 1.106299 1.497822, 1.889395 1.106299 1.491346, 1.904679 1.106299 1.485998, 1.920320 1.106299 1.481807, 1.936231 1.106299 1.478796, 1.952322 1.106299 1.476983, 1.968504 1.106299 1.476378, 1.984686 1.106299 1.476983, 2.000777 1.106299 1.478796, 2.016688 1.106299 1.481807, 2.032329 1.106299 1.485998, 2.047613 1.106299 1.491346, 2.062455 1.106299 1.497822, 2.076772 1.106299 1.505388, 2.090483 1.106299 1.514003, 2.103512 1.106299 1.523619, 2.115785 1.106299 1.534182, 2.127236 1.106299 1.545632, 2.137798 1.106299 1.557906, 2.147414 1.106299 1.570935, 2.156029 1.106299 1.584646, 2.163596 1.106299 1.598962, 2.170071 1.106299 1.613804, 2.175419 1.106299 1.629088, 2.179610 1.106299 1.644730, 2.182621 1.106299 1.660640, 2.184434 1.106299 1.676732, 2.401575 1.185039 1.692913, 2.400364 1.185039 1.660550, 2.396738 1.185039 1.628368, 2.390717 1.185039 1.596546, 2.382335 1.185039 1.565264, 2.371638 1.185039 1.534695, 2.358687 1.185039 1.505011, 2.343554 1.185039 1.476378, 2.326324 1.185039 1.448956, 2.307092 1.185039 1.422898, 2.285967 1.185039 1.398350, 2.263067 1.185039 1.375450, 2.238519 1.185039 1.354325, 2.212461 1.185039 1.335093, 2.185039 1.185039 1.317863, 2.156406 1.185039 1.302730, 2.126722 1.185039 1.289779, 2.096154 1.185039 1.279083, 2.064871 1.185039 1.270701, 2.033050 1.185039 1.264680, 2.000867 1.185039 1.261053, 1.968504 1.185039 1.259843, 1.936141 1.185039 1.261053, 1.903958 1.185039 1.264680, 1.872137 1.185039 1.270701, 1.840854 1.185039 1.279083, 1.810285 1.185039 1.289779, 1.780602 1.185039 1.302730, 1.751969 1.185039 1.317863, 1.724546 1.185039 1.335093, 1.698489 1.185039 1.354325, 1.673941 1.185039 1.375450, 1.651041 1.185039 1.398350, 1.629915 1.185039 1.422898, 1.610684 1.185039 1.448956, 1.593454 1.185039 1.476378, 1.578321 1.185039 1.505011, 1.565370 1.185039 1.534695, 1.554673 1.185039 1.565264, 1.546291 1.185039 1.596546, 1.540270 1.185039 1.628368, 1.536644 1.185039 1.660550, 1.535433 1.185039 1.692913, 1.536644 1.185039 1.725277, 1.540270 1.185039 1.757459, 1.546291 1.185039 1.789281, 1.554673 1.185039 1.820563, 1.565370 1.185039 1.851132, 1.578321 1.185039 1.880816, 1.593454 1.185039 1.909449, 1.610684 1.185039 1.936871, 1.629915 1.185039 1.962929, 1.651041 1.185039 1.987476, 1.673941 1.185039 2.010377, 1.698489 1.185039 2.031502, 1.724546 1.185039 2.050733, 1.751969 1.185039 2.067964, 1.780602 1.185039 2.083097, 1.810285 1.185039 2.096048, 1.840854 1.185039 2.106744, 1.872137 1.185039 2.115126, 1.903958 1.185039 2.121147, 1.936141 1.185039 2.124773, 1.968504 1.185039 2.125984, 2.000867 1.185039 2.124773, 2.033050 1.185039 2.121147, 2.064871 1.185039 2.115126, 2.096154 1.185039 2.106744, 2.126722 1.185039 2.096048, 2.156406 1.185039 2.083097, 2.185039 1.185039 2.067964, 2.212461 1.185039 2.050733, 2.238519 1.185039 2.031502, 2.263067 1.185039 2.010377, 2.285967 1.185039 1.987476, 2.307092 1.185039 1.962929, 2.326324 1.185039 1.936871, 2.343554 1.185039 1.909449, 2.358687 1.185039 1.880816, 2.371638 1.185039 1.851132, 2.382335 1.185039 1.820563, 2.390717 1.185039 1.789281, 2.396738 1.185039 1.757459, 2.400364 1.185039 1.725277, 2.185039 1.185039 1.692913, 2.184434 1.185039 1.709095, 2.182621 1.185039 1.725186, 2.179610 1.185039 1.741097, 2.175419 1.185039 1.756738, 2.170071 1.185039 1.772023, 2.163596 1.185039 1.786865, 2.156029 1.185039 1.801181, 2.147414 1.185039 1.814892, 2.137798 1.185039 1.827921, 2.127236 1.185039 1.840195, 2.115785 1.185039 1.851645, 2.103512 1.185039 1.862208, 2.090483 1.185039 1.871823, 2.076772 1.185039 1.880439, 2.062455 1.185039 1.888005, 2.047613 1.185039 1.894481, 2.032329 1.185039 1.899829, 2.016688 1.185039 1.904020, 2.000777 1.185039 1.907030, 1.984686 1.185039 1.908843, 1.968504 1.185039 1.909449, 1.952322 1.185039 1.908843, 1.936231 1.185039 1.907030, 1.920320 1.185039 1.904020, 1.904679 1.185039 1.899829, 1.889395 1.185039 1.894481, 1.874553 1.185039 1.888005, 1.860236 1.185039 1.880439, 1.846525 1.185039 1.871823, 1.833496 1.185039 1.862208, 1.821222 1.185039 1.851645, 1.809772 1.185039 1.840195, 1.799210 1.185039 1.827921, 1.789594 1.185039 1.814892, 1.780979 1.185039 1.801181, 1.773412 1.185039 1.786865, 1.766937 1.185039 1.772023, 1.761589 1.185039 1.756738, 1.757397 1.185039 1.741097, 1.754387 1.185039 1.725186, 1.752574 1.185039 1.709095, 1.751969 1.185039 1.692913, 1.752574 1.185039 1.676732, 1.754387 1.185039 1.660640, 1.757397 1.185039 1.644730, 1.761589 1.185039 1.629088, 1.766937 1.185039 1.613804, 1.773412 1.185039 1.598962, 1.780979 1.185039 1.584646, 1.789594 1.185039 1.570935, 1.799210 1.185039 1.557906, 1.809772 1.185039 1.545632, 1.821222 1.185039 1.534182, 1.833496 1.185039 1.523619, 1.846525 1.185039 1.514003, 1.860236 1.185039 1.505388, 1.874553 1.185039 1.497822, 1.889395 1.185039 1.491346, 1.904679 1.185039 1.485998, 1.920320 1.185039 1.481807, 1.936231 1.185039 1.478796, 1.952322 1.185039 1.476983, 1.968504 1.185039 1.476378, 1.984686 1.185039 1.476983, 2.000777 1.185039 1.478796, 2.016688 1.185039 1.481807, 2.032329 1.185039 1.485998, 2.047613 1.185039 1.491346, 2.062455 1.185039 1.497822, 2.076772 1.185039 1.505388, 2.090483 1.185039 1.514003, 2.103512 1.185039 1.523619, 2.115785 1.185039 1.534182, 2.127236 1.185039 1.545632, 2.137798 1.185039 1.557906, 2.147414 1.185039 1.570935, 2.156029 1.185039 1.584646, 2.163596 1.185039 1.598962, 2.170071 1.185039 1.613804, 2.175419 1.185039 1.629088, 2.179610 1.185039 1.644730, 2.182621 1.185039 1.660640, 2.184434 1.185039 1.676732, 2.185039 1.106299 1.692913, 2.184434 1.106299 1.709095, 2.182621 1.106299 1.725186, 2.179610 1.106299 1.741097, 2.175419 1.106299 1.756738, 2.170071 1.106299 1.772023, 2.163596 1.106299 1.786865, 2.156029 1.106299 1.801181, 2.147414 1.106299 1.814892, 2.137798 1.106299 1.827921, 2.127236 1.106299 1.840195, 2.115785 1.106299 1.851645, 2.103512 1.106299 1.862208, 2.090483 1.106299 1.871823, 2.076772 1.106299 1.880439, 2.062455 1.106299 1.888005, 2.047613 1.106299 1.894481, 2.032329 1.106299 1.899829, 2.016688 1.106299 1.904020, 2.000777 1.106299 1.907030, 1.984686 1.106299 1.908843, 1.968504 1.106299 1.909449, 1.952322 1.106299 1.908843, 1.936231 1.106299 1.907030, 1.920320 1.106299 1.904020, 1.904679 1.106299 1.899829, 1.889395 1.106299 1.894481, 1.874553 1.106299 1.888005, 1.860236 1.106299 1.880439, 1.846525 1.106299 1.871823, 1.833496 1.106299 1.862208, 1.821222 1.106299 1.851645, 1.809772 1.106299 1.840195, 1.799210 1.106299 1.827921, 1.789594 1.106299 1.814892, 1.780979 1.106299 1.801181, 1.773412 1.106299 1.786865, 1.766937 1.106299 1.772023, 1.761589 1.106299 1.756738, 1.757397 1.106299 1.741097, 1.754387 1.106299 1.725186, 1.752574 1.106299 1.709095, 1.751969 1.106299 1.692913, 1.752574 1.106299 1.676732, 1.754387 1.106299 1.660640, 1.757397 1.106299 1.644730, 1.761589 1.106299 1.629088, 1.766937 1.106299 1.613804, 1.773412 1.106299 1.598962, 1.780979 1.106299 1.584646, 1.789594 1.106299 1.570935, 1.799210 1.106299 1.557906, 1.809772 1.106299 1.545632, 1.821222 1.106299 1.534182, 1.833496 1.106299 1.523619, 1.846525 1.106299 1.514003, 1.860236 1.106299 1.505388, 1.874553 1.106299 1.497822, 1.889395 1.106299 1.491346, 1.904679 1.106299 1.485998, 1.920320 1.106299 1.481807, 1.936231 1.106299 1.478796, 1.952322 1.106299 1.476983, 1.968504 1.106299 1.476378, 1.984686 1.106299 1.476983, 2.000777 1.106299 1.478796, 2.016688 1.106299 1.481807, 2.032329 1.106299 1.485998, 2.047613 1.106299 1.491346, 2.062455 1.106299 1.497822, 2.076772 1.106299 1.505388, 2.090483 1.106299 1.514003, 2.103512 1.106299 1.523619, 2.115785 1.106299 1.534182, 2.127236 1.106299 1.545632, 2.137798 1.106299 1.557906, 2.147414 1.106299 1.570935, 2.156029 1.106299 1.584646, 2.163596 1.106299 1.598962, 2.170071 1.106299 1.613804, 2.175419 1.106299 1.629088, 2.179610 1.106299 1.644730, 2.182621 1.106299 1.660640, 2.184434 1.106299 1.676732, 2.185039 1.106299 1.692913, 2.185039 1.185039 1.692913, 2.185039 1.185039 1.692913, 2.184434 1.185039 1.709095, 2.182621 1.185039 1.725186, 2.179610 1.185039 1.741097, 2.175419 1.185039 1.756738, 2.170071 1.185039 1.772023, 2.163596 1.185039 1.786865, 2.156029 1.185039 1.801181, 2.147414 1.185039 1.814892, 2.137798 1.185039 1.827921, 2.127236 1.185039 1.840195, 2.115785 1.185039 1.851645, 2.103512 1.185039 1.862208, 2.090483 1.185039 1.871823, 2.076772 1.185039 1.880439, 2.062455 1.185039 1.888005, 2.047613 1.185039 1.894481, 2.032329 1.185039 1.899829, 2.016688 1.185039 1.904020, 2.000777 1.185039 1.907030, 1.984686 1.185039 1.908843, 1.968504 1.185039 1.909449, 1.952322 1.185039 1.908843, 1.936231 1.185039 1.907030, 1.920320 1.185039 1.904020, 1.904679 1.185039 1.899829, 1.889395 1.185039 1.894481, 1.874553 1.185039 1.888005, 1.860236 1.185039 1.880439, 1.846525 1.185039 1.871823, 1.833496 1.185039 1.862208, 1.821222 1.185039 1.851645, 1.809772 1.185039 1.840195, 1.799210 1.185039 1.827921, 1.789594 1.185039 1.814892, 1.780979 1.185039 1.801181, 1.773412 1.185039 1.786865, 1.766937 1.185039 1.772023, 1.761589 1.185039 1.756738, 1.757397 1.185039 1.741097, 1.754387 1.185039 1.725186, 1.752574 1.185039 1.709095, 1.751969 1.185039 1.692913, 1.752574 1.185039 1.676732, 1.754387 1.185039 1.660640, 1.757397 1.185039 1.644730, 1.761589 1.185039 1.629088, 1.766937 1.185039 1.613804, 1.773412 1.185039 1.598962, 1.780979 1.185039 1.584646, 1.789594 1.185039 1.570935, 1.799210 1.185039 1.557906, 1.809772 1.185039 1.545632, 1.821222 1.185039 1.534182, 1.833496 1.185039 1.523619, 1.846525 1.185039 1.514003, 1.860236 1.185039 1.505388, 1.874553 1.185039 1.497822, 1.889395 1.185039 1.491346, 1.904679 1.185039 1.485998, 1.920320 1.185039 1.481807, 1.936231 1.185039 1.478796, 1.952322 1.185039 1.476983, 1.968504 1.185039 1.476378, 1.984686 1.185039 1.476983, 2.000777 1.185039 1.478796, 2.016688 1.185039 1.481807, 2.032329 1.185039 1.485998, 2.047613 1.185039 1.491346, 2.062455 1.185039 1.497822, 2.076772 1.185039 1.505388, 2.090483 1.185039 1.514003, 2.103512 1.185039 1.523619, 2.115785 1.185039 1.534182, 2.127236 1.185039 1.545632, 2.137798 1.185039 1.557906, 2.147414 1.185039 1.570935, 2.156029 1.185039 1.584646, 2.163596 1.185039 1.598962, 2.170071 1.185039 1.613804, 2.175419 1.185039 1.629088, 2.179610 1.185039 1.644730, 2.182621 1.185039 1.660640, 2.184434 1.185039 1.676732 ] } coordIndex [ 87 1 0 -1, 87 2 1 -1, 88 3 2 -1, 88 2 87 -1, 89 4 3 -1, 89 3 88 -1, 90 5 4 -1, 90 4 89 -1, 91 6 5 -1, 91 5 90 -1, 92 7 6 -1, 92 6 91 -1, 93 8 7 -1, 93 7 92 -1, 94 8 93 -1, 94 9 8 -1, 95 10 9 -1, 95 9 94 -1, 96 11 10 -1, 96 10 95 -1, 97 12 11 -1, 97 11 96 -1, 98 13 12 -1, 98 12 97 -1, 99 14 13 -1, 99 13 98 -1, 100 15 14 -1, 100 14 99 -1, 101 16 15 -1, 101 15 100 -1, 102 17 16 -1, 102 16 101 -1, 103 18 17 -1, 103 19 18 -1, 103 17 102 -1, 104 19 103 -1, 105 20 19 -1, 105 19 104 -1, 106 21 20 -1, 106 22 21 -1, 106 20 105 -1, 107 22 106 -1, 108 23 22 -1, 108 24 23 -1, 108 22 107 -1, 109 24 108 -1, 110 25 24 -1, 110 24 109 -1, 111 26 25 -1, 111 27 26 -1, 111 25 110 -1, 112 28 27 -1, 112 27 111 -1, 113 28 112 -1, 114 29 28 -1, 114 28 113 -1, 115 30 29 -1, 115 31 30 -1, 115 29 114 -1, 116 32 31 -1, 116 31 115 -1, 117 33 32 -1, 117 32 116 -1, 118 33 117 -1, 118 34 33 -1, 119 34 118 -1, 120 34 119 -1, 120 35 34 -1, 121 35 120 -1, 121 36 35 -1, 121 37 36 -1, 122 37 121 -1, 122 38 37 -1, 123 38 122 -1, 124 38 123 -1, 124 39 38 -1, 125 39 124 -1, 125 40 39 -1, 125 41 40 -1, 126 41 125 -1, 127 41 126 -1, 127 42 41 -1, 128 42 127 -1, 128 43 42 -1, 129 44 43 -1, 129 45 44 -1, 129 43 128 -1, 130 46 45 -1, 130 45 129 -1, 131 46 130 -1, 132 47 46 -1, 132 46 131 -1, 133 48 47 -1, 133 47 132 -1, 134 49 48 -1, 134 48 133 -1, 135 50 49 -1, 135 49 134 -1, 136 51 50 -1, 136 50 135 -1, 137 52 51 -1, 137 51 136 -1, 138 53 52 -1, 138 52 137 -1, 139 54 53 -1, 139 55 54 -1, 139 53 138 -1, 140 55 139 -1, 141 56 55 -1, 141 55 140 -1, 142 57 56 -1, 142 56 141 -1, 143 58 57 -1, 143 57 142 -1, 144 58 143 -1, 144 59 58 -1, 145 59 144 -1, 145 60 59 -1, 145 61 60 -1, 146 61 145 -1, 146 62 61 -1, 147 62 146 -1, 148 62 147 -1, 148 63 62 -1, 149 63 148 -1, 149 64 63 -1, 150 64 149 -1, 150 65 64 -1, 151 65 150 -1, 151 66 65 -1, 152 66 151 -1, 152 67 66 -1, 153 67 152 -1, 153 68 67 -1, 153 69 68 -1, 154 69 153 -1, 154 70 69 -1, 155 70 154 -1, 155 71 70 -1, 156 71 155 -1, 157 71 156 -1, 157 72 71 -1, 158 72 157 -1, 158 73 72 -1, 158 74 73 -1, 159 74 158 -1, 160 74 159 -1, 160 75 74 -1, 160 76 75 -1, 161 76 160 -1, 162 76 161 -1, 162 77 76 -1, 163 78 77 -1, 163 77 162 -1, 163 79 78 -1, 164 79 163 -1, 165 80 79 -1, 165 79 164 -1, 166 81 80 -1, 166 82 81 -1, 166 80 165 -1, 167 82 166 -1, 168 83 82 -1, 168 82 167 -1, 169 83 168 -1, 169 84 83 -1, 86 84 169 -1, 86 85 84 -1, 285 222 286 -1, 285 223 222 -1, 284 223 285 -1, 284 224 223 -1, 287 286 222 -1, 287 222 221 -1, 283 224 284 -1, 283 225 224 -1, 288 287 221 -1, 288 221 220 -1, 289 288 220 -1, 289 220 219 -1, 282 225 283 -1, 282 226 225 -1, 290 289 219 -1, 290 219 218 -1, 281 226 282 -1, 281 227 226 -1, 280 227 281 -1, 280 228 227 -1, 291 290 218 -1, 291 218 217 -1, 279 228 280 -1, 279 229 228 -1, 292 217 216 -1, 292 291 217 -1, 293 292 216 -1, 293 216 215 -1, 278 229 279 -1, 278 230 229 -1, 294 215 214 -1, 294 293 215 -1, 277 231 230 -1, 277 230 278 -1, 295 214 213 -1, 295 294 214 -1, 276 232 231 -1, 276 231 277 -1, 296 213 212 -1, 296 295 213 -1, 275 232 276 -1, 275 233 232 -1, 297 212 211 -1, 297 296 212 -1, 274 233 275 -1, 274 234 233 -1, 298 297 211 -1, 298 211 210 -1, 273 235 234 -1, 273 234 274 -1, 299 210 209 -1, 299 298 210 -1, 272 235 273 -1, 272 236 235 -1, 300 209 208 -1, 300 299 209 -1, 271 237 236 -1, 271 236 272 -1, 301 300 208 -1, 301 208 207 -1, 270 238 237 -1, 270 237 271 -1, 302 207 206 -1, 302 301 207 -1, 269 239 238 -1, 269 238 270 -1, 303 206 205 -1, 303 302 206 -1, 268 239 269 -1, 268 240 239 -1, 304 303 205 -1, 304 205 204 -1, 267 240 268 -1, 267 241 240 -1, 305 304 204 -1, 305 204 203 -1, 266 241 267 -1, 266 242 241 -1, 306 305 203 -1, 306 203 202 -1, 265 243 242 -1, 265 242 266 -1, 201 307 306 -1, 201 306 202 -1, 244 243 265 -1, 244 265 264 -1, 308 307 201 -1, 200 308 201 -1, 245 244 264 -1, 245 264 263 -1, 199 309 308 -1, 199 308 200 -1, 246 245 263 -1, 246 262 261 -1, 246 263 262 -1, 198 310 309 -1, 198 309 199 -1, 247 246 261 -1, 197 311 310 -1, 197 310 198 -1, 248 247 261 -1, 248 260 259 -1, 248 261 260 -1, 196 312 311 -1, 196 311 197 -1, 249 248 259 -1, 195 313 312 -1, 195 312 196 -1, 250 249 259 -1, 250 259 258 -1, 194 313 195 -1, 194 314 313 -1, 251 250 258 -1, 251 257 256 -1, 251 258 257 -1, 193 314 194 -1, 193 315 314 -1, 252 251 256 -1, 192 316 315 -1, 192 315 193 -1, 253 252 256 -1, 253 256 255 -1, 191 317 316 -1, 191 318 317 -1, 191 316 192 -1, 170 253 255 -1, 170 254 337 -1, 170 255 254 -1, 171 170 337 -1, 190 318 191 -1, 189 318 190 -1, 189 319 318 -1, 189 320 319 -1, 172 171 337 -1, 172 337 336 -1, 173 335 334 -1, 173 336 335 -1, 173 172 336 -1, 188 320 189 -1, 174 173 334 -1, 187 321 320 -1, 187 322 321 -1, 187 320 188 -1, 186 322 187 -1, 175 333 332 -1, 175 334 333 -1, 175 174 334 -1, 185 323 322 -1, 185 322 186 -1, 176 175 332 -1, 176 332 331 -1, 177 331 330 -1, 177 176 331 -1, 184 324 323 -1, 184 323 185 -1, 183 324 184 -1, 183 325 324 -1, 178 177 330 -1, 178 330 329 -1, 179 329 328 -1, 179 178 329 -1, 182 326 325 -1, 182 327 326 -1, 182 325 183 -1, 180 328 327 -1, 180 179 328 -1, 181 327 182 -1, 181 180 327 -1, 453 454 390 -1, 453 390 391 -1, 452 453 391 -1, 452 391 392 -1, 455 390 454 -1, 455 389 390 -1, 451 452 392 -1, 451 392 393 -1, 456 389 455 -1, 456 388 389 -1, 457 388 456 -1, 457 387 388 -1, 450 451 393 -1, 450 393 394 -1, 458 387 457 -1, 458 386 387 -1, 449 450 394 -1, 449 394 395 -1, 448 449 395 -1, 448 395 396 -1, 459 386 458 -1, 459 385 386 -1, 447 448 396 -1, 447 396 397 -1, 460 384 385 -1, 460 385 459 -1, 461 384 460 -1, 461 383 384 -1, 446 447 397 -1, 446 397 398 -1, 462 382 383 -1, 462 383 461 -1, 445 398 399 -1, 445 446 398 -1, 463 381 382 -1, 463 382 462 -1, 444 399 400 -1, 444 445 399 -1, 464 380 381 -1, 464 381 463 -1, 443 444 400 -1, 443 400 401 -1, 465 379 380 -1, 465 380 464 -1, 442 443 401 -1, 442 401 402 -1, 466 379 465 -1, 466 378 379 -1, 441 402 403 -1, 441 442 402 -1, 467 377 378 -1, 467 378 466 -1, 440 441 403 -1, 440 403 404 -1, 468 376 377 -1, 468 377 467 -1, 439 404 405 -1, 439 440 404 -1, 469 376 468 -1, 469 375 376 -1, 438 405 406 -1, 438 439 405 -1, 470 374 375 -1, 470 375 469 -1, 437 406 407 -1, 437 438 406 -1, 471 373 374 -1, 471 374 470 -1, 436 437 407 -1, 436 407 408 -1, 472 373 471 -1, 472 372 373 -1, 435 436 408 -1, 435 408 409 -1, 473 372 472 -1, 473 371 372 -1, 434 435 409 -1, 434 409 410 -1, 474 371 473 -1, 474 370 371 -1, 433 410 411 -1, 433 434 410 -1, 369 474 475 -1, 369 370 474 -1, 412 433 411 -1, 412 432 433 -1, 476 369 475 -1, 368 369 476 -1, 413 432 412 -1, 413 431 432 -1, 367 476 477 -1, 367 368 476 -1, 414 431 413 -1, 414 429 430 -1, 414 430 431 -1, 366 477 478 -1, 366 367 477 -1, 415 429 414 -1, 365 478 479 -1, 365 366 478 -1, 416 429 415 -1, 416 427 428 -1, 416 428 429 -1, 364 479 480 -1, 364 365 479 -1, 417 427 416 -1, 363 480 481 -1, 363 364 480 -1, 418 427 417 -1, 418 426 427 -1, 362 363 481 -1, 362 481 482 -1, 419 426 418 -1, 419 424 425 -1, 419 425 426 -1, 361 362 482 -1, 361 482 483 -1, 420 424 419 -1, 360 483 484 -1, 360 361 483 -1, 421 424 420 -1, 421 423 424 -1, 359 484 485 -1, 359 485 486 -1, 359 360 484 -1, 338 423 421 -1, 338 505 422 -1, 338 422 423 -1, 339 505 338 -1, 358 359 486 -1, 357 358 486 -1, 357 486 487 -1, 357 487 488 -1, 340 505 339 -1, 340 504 505 -1, 341 502 503 -1, 341 503 504 -1, 341 504 340 -1, 356 357 488 -1, 342 502 341 -1, 355 488 489 -1, 355 489 490 -1, 355 356 488 -1, 354 355 490 -1, 343 500 501 -1, 343 501 502 -1, 343 502 342 -1, 353 490 491 -1, 353 354 490 -1, 344 500 343 -1, 344 499 500 -1, 345 498 499 -1, 345 499 344 -1, 352 491 492 -1, 352 353 491 -1, 351 352 492 -1, 351 492 493 -1, 346 498 345 -1, 346 497 498 -1, 347 496 497 -1, 347 497 346 -1, 350 493 494 -1, 350 494 495 -1, 350 351 493 -1, 348 495 496 -1, 348 496 347 -1, 349 350 495 -1, 349 495 348 -1, 589 591 675 -1, 589 590 591 -1, 588 675 674 -1, 588 589 675 -1, 587 674 673 -1, 587 588 674 -1, 586 673 672 -1, 586 587 673 -1, 585 672 671 -1, 585 586 672 -1, 584 671 670 -1, 584 585 671 -1, 583 584 670 -1, 583 670 669 -1, 582 583 669 -1, 582 669 668 -1, 581 582 668 -1, 581 668 667 -1, 580 581 667 -1, 580 667 666 -1, 579 580 666 -1, 579 666 665 -1, 578 579 665 -1, 578 665 664 -1, 577 578 664 -1, 577 664 663 -1, 576 577 663 -1, 576 663 662 -1, 575 576 662 -1, 575 661 660 -1, 575 662 661 -1, 574 575 660 -1, 573 574 660 -1, 573 660 659 -1, 572 573 659 -1, 572 658 657 -1, 572 659 658 -1, 571 572 657 -1, 570 657 656 -1, 570 571 657 -1, 569 656 655 -1, 569 570 656 -1, 568 654 653 -1, 568 655 654 -1, 568 569 655 -1, 567 568 653 -1, 566 653 652 -1, 566 567 653 -1, 565 652 651 -1, 565 566 652 -1, 564 651 650 -1, 564 565 651 -1, 563 649 648 -1, 563 650 649 -1, 563 564 650 -1, 562 563 648 -1, 561 648 647 -1, 561 562 648 -1, 560 647 646 -1, 560 561 647 -1, 559 646 645 -1, 559 560 646 -1, 558 559 645 -1, 558 645 644 -1, 557 558 644 -1, 557 644 643 -1, 556 557 643 -1, 556 643 642 -1, 555 556 642 -1, 555 642 641 -1, 554 555 641 -1, 554 641 640 -1, 553 554 640 -1, 553 640 639 -1, 552 553 639 -1, 552 639 638 -1, 551 638 637 -1, 551 552 638 -1, 550 637 636 -1, 550 551 637 -1, 549 635 634 -1, 549 636 635 -1, 549 550 636 -1, 548 634 633 -1, 548 549 634 -1, 547 548 633 -1, 546 633 632 -1, 546 547 633 -1, 545 632 631 -1, 545 546 632 -1, 544 631 630 -1, 544 545 631 -1, 543 630 629 -1, 543 544 630 -1, 542 629 628 -1, 542 543 629 -1, 541 628 627 -1, 541 542 628 -1, 540 627 626 -1, 540 541 627 -1, 539 626 625 -1, 539 540 626 -1, 538 625 624 -1, 538 539 625 -1, 537 624 623 -1, 537 538 624 -1, 536 623 622 -1, 536 537 623 -1, 535 622 621 -1, 535 536 622 -1, 534 620 619 -1, 534 621 620 -1, 534 535 621 -1, 533 619 618 -1, 533 534 619 -1, 532 533 618 -1, 531 532 618 -1, 531 617 616 -1, 531 618 617 -1, 530 531 616 -1, 530 616 615 -1, 529 530 615 -1, 528 615 614 -1, 528 529 615 -1, 527 613 612 -1, 527 614 613 -1, 527 528 614 -1, 526 527 612 -1, 525 612 611 -1, 525 526 612 -1, 524 610 609 -1, 524 611 610 -1, 524 525 611 -1, 523 609 608 -1, 523 524 609 -1, 522 523 608 -1, 521 608 607 -1, 521 522 608 -1, 520 521 607 -1, 520 606 605 -1, 520 607 606 -1, 519 520 605 -1, 518 519 605 -1, 518 604 603 -1, 518 605 604 -1, 517 518 603 -1, 517 603 602 -1, 516 517 602 -1, 515 516 602 -1, 515 601 600 -1, 515 602 601 -1, 514 515 600 -1, 513 514 600 -1, 513 600 599 -1, 512 513 599 -1, 512 598 597 -1, 512 599 598 -1, 511 512 597 -1, 510 511 597 -1, 510 596 595 -1, 510 597 596 -1, 509 510 595 -1, 508 509 595 -1, 508 595 594 -1, 507 508 594 -1, 507 594 593 -1, 506 507 593 -1, 506 593 592 -1 ] } }
Shape { appearance Appearance { material Material { diffuseColor 0.64 0.66 0.69 specularColor .4 .4 .4 shininess .5 } } geometry IndexedFaceSet { solid FALSE coord Coordinate { point [ -3.228346 0.354331 3.267717, -3.228346 0.354331 3.818898, -3.228346 1.141732 3.267717, -3.228346 1.141732 3.818898, -2.755906 0.354331 3.267717, -2.755906 0.354331 3.818898, -2.755906 1.141732 3.267717, -2.755906 1.141732 3.818898, -3.228346 0.354331 3.267717, -2.755906 0.354331 3.267717, -3.228346 0.354331 3.818898, -2.755906 0.354331 3.818898, -3.228346 1.141732 3.267717, -2.755906 1.141732 3.267717, -3.228346 1.141732 3.818898, -2.755906 1.141732 3.818898, -3.228346 0.354331 3.267717, -3.228346 1.141732 3.267717, -2.755906 0.354331 3.267717, -2.755906 1.141732 3.267717, -3.228346 0.354331 3.818898, -3.228346 1.141732 3.818898, -2.755906 0.354331 3.818898, -2.755906 1.141732 3.818898 ] } coordIndex [ 1 2 0 -1, 1 3 2 -1, 5 4 6 -1, 5 6 7 -1, 10 8 9 -1, 11 10 9 -1, 14 13 12 -1, 15 13 14 -1, 19 16 17 -1, 19 18 16 -1, 23 21 20 -1, 23 20 22 -1 ] } }
Shape { appearance Appearance { material Material { diffuseColor 0.64 0.66 0.69 specularColor .4 .4 .4 shininess .5 } } geometry IndexedFaceSet { solid FALSE coord Coordinate { point [ -3.228346 0.354331 6.023622, -3.228346 0.354331 6.574803, -3.228346 1.141732 6.023622, -3.228346 1.141732 6.574803, -2.755906 0.354331 6.023622, -2.755906 0.354331 6.574803, -2.755906 1.141732 6.023622, -2.755906 1.141732 6.574803, -3.228346 0.354331 6.023622, -2.755906 0.354331 6.023622, -3.228346 0.354331 6.574803, -2.755906 0.354331 6.574803, -3.228346 1.141732 6.023622, -2.755906 1.141732 6.023622, -3.228346 1.141732 6.574803, -2.755906 1.141732 6.574803, -3.228346 0.354331 6.023622, -3.228346 1.141732 6.023622, -2.755906 0.354331 6.023622, -2.755906 1.141732 6.023622, -3.228346 0.354331 6.574803, -3.228346 1.141732 6.574803, -2.755906 0.354331 6.574803, -2.755906 1.141732 6.574803 ] } coordIndex [ 1 2 0 -1, 1 3 2 -1, 5 4 6 -1, 5 6 7 -1, 10 8 9 -1, 11 10 9 -1, 14 13 12 -1, 15 13 14 -1, 19 16 17 -1, 19 18 16 -1, 23 21 20 -1, 23 20 22 -1 ] } }
Shape { appearance Appearance { material Material { diffuseColor 0.64 0.66 0.69 specularColor .4 .4 .4 shininess .5 } } geometry IndexedFaceSet { solid FALSE coord Coordinate { point [ 2.755906 0.354331 3.267717, 2.755906 0.354331 3.818898, 2.755906 1.141732 3.267717, 2.755906 1.141732 3.818898, 3.228346 0.354331 3.267717, 3.228346 0.354331 3.818898, 3.228346 1.141732 3.267717, 3.228346 1.141732 3.818898, 2.755906 0.354331 3.267717, 3.228346 0.354331 3.267717, 2.755906 0.354331 3.818898, 3.228346 0.354331 3.818898, 2.755906 1.141732 3.267717, 3.228346 1.141732 3.267717, 2.755906 1.141732 3.818898, 3.228346 1.141732 3.818898, 2.755906 0.354331 3.267717, 2.755906 1.141732 3.267717, 3.228346 0.354331 3.267717, 3.228346 1.141732 3.267717, 2.755906 0.354331 3.818898, 2.755906 1.141732 3.818898, 3.228346 0.354331 3.818898, 3.228346 1.141732 3.818898 ] } coordIndex [ 1 2 0 -1, 1 3 2 -1, 5 4 6 -1, 5 6 7 -1, 10 8 9 -1, 11 10 9 -1, 14 13 12 -1, 15 13 14 -1, 19 16 17 -1, 19 18 16 -1, 23 21 20 -1, 23 20 22 -1 ] } }
Shape { appearance Appearance { material Material { diffuseColor 0.64 0.66 0.69 specularColor .4 .4 .4 shininess .5 } } geometry IndexedFaceSet { solid FALSE coord Coordinate { point [ 2.755906 0.354331 6.023622, 2.755906 0.354331 6.574803, 2.755906 1.141732 6.023622, 2.755906 1.141732 6.574803, 3.228346 0.354331 6.023622, 3.228346 0.354331 6.574803, 3.228346 1.141732 6.023622, 3.228346 1.141732 6.574803, 2.755906 0.354331 6.023622, 3.228346 0.354331 6.023622, 2.755906 0.354331 6.574803, 3.228346 0.354331 6.574803, 2.755906 1.141732 6.023622, 3.228346 1.141732 6.023622, 2.755906 1.141732 6.574803, 3.228346 1.141732 6.574803, 2.755906 0.354331 6.023622, 2.755906 1.141732 6.023622, 3.228346 0.354331 6.023622, 3.228346 1.141732 6.023622, 2.755906 0.354331 6.574803, 2.755906 1.141732 6.574803, 3.228346 0.354331 6.574803, 3.228346 1.141732 6.574803 ] } coordIndex [ 1 2 0 -1, 1 3 2 -1, 5 4 6 -1, 5 6 7 -1, 10 8 9 -1, 11 10 9 -1, 14 13 12 -1, 15 13 14 -1, 19 16 17 -1, 19 18 16 -1, 23 21 20 -1, 23 20 22 -1 ] } }
